mode: set
github.com/fall_out_bug/sdp-trace/internal/adaptercapture/adaptercapture.go:3.45,8.50 3 1
github.com/fall_out_bug/sdp-trace/internal/adaptercapture/adaptercapture.go:8.50,11.3 1 1
github.com/fall_out_bug/sdp-trace/internal/adaptercapture/adaptercapture.go:13.2,15.15 3 1
github.com/fall_out_bug/sdp-trace/internal/adaptercapture/adaptercapture_assessment.go:3.60,20.2 1 1
github.com/fall_out_bug/sdp-trace/internal/adaptercapture/adaptercapture_assessment.go:22.78,33.2 1 1
github.com/fall_out_bug/sdp-trace/internal/adaptercapture/adaptercapture_binding_chain.go:3.79,7.47 1 1
github.com/fall_out_bug/sdp-trace/internal/adaptercapture/adaptercapture_binding_chain.go:7.47,10.3 1 1
github.com/fall_out_bug/sdp-trace/internal/adaptercapture/adaptercapture_binding_chain.go:11.2,11.35 1 1
github.com/fall_out_bug/sdp-trace/internal/adaptercapture/adaptercapture_binding_chain.go:11.35,14.3 1 1
github.com/fall_out_bug/sdp-trace/internal/adaptercapture/adaptercapture_binding_chain.go:15.2,15.20 1 1
github.com/fall_out_bug/sdp-trace/internal/adaptercapture/adaptercapture_binding_chain.go:18.63,20.2 1 1
github.com/fall_out_bug/sdp-trace/internal/adaptercapture/adaptercapture_binding_chain.go:22.54,24.2 1 1
github.com/fall_out_bug/sdp-trace/internal/adaptercapture/adaptercapture_binding_chain.go:26.83,30.52 1 1
github.com/fall_out_bug/sdp-trace/internal/adaptercapture/adaptercapture_binding_chain.go:30.52,33.3 1 1
github.com/fall_out_bug/sdp-trace/internal/adaptercapture/adaptercapture_binding_chain.go:34.2,34.95 1 1
github.com/fall_out_bug/sdp-trace/internal/adaptercapture/adaptercapture_binding_chain.go:34.95,37.3 1 1
github.com/fall_out_bug/sdp-trace/internal/adaptercapture/adaptercapture_binding_chain.go:38.2,38.20 1 0
github.com/fall_out_bug/sdp-trace/internal/adaptercapture/adaptercapture_binding_chain.go:41.75,50.2 1 1
github.com/fall_out_bug/sdp-trace/internal/adaptercapture/adaptercapture_binding_run.go:3.53,6.29 1 1
github.com/fall_out_bug/sdp-trace/internal/adaptercapture/adaptercapture_binding_run.go:6.29,9.3 1 1
github.com/fall_out_bug/sdp-trace/internal/adaptercapture/adaptercapture_binding_run.go:10.2,10.42 1 1
github.com/fall_out_bug/sdp-trace/internal/adaptercapture/adaptercapture_binding_run.go:10.42,11.83 1 1
github.com/fall_out_bug/sdp-trace/internal/adaptercapture/adaptercapture_binding_run.go:11.83,13.4 1 1
github.com/fall_out_bug/sdp-trace/internal/adaptercapture/adaptercapture_binding_run.go:15.2,15.141 1 1
github.com/fall_out_bug/sdp-trace/internal/adaptercapture/adaptercapture_binding_run.go:18.47,20.2 1 1
github.com/fall_out_bug/sdp-trace/internal/adaptercapture/adaptercapture_binding_run.go:22.85,26.49 1 1
github.com/fall_out_bug/sdp-trace/internal/adaptercapture/adaptercapture_binding_run.go:26.49,28.3 1 1
github.com/fall_out_bug/sdp-trace/internal/adaptercapture/adaptercapture_binding_run.go:30.2,30.53 1 1
github.com/fall_out_bug/sdp-trace/internal/adaptercapture/adaptercapture_binding_run.go:33.86,38.27 1 1
github.com/fall_out_bug/sdp-trace/internal/adaptercapture/adaptercapture_binding_run.go:39.24,40.47 1 1
github.com/fall_out_bug/sdp-trace/internal/adaptercapture/adaptercapture_binding_run.go:41.28,42.51 1 1
github.com/fall_out_bug/sdp-trace/internal/adaptercapture/adaptercapture_binding_run.go:43.10,44.174 1 1
github.com/fall_out_bug/sdp-trace/internal/adaptercapture/adaptercapture_binding_run.go:48.80,50.2 1 1
github.com/fall_out_bug/sdp-trace/internal/adaptercapture/adaptercapture_conditions.go:3.46,5.2 1 1
github.com/fall_out_bug/sdp-trace/internal/adaptercapture/adaptercapture_conditions.go:7.54,9.2 1 1
github.com/fall_out_bug/sdp-trace/internal/adaptercapture/adaptercapture_conditions.go:11.62,13.2 1 1
github.com/fall_out_bug/sdp-trace/internal/adaptercapture/adaptercapture_contract_condition.go:3.51,6.33 1 1
github.com/fall_out_bug/sdp-trace/internal/adaptercapture/adaptercapture_contract_condition.go:6.33,8.3 1 0
github.com/fall_out_bug/sdp-trace/internal/adaptercapture/adaptercapture_contract_condition.go:10.2,10.55 1 1
github.com/fall_out_bug/sdp-trace/internal/adaptercapture/adaptercapture_contract_condition.go:13.67,17.31 2 1
github.com/fall_out_bug/sdp-trace/internal/adaptercapture/adaptercapture_contract_condition.go:17.31,18.37 1 1
github.com/fall_out_bug/sdp-trace/internal/adaptercapture/adaptercapture_contract_condition.go:18.37,21.4 1 1
github.com/fall_out_bug/sdp-trace/internal/adaptercapture/adaptercapture_contract_condition.go:22.3,22.46 1 1
github.com/fall_out_bug/sdp-trace/internal/adaptercapture/adaptercapture_contract_condition.go:22.46,25.4 1 1
github.com/fall_out_bug/sdp-trace/internal/adaptercapture/adaptercapture_contract_condition.go:27.2,27.126 1 1
github.com/fall_out_bug/sdp-trace/internal/adaptercapture/adaptercapture_contract_helpers.go:3.55,5.2 1 1
github.com/fall_out_bug/sdp-trace/internal/adaptercapture/adaptercapture_contract_helpers.go:7.59,9.2 1 1
github.com/fall_out_bug/sdp-trace/internal/adaptercapture/adaptercapture_contract_helpers.go:11.58,13.2 1 1
github.com/fall_out_bug/sdp-trace/internal/adaptercapture/adaptercapture_contract_helpers.go:15.80,19.32 1 1
github.com/fall_out_bug/sdp-trace/internal/adaptercapture/adaptercapture_contract_helpers.go:19.32,22.3 1 1
github.com/fall_out_bug/sdp-trace/internal/adaptercapture/adaptercapture_contract_helpers.go:23.2,24.15 2 1
github.com/fall_out_bug/sdp-trace/internal/adaptercapture/adaptercapture_contract_helpers.go:24.15,27.3 1 1
github.com/fall_out_bug/sdp-trace/internal/adaptercapture/adaptercapture_contract_helpers.go:28.2,29.14 2 1
github.com/fall_out_bug/sdp-trace/internal/adaptercapture/adaptercapture_contract_helpers.go:32.56,34.2 1 1
github.com/fall_out_bug/sdp-trace/internal/adaptercapture/adaptercapture_event_presence.go:3.58,7.50 1 1
github.com/fall_out_bug/sdp-trace/internal/adaptercapture/adaptercapture_event_presence.go:7.50,8.28 1 1
github.com/fall_out_bug/sdp-trace/internal/adaptercapture/adaptercapture_event_presence.go:8.28,11.4 1 1
github.com/fall_out_bug/sdp-trace/internal/adaptercapture/adaptercapture_event_presence.go:13.2,13.14 1 0
github.com/fall_out_bug/sdp-trace/internal/adaptercapture/adaptercapture_event_presence.go:16.58,20.56 1 1
github.com/fall_out_bug/sdp-trace/internal/adaptercapture/adaptercapture_event_presence.go:20.56,21.31 1 0
github.com/fall_out_bug/sdp-trace/internal/adaptercapture/adaptercapture_event_presence.go:21.31,24.4 1 0
github.com/fall_out_bug/sdp-trace/internal/adaptercapture/adaptercapture_event_presence.go:26.2,26.14 1 1
github.com/fall_out_bug/sdp-trace/internal/adaptercapture/adaptercapture_event_presence.go:29.61,33.31 1 1
github.com/fall_out_bug/sdp-trace/internal/adaptercapture/adaptercapture_event_presence.go:33.31,34.35 1 1
github.com/fall_out_bug/sdp-trace/internal/adaptercapture/adaptercapture_event_presence.go:34.35,37.4 1 1
github.com/fall_out_bug/sdp-trace/internal/adaptercapture/adaptercapture_event_presence.go:39.2,39.14 1 1
github.com/fall_out_bug/sdp-trace/internal/adaptercapture/adaptercapture_identity.go:3.51,6.42 1 1
github.com/fall_out_bug/sdp-trace/internal/adaptercapture/adaptercapture_identity.go:6.42,7.60 1 1
github.com/fall_out_bug/sdp-trace/internal/adaptercapture/adaptercapture_identity.go:7.60,10.4 1 0
github.com/fall_out_bug/sdp-trace/internal/adaptercapture/adaptercapture_identity.go:12.2,12.142 1 1
github.com/fall_out_bug/sdp-trace/internal/adaptercapture/adaptercapture_identity.go:15.70,19.35 1 1
github.com/fall_out_bug/sdp-trace/internal/adaptercapture/adaptercapture_identity.go:19.35,22.3 1 0
github.com/fall_out_bug/sdp-trace/internal/adaptercapture/adaptercapture_identity.go:23.2,23.50 1 1
github.com/fall_out_bug/sdp-trace/internal/adaptercapture/adaptercapture_identity.go:23.50,26.3 1 0
github.com/fall_out_bug/sdp-trace/internal/adaptercapture/adaptercapture_identity.go:27.2,27.27 1 1
github.com/fall_out_bug/sdp-trace/internal/adaptercapture/adaptercapture_identity.go:30.54,32.2 1 1
github.com/fall_out_bug/sdp-trace/internal/adaptercapture/adaptercapture_identity.go:34.48,36.2 1 1
github.com/fall_out_bug/sdp-trace/internal/adaptercapture/adaptercapture_model.go:3.56,6.42 1 1
github.com/fall_out_bug/sdp-trace/internal/adaptercapture/adaptercapture_model.go:6.42,7.43 1 1
github.com/fall_out_bug/sdp-trace/internal/adaptercapture/adaptercapture_model.go:7.43,10.4 1 0
github.com/fall_out_bug/sdp-trace/internal/adaptercapture/adaptercapture_model.go:12.2,12.28 1 1
github.com/fall_out_bug/sdp-trace/internal/adaptercapture/adaptercapture_model.go:12.28,15.3 1 0
github.com/fall_out_bug/sdp-trace/internal/adaptercapture/adaptercapture_model.go:16.2,16.150 1 1
github.com/fall_out_bug/sdp-trace/internal/adaptercapture/adaptercapture_model.go:19.73,21.2 1 1
github.com/fall_out_bug/sdp-trace/internal/adaptercapture/adaptercapture_model.go:23.74,25.2 1 1
github.com/fall_out_bug/sdp-trace/internal/adaptercapture/adaptercapture_overclaim_condition.go:3.52,6.54 1 1
github.com/fall_out_bug/sdp-trace/internal/adaptercapture/adaptercapture_overclaim_condition.go:6.54,9.3 1 1
github.com/fall_out_bug/sdp-trace/internal/adaptercapture/adaptercapture_overclaim_condition.go:10.2,10.47 1 1
github.com/fall_out_bug/sdp-trace/internal/adaptercapture/adaptercapture_overclaim_condition.go:10.47,13.3 1 1
github.com/fall_out_bug/sdp-trace/internal/adaptercapture/adaptercapture_overclaim_condition.go:14.2,14.138 1 1
github.com/fall_out_bug/sdp-trace/internal/adaptercapture/adaptercapture_overclaim_condition.go:17.64,21.36 1 1
github.com/fall_out_bug/sdp-trace/internal/adaptercapture/adaptercapture_overclaim_condition.go:21.36,22.37 1 1
github.com/fall_out_bug/sdp-trace/internal/adaptercapture/adaptercapture_overclaim_condition.go:22.37,25.4 1 1
github.com/fall_out_bug/sdp-trace/internal/adaptercapture/adaptercapture_overclaim_condition.go:27.2,27.14 1 1
github.com/fall_out_bug/sdp-trace/internal/adaptercapture/adaptercapture_overclaim_condition.go:30.57,34.31 1 1
github.com/fall_out_bug/sdp-trace/internal/adaptercapture/adaptercapture_overclaim_condition.go:34.31,35.36 1 1
github.com/fall_out_bug/sdp-trace/internal/adaptercapture/adaptercapture_overclaim_condition.go:35.36,38.4 1 1
github.com/fall_out_bug/sdp-trace/internal/adaptercapture/adaptercapture_overclaim_condition.go:40.2,40.14 1 1
github.com/fall_out_bug/sdp-trace/internal/adaptercapture/adaptercapture_overclaim_condition.go:43.59,47.2 1 1
github.com/fall_out_bug/sdp-trace/internal/adaptercapture/adaptercapture_overclaim_condition.go:49.61,51.2 1 1
github.com/fall_out_bug/sdp-trace/internal/adaptercapture/adaptercapture_overclaim_event_helpers.go:3.54,5.2 1 1
github.com/fall_out_bug/sdp-trace/internal/adaptercapture/adaptercapture_overclaim_event_helpers.go:7.56,9.2 1 1
github.com/fall_out_bug/sdp-trace/internal/adaptercapture/adaptercapture_provider_refs.go:3.55,6.49 1 1
github.com/fall_out_bug/sdp-trace/internal/adaptercapture/adaptercapture_provider_refs.go:6.49,9.3 1 0
github.com/fall_out_bug/sdp-trace/internal/adaptercapture/adaptercapture_provider_refs.go:10.2,10.63 1 1
github.com/fall_out_bug/sdp-trace/internal/adaptercapture/adaptercapture_provider_refs.go:10.63,13.3 1 1
github.com/fall_out_bug/sdp-trace/internal/adaptercapture/adaptercapture_provider_refs.go:14.2,14.116 1 1
github.com/fall_out_bug/sdp-trace/internal/adaptercapture/adaptercapture_provider_refs.go:17.57,21.27 1 1
github.com/fall_out_bug/sdp-trace/internal/adaptercapture/adaptercapture_provider_refs.go:21.27,22.37 1 1
github.com/fall_out_bug/sdp-trace/internal/adaptercapture/adaptercapture_provider_refs.go:22.37,25.4 1 0
github.com/fall_out_bug/sdp-trace/internal/adaptercapture/adaptercapture_provider_refs.go:27.2,27.14 1 1
github.com/fall_out_bug/sdp-trace/internal/adaptercapture/adaptercapture_provider_refs.go:30.73,34.31 1 1
github.com/fall_out_bug/sdp-trace/internal/adaptercapture/adaptercapture_provider_refs.go:34.31,35.44 1 1
github.com/fall_out_bug/sdp-trace/internal/adaptercapture/adaptercapture_provider_refs.go:35.44,38.4 1 1
github.com/fall_out_bug/sdp-trace/internal/adaptercapture/adaptercapture_provider_refs.go:40.2,40.14 1 1
github.com/fall_out_bug/sdp-trace/internal/adaptercapture/adaptercapture_provider_refs.go:43.54,45.2 1 1
github.com/fall_out_bug/sdp-trace/internal/adaptercapture/adaptercapture_provider_refs.go:47.62,49.2 1 1
github.com/fall_out_bug/sdp-trace/internal/adaptercapture/adaptercapture_redaction.go:3.60,6.42 1 1
github.com/fall_out_bug/sdp-trace/internal/adaptercapture/adaptercapture_redaction.go:6.42,7.84 1 1
github.com/fall_out_bug/sdp-trace/internal/adaptercapture/adaptercapture_redaction.go:7.84,10.4 1 1
github.com/fall_out_bug/sdp-trace/internal/adaptercapture/adaptercapture_redaction.go:12.2,12.151 1 1
github.com/fall_out_bug/sdp-trace/internal/adaptercapture/adaptercapture_redaction.go:15.71,19.42 1 1
github.com/fall_out_bug/sdp-trace/internal/adaptercapture/adaptercapture_redaction.go:19.42,22.3 1 1
github.com/fall_out_bug/sdp-trace/internal/adaptercapture/adaptercapture_redaction.go:23.2,23.45 1 1
github.com/fall_out_bug/sdp-trace/internal/adaptercapture/adaptercapture_redaction.go:23.45,26.3 1 1
github.com/fall_out_bug/sdp-trace/internal/adaptercapture/adaptercapture_redaction.go:27.2,27.36 1 1
github.com/fall_out_bug/sdp-trace/internal/adaptercapture/adaptercapture_redaction.go:27.36,30.3 1 1
github.com/fall_out_bug/sdp-trace/internal/adaptercapture/adaptercapture_redaction.go:31.2,31.20 1 1
github.com/fall_out_bug/sdp-trace/internal/adaptercapture/adaptercapture_redaction.go:34.61,39.2 1 1
github.com/fall_out_bug/sdp-trace/internal/adaptercapture/adaptercapture_redaction.go:41.64,43.2 1 1
github.com/fall_out_bug/sdp-trace/internal/adaptercapture/adaptercapture_redaction.go:45.55,47.2 1 1
github.com/fall_out_bug/sdp-trace/internal/adaptercapture/adaptercapture_result_lists.go:7.47,11.39 2 1
github.com/fall_out_bug/sdp-trace/internal/adaptercapture/adaptercapture_result_lists.go:11.39,12.35 1 1
github.com/fall_out_bug/sdp-trace/internal/adaptercapture/adaptercapture_result_lists.go:12.35,15.4 1 1
github.com/fall_out_bug/sdp-trace/internal/adaptercapture/adaptercapture_result_lists.go:17.2,18.12 2 1
github.com/fall_out_bug/sdp-trace/internal/adaptercapture/adaptercapture_result_lists.go:21.51,25.39 2 1
github.com/fall_out_bug/sdp-trace/internal/adaptercapture/adaptercapture_result_lists.go:25.39,28.3 1 1
github.com/fall_out_bug/sdp-trace/internal/adaptercapture/adaptercapture_result_lists.go:29.2,30.26 2 1
github.com/fall_out_bug/sdp-trace/internal/adaptercapture/adaptercapture_result_lists.go:30.26,32.3 1 1
github.com/fall_out_bug/sdp-trace/internal/adaptercapture/adaptercapture_result_lists.go:33.2,34.12 2 1
github.com/fall_out_bug/sdp-trace/internal/adaptercapture/adaptercapture_result_lists.go:37.62,41.64 1 1
github.com/fall_out_bug/sdp-trace/internal/adaptercapture/adaptercapture_result_lists.go:41.64,44.3 1 1
github.com/fall_out_bug/sdp-trace/internal/adaptercapture/adaptercapture_result_top.go:3.46,7.39 2 1
github.com/fall_out_bug/sdp-trace/internal/adaptercapture/adaptercapture_result_top.go:7.39,8.35 1 1
github.com/fall_out_bug/sdp-trace/internal/adaptercapture/adaptercapture_result_top.go:8.35,11.4 1 1
github.com/fall_out_bug/sdp-trace/internal/adaptercapture/adaptercapture_result_top.go:12.3,12.26 1 1
github.com/fall_out_bug/sdp-trace/internal/adaptercapture/adaptercapture_result_top.go:13.128,15.31 1 1
github.com/fall_out_bug/sdp-trace/internal/adaptercapture/adaptercapture_result_top.go:18.2,18.16 1 1
github.com/fall_out_bug/sdp-trace/internal/adaptercapture/adaptercapture_retention_modes.go:3.43,5.2 1 1
github.com/fall_out_bug/sdp-trace/internal/adaptercapture/adaptercapture_secret_helpers.go:7.54,11.31 1 1
github.com/fall_out_bug/sdp-trace/internal/adaptercapture/adaptercapture_secret_helpers.go:11.31,12.28 1 1
github.com/fall_out_bug/sdp-trace/internal/adaptercapture/adaptercapture_secret_helpers.go:12.28,15.4 1 1
github.com/fall_out_bug/sdp-trace/internal/adaptercapture/adaptercapture_secret_helpers.go:17.2,17.14 1 1
github.com/fall_out_bug/sdp-trace/internal/adaptercapture/adaptercapture_secret_helpers.go:20.46,22.2 1 1
github.com/fall_out_bug/sdp-trace/internal/adaptercapture/adaptercapture_secret_markers.go:3.40,7.17 1 1
github.com/fall_out_bug/sdp-trace/internal/adaptercapture/adaptercapture_secret_markers.go:7.17,9.3 1 1
github.com/fall_out_bug/sdp-trace/internal/adaptercapture/adaptercapture_secret_markers.go:11.2,11.39 1 1
github.com/fall_out_bug/sdp-trace/internal/adaptercapture/adaptercapture_secret_markers.go:11.39,12.34 1 1
github.com/fall_out_bug/sdp-trace/internal/adaptercapture/adaptercapture_secret_markers.go:12.34,15.4 1 1
github.com/fall_out_bug/sdp-trace/internal/adaptercapture/adaptercapture_secret_markers.go:17.2,17.14 1 1
github.com/fall_out_bug/sdp-trace/internal/adaptercapture/adaptercapture_sensitive_events.go:3.44,5.2 1 1
github.com/fall_out_bug/sdp-trace/internal/adaptercapture/adaptercapture_task.go:3.52,6.28 1 1
github.com/fall_out_bug/sdp-trace/internal/adaptercapture/adaptercapture_task.go:6.28,9.3 1 0
github.com/fall_out_bug/sdp-trace/internal/adaptercapture/adaptercapture_task.go:10.2,10.53 1 1
github.com/fall_out_bug/sdp-trace/internal/adaptercapture/adaptercapture_task.go:10.53,12.3 1 0
github.com/fall_out_bug/sdp-trace/internal/adaptercapture/adaptercapture_task.go:13.2,13.58 1 1
github.com/fall_out_bug/sdp-trace/internal/adaptercapture/adaptercapture_task.go:16.62,20.28 1 1
github.com/fall_out_bug/sdp-trace/internal/adaptercapture/adaptercapture_task.go:20.28,22.3 1 1
github.com/fall_out_bug/sdp-trace/internal/adaptercapture/adaptercapture_task.go:24.2,24.135 1 0
github.com/fall_out_bug/sdp-trace/internal/adaptercapture/adaptercapture_task.go:27.63,31.31 1 1
github.com/fall_out_bug/sdp-trace/internal/adaptercapture/adaptercapture_task.go:31.31,32.80 1 1
github.com/fall_out_bug/sdp-trace/internal/adaptercapture/adaptercapture_task.go:32.80,35.4 1 0
github.com/fall_out_bug/sdp-trace/internal/adaptercapture/adaptercapture_task.go:37.2,37.14 1 1
github.com/fall_out_bug/sdp-trace/internal/adaptercapture/adaptercapture_test_provenance_condition.go:3.57,6.69 1 1
github.com/fall_out_bug/sdp-trace/internal/adaptercapture/adaptercapture_test_provenance_condition.go:6.69,9.3 1 1
github.com/fall_out_bug/sdp-trace/internal/adaptercapture/adaptercapture_test_provenance_condition.go:10.2,10.39 1 0
github.com/fall_out_bug/sdp-trace/internal/adaptercapture/adaptercapture_test_provenance_condition.go:10.39,12.3 1 0
github.com/fall_out_bug/sdp-trace/internal/adaptercapture/adaptercapture_test_provenance_condition.go:13.2,13.116 1 0
github.com/fall_out_bug/sdp-trace/internal/adaptercapture/adaptercapture_test_provenance_condition.go:16.79,20.31 1 1
github.com/fall_out_bug/sdp-trace/internal/adaptercapture/adaptercapture_test_provenance_condition.go:20.31,21.35 1 1
github.com/fall_out_bug/sdp-trace/internal/adaptercapture/adaptercapture_test_provenance_condition.go:21.35,24.4 1 1
github.com/fall_out_bug/sdp-trace/internal/adaptercapture/adaptercapture_test_provenance_condition.go:26.2,26.30 1 0
github.com/fall_out_bug/sdp-trace/internal/adaptercapture/adaptercapture_test_provenance_condition.go:29.65,33.50 1 1
github.com/fall_out_bug/sdp-trace/internal/adaptercapture/adaptercapture_test_provenance_condition.go:33.50,35.3 1 1
github.com/fall_out_bug/sdp-trace/internal/adaptercapture/adaptercapture_test_provenance_condition.go:37.2,37.50 1 1
github.com/fall_out_bug/sdp-trace/internal/adaptercapture/adaptercapture_test_provenance_reported.go:3.71,8.30 1 1
github.com/fall_out_bug/sdp-trace/internal/adaptercapture/adaptercapture_test_provenance_reported.go:9.24,10.191 1 1
github.com/fall_out_bug/sdp-trace/internal/adaptercapture/adaptercapture_test_provenance_reported.go:11.26,12.194 1 1
github.com/fall_out_bug/sdp-trace/internal/adaptercapture/adaptercapture_test_provenance_reported.go:13.10,14.189 1 1
github.com/fall_out_bug/sdp-trace/internal/adaptercapture/adaptercapture_test_provenance_reported.go:18.53,20.2 1 1
github.com/fall_out_bug/sdp-trace/internal/adaptercapture/adaptercapture_test_provenance_reported.go:22.101,26.35 1 1
github.com/fall_out_bug/sdp-trace/internal/adaptercapture/adaptercapture_test_provenance_reported.go:26.35,29.3 1 1
github.com/fall_out_bug/sdp-trace/internal/adaptercapture/adaptercapture_test_provenance_reported.go:30.2,30.148 1 1
github.com/fall_out_bug/sdp-trace/internal/adaptercapture/adaptercapture_tool_file.go:3.52,6.80 1 1
github.com/fall_out_bug/sdp-trace/internal/adaptercapture/adaptercapture_tool_file.go:6.80,7.36 1 1
github.com/fall_out_bug/sdp-trace/internal/adaptercapture/adaptercapture_tool_file.go:7.36,10.4 1 0
github.com/fall_out_bug/sdp-trace/internal/adaptercapture/adaptercapture_tool_file.go:12.3,12.251 1 1
github.com/fall_out_bug/sdp-trace/internal/adaptercapture/adaptercapture_tool_file.go:14.2,14.127 1 1
github.com/fall_out_bug/sdp-trace/internal/adaptercapture/adaptercapture_tool_file.go:17.55,20.42 1 1
github.com/fall_out_bug/sdp-trace/internal/adaptercapture/adaptercapture_tool_file.go:20.42,21.44 1 1
github.com/fall_out_bug/sdp-trace/internal/adaptercapture/adaptercapture_tool_file.go:21.44,24.4 1 1
github.com/fall_out_bug/sdp-trace/internal/adaptercapture/adaptercapture_tool_file.go:26.2,26.141 1 1
github.com/fall_out_bug/sdp-trace/internal/adaptercapture/adaptercapture_tool_file.go:29.62,31.2 1 1
github.com/fall_out_bug/sdp-trace/internal/adaptercapture/adaptercapture_valid_event.go:3.103,10.37 3 1
github.com/fall_out_bug/sdp-trace/internal/adaptercapture/adaptercapture_valid_event.go:10.37,13.3 1 1
github.com/fall_out_bug/sdp-trace/internal/adaptercapture/adaptercapture_valid_event.go:14.2,14.14 1 1
github.com/fall_out_bug/sdp-trace/internal/adaptercapture/adaptercapture_valid_event_binding.go:3.69,15.2 7 1
github.com/fall_out_bug/sdp-trace/internal/adaptercapture/adaptercapture_valid_event_claims.go:3.65,13.2 5 1
github.com/fall_out_bug/sdp-trace/internal/adaptercapture/adaptercapture_valid_event_digest.go:3.50,5.2 1 1
github.com/fall_out_bug/sdp-trace/internal/adaptercapture/adaptercapture_valid_event_evidence.go:3.70,13.2 5 1
github.com/fall_out_bug/sdp-trace/internal/adaptercapture/adaptercapture_valid_event_identity.go:3.70,14.2 6 1
github.com/fall_out_bug/sdp-trace/internal/adaptercapture/adaptercapture_valid_event_seed.go:13.55,24.2 6 1
github.com/fall_out_bug/sdp-trace/internal/adaptercapture/adaptercapture_valid_input.go:5.29,7.2 1 0
github.com/fall_out_bug/sdp-trace/internal/adaptercapture/adaptercapture_valid_input.go:9.25,19.2 5 1
github.com/fall_out_bug/sdp-trace/internal/adaptercapture/adaptercapture_valid_input.go:21.72,31.2 5 1
github.com/fall_out_bug/sdp-trace/internal/adaptercapture/adaptercapture_valid_input.go:33.70,49.2 1 1
github.com/fall_out_bug/sdp-trace/internal/adaptercapture/adaptercapture_valid_input.go:51.41,53.2 1 1
github.com/fall_out_bug/sdp-trace/internal/adaptercapture/adaptercapture_valid_input.go:55.77,60.39 2 1
github.com/fall_out_bug/sdp-trace/internal/adaptercapture/adaptercapture_valid_input.go:60.39,63.3 1 1
github.com/fall_out_bug/sdp-trace/internal/adaptercapture/adaptercapture_valid_input.go:64.2,64.12 1 1
github.com/fall_out_bug/sdp-trace/internal/adaptercapture/adaptercapture_valid_refs.go:3.53,5.2 1 1
github.com/fall_out_bug/sdp-trace/internal/adaptercapture/adaptercapture_valid_refs.go:7.53,9.2 1 1
github.com/fall_out_bug/sdp-trace/internal/authority/authority.go:3.35,13.2 5 1
github.com/fall_out_bug/sdp-trace/internal/authority/authority_action_sort.go:8.71,14.38 2 1
github.com/fall_out_bug/sdp-trace/internal/authority/authority_action_sort.go:14.38,14.80 1 1
github.com/fall_out_bug/sdp-trace/internal/authority/authority_action_sort.go:15.2,15.12 1 1
github.com/fall_out_bug/sdp-trace/internal/authority/authority_action_sort.go:18.162,26.33 4 1
github.com/fall_out_bug/sdp-trace/internal/authority/authority_action_sort.go:26.33,30.3 2 1
github.com/fall_out_bug/sdp-trace/internal/authority/authority_action_sort.go:31.2,31.20 1 1
github.com/fall_out_bug/sdp-trace/internal/authority/authority_aggregate.go:3.80,7.35 1 1
github.com/fall_out_bug/sdp-trace/internal/authority/authority_aggregate.go:7.35,10.3 1 1
github.com/fall_out_bug/sdp-trace/internal/authority/authority_aggregate.go:11.2,11.27 1 1
github.com/fall_out_bug/sdp-trace/internal/authority/authority_aggregate.go:11.27,14.3 1 1
github.com/fall_out_bug/sdp-trace/internal/authority/authority_aggregate.go:15.2,16.14 2 1
github.com/fall_out_bug/sdp-trace/internal/authority/authority_aggregate.go:16.14,18.3 1 1
github.com/fall_out_bug/sdp-trace/internal/authority/authority_aggregate.go:19.2,19.35 1 1
github.com/fall_out_bug/sdp-trace/internal/authority/authority_aggregate.go:22.72,27.35 2 1
github.com/fall_out_bug/sdp-trace/internal/authority/authority_aggregate.go:27.35,29.31 2 1
github.com/fall_out_bug/sdp-trace/internal/authority/authority_aggregate.go:29.31,32.4 1 1
github.com/fall_out_bug/sdp-trace/internal/authority/authority_aggregate.go:34.2,34.20 1 1
github.com/fall_out_bug/sdp-trace/internal/authority/authority_approval.go:7.120,11.47 1 1
github.com/fall_out_bug/sdp-trace/internal/authority/authority_approval.go:11.47,13.90 1 1
github.com/fall_out_bug/sdp-trace/internal/authority/authority_approval.go:13.90,15.4 1 1
github.com/fall_out_bug/sdp-trace/internal/authority/authority_approval.go:17.2,17.11 1 1
github.com/fall_out_bug/sdp-trace/internal/authority/authority_approval.go:20.133,24.55 1 1
github.com/fall_out_bug/sdp-trace/internal/authority/authority_approval.go:24.55,26.3 1 0
github.com/fall_out_bug/sdp-trace/internal/authority/authority_approval.go:27.2,27.54 1 1
github.com/fall_out_bug/sdp-trace/internal/authority/authority_approval.go:27.54,30.3 1 1
github.com/fall_out_bug/sdp-trace/internal/authority/authority_approval.go:31.2,31.74 1 1
github.com/fall_out_bug/sdp-trace/internal/authority/authority_approval.go:34.102,37.2 1 1
github.com/fall_out_bug/sdp-trace/internal/authority/authority_attribution.go:7.58,11.45 1 1
github.com/fall_out_bug/sdp-trace/internal/authority/authority_attribution.go:11.45,14.3 1 1
github.com/fall_out_bug/sdp-trace/internal/authority/authority_attribution.go:15.2,15.27 1 1
github.com/fall_out_bug/sdp-trace/internal/authority/authority_attribution.go:16.63,18.29 1 1
github.com/fall_out_bug/sdp-trace/internal/authority/authority_attribution.go:19.10,20.32 1 1
github.com/fall_out_bug/sdp-trace/internal/authority/authority_binding_index.go:3.84,8.35 2 1
github.com/fall_out_bug/sdp-trace/internal/authority/authority_binding_index.go:8.35,12.3 2 1
github.com/fall_out_bug/sdp-trace/internal/authority/authority_binding_index.go:13.2,13.12 1 1
github.com/fall_out_bug/sdp-trace/internal/authority/authority_binding_index.go:16.88,20.35 1 1
github.com/fall_out_bug/sdp-trace/internal/authority/authority_binding_index.go:20.35,21.95 1 1
github.com/fall_out_bug/sdp-trace/internal/authority/authority_binding_index.go:21.95,24.4 1 1
github.com/fall_out_bug/sdp-trace/internal/authority/authority_binding_index.go:26.2,26.14 1 1
github.com/fall_out_bug/sdp-trace/internal/authority/authority_binding_index.go:29.59,33.35 1 1
github.com/fall_out_bug/sdp-trace/internal/authority/authority_binding_index.go:33.35,34.50 1 1
github.com/fall_out_bug/sdp-trace/internal/authority/authority_binding_index.go:34.50,37.4 1 1
github.com/fall_out_bug/sdp-trace/internal/authority/authority_binding_index.go:39.2,39.14 1 1
github.com/fall_out_bug/sdp-trace/internal/authority/authority_bindings_eval.go:7.98,12.33 2 1
github.com/fall_out_bug/sdp-trace/internal/authority/authority_bindings_eval.go:12.33,15.3 1 1
github.com/fall_out_bug/sdp-trace/internal/authority/authority_bindings_eval.go:16.2,17.31 2 1
github.com/fall_out_bug/sdp-trace/internal/authority/authority_bindings_eval.go:17.31,19.3 1 1
github.com/fall_out_bug/sdp-trace/internal/authority/authority_bindings_eval.go:20.2,20.38 1 1
github.com/fall_out_bug/sdp-trace/internal/authority/authority_bindings_eval.go:20.38,20.84 1 0
github.com/fall_out_bug/sdp-trace/internal/authority/authority_bindings_eval.go:21.2,21.12 1 1
github.com/fall_out_bug/sdp-trace/internal/authority/authority_bindings_eval.go:24.93,40.2 2 1
github.com/fall_out_bug/sdp-trace/internal/authority/authority_bindings_state.go:3.100,7.69 1 1
github.com/fall_out_bug/sdp-trace/internal/authority/authority_bindings_state.go:7.69,10.3 1 0
github.com/fall_out_bug/sdp-trace/internal/authority/authority_bindings_state.go:11.2,11.55 1 1
github.com/fall_out_bug/sdp-trace/internal/authority/authority_bindings_state.go:14.64,19.15 1 1
github.com/fall_out_bug/sdp-trace/internal/authority/authority_bindings_state.go:20.23,21.45 1 1
github.com/fall_out_bug/sdp-trace/internal/authority/authority_bindings_state.go:22.26,23.52 1 0
github.com/fall_out_bug/sdp-trace/internal/authority/authority_bindings_state.go:24.10,25.54 1 1
github.com/fall_out_bug/sdp-trace/internal/authority/authority_contains.go:3.52,7.31 1 1
github.com/fall_out_bug/sdp-trace/internal/authority/authority_contains.go:7.31,8.22 1 1
github.com/fall_out_bug/sdp-trace/internal/authority/authority_contains.go:8.22,11.4 1 1
github.com/fall_out_bug/sdp-trace/internal/authority/authority_contains.go:13.2,13.14 1 1
github.com/fall_out_bug/sdp-trace/internal/authority/authority_decision_apply.go:3.145,7.41 1 1
github.com/fall_out_bug/sdp-trace/internal/authority/authority_decision_apply.go:7.41,11.3 2 1
github.com/fall_out_bug/sdp-trace/internal/authority/authority_decision_apply.go:12.2,12.40 1 1
github.com/fall_out_bug/sdp-trace/internal/authority/authority_decision_apply.go:12.40,16.3 2 1
github.com/fall_out_bug/sdp-trace/internal/authority/authority_decision_apply.go:17.2,17.87 1 1
github.com/fall_out_bug/sdp-trace/internal/authority/authority_decision_apply.go:17.87,22.3 3 1
github.com/fall_out_bug/sdp-trace/internal/authority/authority_decision_apply.go:23.2,24.39 2 1
github.com/fall_out_bug/sdp-trace/internal/authority/authority_decision_apply.go:27.49,32.43 1 1
github.com/fall_out_bug/sdp-trace/internal/authority/authority_decision_apply.go:32.43,34.3 1 1
github.com/fall_out_bug/sdp-trace/internal/authority/authority_decision_apply.go:35.2,35.26 1 0
github.com/fall_out_bug/sdp-trace/internal/authority/authority_envelope_select.go:7.70,12.20 2 1
github.com/fall_out_bug/sdp-trace/internal/authority/authority_envelope_select.go:12.20,15.3 1 1
github.com/fall_out_bug/sdp-trace/internal/authority/authority_envelope_select.go:16.2,16.84 1 1
github.com/fall_out_bug/sdp-trace/internal/authority/authority_envelope_select.go:19.94,24.22 1 1
github.com/fall_out_bug/sdp-trace/internal/authority/authority_envelope_select.go:25.9,26.76 1 1
github.com/fall_out_bug/sdp-trace/internal/authority/authority_envelope_select.go:27.9,28.38 1 1
github.com/fall_out_bug/sdp-trace/internal/authority/authority_envelope_select.go:29.10,30.68 1 1
github.com/fall_out_bug/sdp-trace/internal/authority/authority_envelope_select.go:34.92,39.32 2 1
github.com/fall_out_bug/sdp-trace/internal/authority/authority_envelope_select.go:39.32,41.31 1 1
github.com/fall_out_bug/sdp-trace/internal/authority/authority_envelope_select.go:41.31,43.4 1 1
github.com/fall_out_bug/sdp-trace/internal/authority/authority_envelope_select.go:45.2,45.16 1 1
github.com/fall_out_bug/sdp-trace/internal/authority/authority_envelope_select.go:48.82,52.51 1 1
github.com/fall_out_bug/sdp-trace/internal/authority/authority_envelope_select.go:52.51,55.3 1 1
github.com/fall_out_bug/sdp-trace/internal/authority/authority_envelope_select.go:56.2,56.20 1 1
github.com/fall_out_bug/sdp-trace/internal/authority/authority_envelope_validate.go:3.53,7.66 1 1
github.com/fall_out_bug/sdp-trace/internal/authority/authority_envelope_validate.go:7.66,10.3 1 1
github.com/fall_out_bug/sdp-trace/internal/authority/authority_envelope_validate.go:11.2,15.3 1 1
github.com/fall_out_bug/sdp-trace/internal/authority/authority_envelope_validate.go:18.44,22.33 1 1
github.com/fall_out_bug/sdp-trace/internal/authority/authority_envelope_validate.go:22.33,23.19 1 1
github.com/fall_out_bug/sdp-trace/internal/authority/authority_envelope_validate.go:23.19,26.4 1 1
github.com/fall_out_bug/sdp-trace/internal/authority/authority_envelope_validate.go:28.2,28.11 1 1
github.com/fall_out_bug/sdp-trace/internal/authority/authority_evaluation.go:3.217,10.98 3 1
github.com/fall_out_bug/sdp-trace/internal/authority/authority_evaluation.go:10.98,12.3 1 1
github.com/fall_out_bug/sdp-trace/internal/authority/authority_evaluation.go:13.2,16.13 4 1
github.com/fall_out_bug/sdp-trace/internal/authority/authority_evaluation.go:19.144,27.2 3 1
github.com/fall_out_bug/sdp-trace/internal/authority/authority_evaluation.go:29.112,46.2 1 1
github.com/fall_out_bug/sdp-trace/internal/authority/authority_evaluation.go:48.113,52.68 1 1
github.com/fall_out_bug/sdp-trace/internal/authority/authority_evaluation.go:52.68,55.3 1 1
github.com/fall_out_bug/sdp-trace/internal/authority/authority_evaluation.go:56.2,56.54 1 1
github.com/fall_out_bug/sdp-trace/internal/authority/authority_evaluation.go:56.54,59.3 1 1
github.com/fall_out_bug/sdp-trace/internal/authority/authority_event_set_validation.go:3.56,13.2 1 1
github.com/fall_out_bug/sdp-trace/internal/authority/authority_event_set_validation.go:15.53,19.31 1 1
github.com/fall_out_bug/sdp-trace/internal/authority/authority_event_set_validation.go:19.31,20.29 1 1
github.com/fall_out_bug/sdp-trace/internal/authority/authority_event_set_validation.go:20.29,23.4 1 1
github.com/fall_out_bug/sdp-trace/internal/authority/authority_event_set_validation.go:25.2,25.11 1 1
github.com/fall_out_bug/sdp-trace/internal/authority/authority_event_set_validation.go:28.63,32.41 1 1
github.com/fall_out_bug/sdp-trace/internal/authority/authority_event_set_validation.go:32.41,35.3 1 1
github.com/fall_out_bug/sdp-trace/internal/authority/authority_event_set_validation.go:36.2,36.11 1 1
github.com/fall_out_bug/sdp-trace/internal/authority/authority_event_type.go:7.40,9.2 1 1
github.com/fall_out_bug/sdp-trace/internal/authority/authority_evidence_refs_reason.go:7.77,11.20 1 1
github.com/fall_out_bug/sdp-trace/internal/authority/authority_evidence_refs_reason.go:11.20,14.3 1 1
github.com/fall_out_bug/sdp-trace/internal/authority/authority_evidence_refs_reason.go:15.2,15.27 1 1
github.com/fall_out_bug/sdp-trace/internal/authority/authority_evidence_refs_reason.go:15.27,17.70 1 1
github.com/fall_out_bug/sdp-trace/internal/authority/authority_evidence_refs_reason.go:17.70,19.4 1 1
github.com/fall_out_bug/sdp-trace/internal/authority/authority_evidence_refs_reason.go:21.2,21.11 1 1
github.com/fall_out_bug/sdp-trace/internal/authority/authority_evidence_refs_reason.go:24.62,28.31 1 1
github.com/fall_out_bug/sdp-trace/internal/authority/authority_evidence_refs_reason.go:28.31,31.3 1 1
github.com/fall_out_bug/sdp-trace/internal/authority/authority_evidence_refs_reason.go:32.2,32.64 1 1
github.com/fall_out_bug/sdp-trace/internal/authority/authority_evidence_refs_reason.go:32.64,35.3 1 1
github.com/fall_out_bug/sdp-trace/internal/authority/authority_evidence_refs_reason.go:36.2,36.52 1 1
github.com/fall_out_bug/sdp-trace/internal/authority/authority_evidence_refs_reason.go:36.52,38.3 1 1
github.com/fall_out_bug/sdp-trace/internal/authority/authority_evidence_refs_reason.go:39.2,39.11 1 1
github.com/fall_out_bug/sdp-trace/internal/authority/authority_evidence_refs_reason.go:42.44,44.2 1 1
github.com/fall_out_bug/sdp-trace/internal/authority/authority_evidence_refs_reason.go:46.72,48.2 1 1
github.com/fall_out_bug/sdp-trace/internal/authority/authority_evidence_resolution_index.go:3.74,14.2 6 1
github.com/fall_out_bug/sdp-trace/internal/authority/authority_evidence_resolution_index.go:16.80,20.27 1 1
github.com/fall_out_bug/sdp-trace/internal/authority/authority_evidence_resolution_index.go:20.27,23.3 1 1
github.com/fall_out_bug/sdp-trace/internal/authority/authority_io.go:8.48,15.16 3 1
github.com/fall_out_bug/sdp-trace/internal/authority/authority_io.go:15.16,17.3 1 0
github.com/fall_out_bug/sdp-trace/internal/authority/authority_io.go:18.2,18.50 1 1
github.com/fall_out_bug/sdp-trace/internal/authority/authority_io.go:18.50,20.3 1 0
github.com/fall_out_bug/sdp-trace/internal/authority/authority_io.go:21.2,21.17 1 1
github.com/fall_out_bug/sdp-trace/internal/authority/authority_io.go:24.46,30.16 2 1
github.com/fall_out_bug/sdp-trace/internal/authority/authority_io.go:30.16,32.3 1 0
github.com/fall_out_bug/sdp-trace/internal/authority/authority_io.go:33.2,34.39 2 1
github.com/fall_out_bug/sdp-trace/internal/authority/authority_match_decision.go:3.78,10.39 3 1
github.com/fall_out_bug/sdp-trace/internal/authority/authority_match_decision.go:10.39,12.10 2 1
github.com/fall_out_bug/sdp-trace/internal/authority/authority_match_decision.go:12.10,13.12 1 1
github.com/fall_out_bug/sdp-trace/internal/authority/authority_match_decision.go:15.3,15.60 1 1
github.com/fall_out_bug/sdp-trace/internal/authority/authority_match_decision.go:15.60,18.4 1 1
github.com/fall_out_bug/sdp-trace/internal/authority/authority_match_decision.go:19.3,20.16 2 1
github.com/fall_out_bug/sdp-trace/internal/authority/authority_match_decision.go:22.2,22.15 1 1
github.com/fall_out_bug/sdp-trace/internal/authority/authority_next_actions.go:3.42,7.82 1 1
github.com/fall_out_bug/sdp-trace/internal/authority/authority_next_actions.go:7.82,9.3 1 1
github.com/fall_out_bug/sdp-trace/internal/authority/authority_next_actions.go:11.2,11.84 1 1
github.com/fall_out_bug/sdp-trace/internal/authority/authority_predecision_blockers.go:3.200,9.18 2 1
github.com/fall_out_bug/sdp-trace/internal/authority/authority_predecision_blockers.go:9.18,11.3 1 1
github.com/fall_out_bug/sdp-trace/internal/authority/authority_predecision_blockers.go:12.2,14.13 3 1
github.com/fall_out_bug/sdp-trace/internal/authority/authority_predecision_blockers.go:17.179,21.20 1 1
github.com/fall_out_bug/sdp-trace/internal/authority/authority_predecision_blockers.go:21.20,24.3 1 1
github.com/fall_out_bug/sdp-trace/internal/authority/authority_predecision_blockers.go:25.2,25.39 1 1
github.com/fall_out_bug/sdp-trace/internal/authority/authority_predecision_blockers.go:25.39,28.3 1 1
github.com/fall_out_bug/sdp-trace/internal/authority/authority_predecision_blockers.go:29.2,29.94 1 1
github.com/fall_out_bug/sdp-trace/internal/authority/authority_predecision_blockers.go:29.94,31.3 1 1
github.com/fall_out_bug/sdp-trace/internal/authority/authority_predecision_blockers.go:32.2,32.15 1 1
github.com/fall_out_bug/sdp-trace/internal/authority/authority_predecision_reasons.go:3.150,7.65 1 1
github.com/fall_out_bug/sdp-trace/internal/authority/authority_predecision_reasons.go:7.65,10.3 1 1
github.com/fall_out_bug/sdp-trace/internal/authority/authority_predecision_reasons.go:11.2,11.81 1 1
github.com/fall_out_bug/sdp-trace/internal/authority/authority_predecision_reasons.go:11.81,13.3 1 1
github.com/fall_out_bug/sdp-trace/internal/authority/authority_predecision_reasons.go:14.2,14.40 1 1
github.com/fall_out_bug/sdp-trace/internal/authority/authority_predecision_reasons.go:14.40,17.3 1 1
github.com/fall_out_bug/sdp-trace/internal/authority/authority_predecision_reasons.go:18.2,18.15 1 1
github.com/fall_out_bug/sdp-trace/internal/authority/authority_predecision_reasons.go:21.85,25.40 1 1
github.com/fall_out_bug/sdp-trace/internal/authority/authority_predecision_reasons.go:25.40,28.3 1 0
github.com/fall_out_bug/sdp-trace/internal/authority/authority_predecision_reasons.go:29.2,29.25 1 1
github.com/fall_out_bug/sdp-trace/internal/authority/authority_predecision_reasons.go:29.25,32.3 1 1
github.com/fall_out_bug/sdp-trace/internal/authority/authority_predecision_reasons.go:33.2,33.33 1 1
github.com/fall_out_bug/sdp-trace/internal/authority/authority_predecision_reasons.go:33.33,35.3 1 1
github.com/fall_out_bug/sdp-trace/internal/authority/authority_predecision_reasons.go:36.2,36.15 1 1
github.com/fall_out_bug/sdp-trace/internal/authority/authority_reasons.go:3.44,8.42 2 1
github.com/fall_out_bug/sdp-trace/internal/authority/authority_reasons.go:8.42,11.3 1 1
github.com/fall_out_bug/sdp-trace/internal/authority/authority_reasons.go:12.2,12.52 1 1
github.com/fall_out_bug/sdp-trace/internal/authority/authority_reasons.go:12.52,14.3 1 1
github.com/fall_out_bug/sdp-trace/internal/authority/authority_reasons.go:15.2,15.25 1 1
github.com/fall_out_bug/sdp-trace/internal/authority/authority_reasons.go:18.58,19.16 1 1
github.com/fall_out_bug/sdp-trace/internal/authority/authority_reasons.go:19.16,21.3 1 1
github.com/fall_out_bug/sdp-trace/internal/authority/authority_result.go:7.148,25.2 4 1
github.com/fall_out_bug/sdp-trace/internal/authority/authority_source_coverage.go:3.59,8.53 2 1
github.com/fall_out_bug/sdp-trace/internal/authority/authority_source_coverage.go:8.53,11.3 1 1
github.com/fall_out_bug/sdp-trace/internal/authority/authority_source_coverage.go:12.2,12.52 1 1
github.com/fall_out_bug/sdp-trace/internal/authority/authority_source_coverage.go:12.52,15.3 1 1
github.com/fall_out_bug/sdp-trace/internal/authority/authority_source_coverage.go:16.2,16.53 1 1
github.com/fall_out_bug/sdp-trace/internal/authority/authority_source_coverage.go:16.53,19.3 1 1
github.com/fall_out_bug/sdp-trace/internal/authority/authority_source_coverage.go:20.2,20.16 1 1
github.com/fall_out_bug/sdp-trace/internal/authority/authority_source_coverage.go:23.56,28.33 2 1
github.com/fall_out_bug/sdp-trace/internal/authority/authority_source_coverage.go:28.33,31.3 1 1
github.com/fall_out_bug/sdp-trace/internal/authority/authority_source_coverage.go:32.2,32.31 1 1
github.com/fall_out_bug/sdp-trace/internal/authority/authority_source_coverage.go:35.39,40.27 2 1
github.com/fall_out_bug/sdp-trace/internal/authority/authority_source_coverage.go:40.27,41.80 1 1
github.com/fall_out_bug/sdp-trace/internal/authority/authority_source_coverage.go:41.80,44.4 1 1
github.com/fall_out_bug/sdp-trace/internal/authority/authority_source_coverage.go:46.2,46.12 1 1
github.com/fall_out_bug/sdp-trace/internal/authority/authority_string_sets.go:8.46,14.31 3 1
github.com/fall_out_bug/sdp-trace/internal/authority/authority_string_sets.go:14.31,16.33 2 1
github.com/fall_out_bug/sdp-trace/internal/authority/authority_string_sets.go:16.33,18.12 1 0
github.com/fall_out_bug/sdp-trace/internal/authority/authority_string_sets.go:20.3,21.27 2 1
github.com/fall_out_bug/sdp-trace/internal/authority/authority_string_sets.go:24.2,25.12 2 1
github.com/fall_out_bug/sdp-trace/internal/authority/authority_string_sets.go:28.47,33.26 2 1
github.com/fall_out_bug/sdp-trace/internal/authority/authority_string_sets.go:33.26,36.3 1 1
github.com/fall_out_bug/sdp-trace/internal/authority/authority_string_sets.go:37.2,38.12 2 1
github.com/fall_out_bug/sdp-trace/internal/authority/authority_target_conflicts.go:3.48,7.40 1 1
github.com/fall_out_bug/sdp-trace/internal/authority/authority_target_conflicts.go:7.40,10.3 1 1
github.com/fall_out_bug/sdp-trace/internal/authority/authority_target_conflicts.go:11.2,11.92 1 1
github.com/fall_out_bug/sdp-trace/internal/authority/authority_target_conflicts.go:14.76,16.2 1 1
github.com/fall_out_bug/sdp-trace/internal/authority/authority_target_conflicts.go:18.52,22.29 1 1
github.com/fall_out_bug/sdp-trace/internal/authority/authority_target_conflicts.go:22.29,23.29 1 1
github.com/fall_out_bug/sdp-trace/internal/authority/authority_target_conflicts.go:23.29,26.4 1 1
github.com/fall_out_bug/sdp-trace/internal/authority/authority_target_conflicts.go:28.2,28.14 1 1
github.com/fall_out_bug/sdp-trace/internal/authority/authority_target_match.go:9.49,13.35 1 1
github.com/fall_out_bug/sdp-trace/internal/authority/authority_target_match.go:13.35,16.3 1 1
github.com/fall_out_bug/sdp-trace/internal/authority/authority_target_match.go:17.2,17.38 1 1
github.com/fall_out_bug/sdp-trace/internal/authority/authority_target_match.go:17.38,20.3 1 1
github.com/fall_out_bug/sdp-trace/internal/authority/authority_target_match.go:21.2,21.46 1 1
github.com/fall_out_bug/sdp-trace/internal/authority/authority_target_match.go:24.47,27.2 2 1
github.com/fall_out_bug/sdp-trace/internal/authority/authority_target_match.go:29.56,39.2 5 1
github.com/fall_out_bug/sdp-trace/internal/authority/authority_target_overlap_validation.go:3.59,7.23 1 1
github.com/fall_out_bug/sdp-trace/internal/authority/authority_target_overlap_validation.go:7.23,9.56 1 1
github.com/fall_out_bug/sdp-trace/internal/authority/authority_target_overlap_validation.go:9.56,11.4 1 1
github.com/fall_out_bug/sdp-trace/internal/authority/authority_target_overlap_validation.go:13.2,13.11 1 1
github.com/fall_out_bug/sdp-trace/internal/authority/authority_target_overlap_validation.go:16.76,20.31 1 1
github.com/fall_out_bug/sdp-trace/internal/authority/authority_target_overlap_validation.go:20.31,21.39 1 1
github.com/fall_out_bug/sdp-trace/internal/authority/authority_target_overlap_validation.go:21.39,24.4 1 1
github.com/fall_out_bug/sdp-trace/internal/authority/authority_target_overlap_validation.go:26.2,26.14 1 1
github.com/fall_out_bug/sdp-trace/internal/authority/authority_target_rule_validation.go:3.56,7.39 1 1
github.com/fall_out_bug/sdp-trace/internal/authority/authority_target_rule_validation.go:7.39,9.60 1 1
github.com/fall_out_bug/sdp-trace/internal/authority/authority_target_rule_validation.go:9.60,11.4 1 1
github.com/fall_out_bug/sdp-trace/internal/authority/authority_target_rule_validation.go:13.2,13.11 1 1
github.com/fall_out_bug/sdp-trace/internal/authority/authority_target_rule_validation.go:16.72,20.31 1 1
github.com/fall_out_bug/sdp-trace/internal/authority/authority_target_rule_validation.go:20.31,23.3 1 1
github.com/fall_out_bug/sdp-trace/internal/authority/authority_target_rule_validation.go:24.2,24.67 1 1
github.com/fall_out_bug/sdp-trace/internal/authority/authority_target_rule_validation.go:24.67,27.3 1 1
github.com/fall_out_bug/sdp-trace/internal/authority/authority_target_rule_validation.go:28.2,28.48 1 1
github.com/fall_out_bug/sdp-trace/internal/authority/authority_target_rule_validation.go:28.48,30.3 1 1
github.com/fall_out_bug/sdp-trace/internal/authority/authority_target_rule_validation.go:31.2,31.11 1 1
github.com/fall_out_bug/sdp-trace/internal/authority/authority_target_rule_validation.go:34.48,36.2 1 1
github.com/fall_out_bug/sdp-trace/internal/authority/authority_target_rule_validation.go:38.83,41.2 1 1
github.com/fall_out_bug/sdp-trace/internal/authority/authority_top_level_decision.go:3.81,7.50 1 1
github.com/fall_out_bug/sdp-trace/internal/authority/authority_top_level_decision.go:7.50,10.3 1 0
github.com/fall_out_bug/sdp-trace/internal/authority/authority_top_level_decision.go:11.2,11.51 1 1
github.com/fall_out_bug/sdp-trace/internal/authority/authority_top_level_decision.go:11.51,14.3 1 1
github.com/fall_out_bug/sdp-trace/internal/authority/authority_top_level_decision.go:15.2,15.89 1 1
github.com/fall_out_bug/sdp-trace/internal/authority/authority_top_level_decision.go:18.93,22.55 1 1
github.com/fall_out_bug/sdp-trace/internal/authority/authority_top_level_decision.go:22.55,25.3 1 1
github.com/fall_out_bug/sdp-trace/internal/authority/authority_top_level_decision.go:26.2,26.51 1 1
github.com/fall_out_bug/sdp-trace/internal/authority/authority_top_level_decision.go:26.51,29.3 1 1
github.com/fall_out_bug/sdp-trace/internal/authority/authority_top_level_decision.go:30.2,30.52 1 1
github.com/fall_out_bug/sdp-trace/internal/authority/authority_top_level_decision.go:30.52,33.3 1 1
github.com/fall_out_bug/sdp-trace/internal/authority/authority_top_level_decision.go:34.2,34.33 1 0
github.com/fall_out_bug/sdp-trace/internal/authority/authority_top_level_decision.go:37.55,40.2 1 1
github.com/fall_out_bug/sdp-trace/internal/ciartifact/ciartifact.go:3.52,14.2 6 1
github.com/fall_out_bug/sdp-trace/internal/ciartifact/ciartifact_access_binding_states.go:3.43,7.30 1 1
github.com/fall_out_bug/sdp-trace/internal/ciartifact/ciartifact_access_binding_states.go:7.30,9.3 1 1
github.com/fall_out_bug/sdp-trace/internal/ciartifact/ciartifact_access_binding_states.go:11.2,11.27 1 1
github.com/fall_out_bug/sdp-trace/internal/ciartifact/ciartifact_access_binding_states.go:26.44,30.31 1 1
github.com/fall_out_bug/sdp-trace/internal/ciartifact/ciartifact_access_binding_states.go:30.31,32.3 1 1
github.com/fall_out_bug/sdp-trace/internal/ciartifact/ciartifact_access_binding_states.go:34.2,34.28 1 0
github.com/fall_out_bug/sdp-trace/internal/ciartifact/ciartifact_actions.go:3.138,13.2 6 1
github.com/fall_out_bug/sdp-trace/internal/ciartifact/ciartifact_actions.go:15.74,19.34 1 1
github.com/fall_out_bug/sdp-trace/internal/ciartifact/ciartifact_actions.go:19.34,22.3 1 1
github.com/fall_out_bug/sdp-trace/internal/ciartifact/ciartifact_actions.go:25.77,26.13 1 1
github.com/fall_out_bug/sdp-trace/internal/ciartifact/ciartifact_actions.go:26.13,29.3 1 1
github.com/fall_out_bug/sdp-trace/internal/ciartifact/ciartifact_actions.go:32.43,34.2 1 1
github.com/fall_out_bug/sdp-trace/internal/ciartifact/ciartifact_aggregate_values.go:3.66,8.34 2 1
github.com/fall_out_bug/sdp-trace/internal/ciartifact/ciartifact_aggregate_values.go:8.34,9.22 1 1
github.com/fall_out_bug/sdp-trace/internal/ciartifact/ciartifact_aggregate_values.go:9.22,12.4 1 1
github.com/fall_out_bug/sdp-trace/internal/ciartifact/ciartifact_aggregate_values.go:14.2,14.44 1 1
github.com/fall_out_bug/sdp-trace/internal/ciartifact/ciartifact_aggregate_values.go:17.64,22.34 2 1
github.com/fall_out_bug/sdp-trace/internal/ciartifact/ciartifact_aggregate_values.go:22.34,23.22 1 1
github.com/fall_out_bug/sdp-trace/internal/ciartifact/ciartifact_aggregate_values.go:23.22,26.4 1 1
github.com/fall_out_bug/sdp-trace/internal/ciartifact/ciartifact_aggregate_values.go:28.2,28.42 1 1
github.com/fall_out_bug/sdp-trace/internal/ciartifact/ciartifact_aggregate_values.go:31.58,34.19 1 1
github.com/fall_out_bug/sdp-trace/internal/ciartifact/ciartifact_aggregate_values.go:34.19,37.3 1 1
github.com/fall_out_bug/sdp-trace/internal/ciartifact/ciartifact_aggregate_values.go:38.2,38.19 1 1
github.com/fall_out_bug/sdp-trace/internal/ciartifact/ciartifact_aggregate_values.go:38.19,39.26 1 1
github.com/fall_out_bug/sdp-trace/internal/ciartifact/ciartifact_aggregate_values.go:39.26,42.4 1 1
github.com/fall_out_bug/sdp-trace/internal/ciartifact/ciartifact_aggregate_values.go:45.2,45.16 1 1
github.com/fall_out_bug/sdp-trace/internal/ciartifact/ciartifact_authority_reasons.go:3.51,7.55 1 1
github.com/fall_out_bug/sdp-trace/internal/ciartifact/ciartifact_authority_reasons.go:7.55,9.3 1 1
github.com/fall_out_bug/sdp-trace/internal/ciartifact/ciartifact_authority_reasons.go:11.2,11.41 1 0
github.com/fall_out_bug/sdp-trace/internal/ciartifact/ciartifact_bindings.go:3.66,9.34 3 1
github.com/fall_out_bug/sdp-trace/internal/ciartifact/ciartifact_bindings.go:9.34,10.23 1 1
github.com/fall_out_bug/sdp-trace/internal/ciartifact/ciartifact_bindings.go:10.23,12.12 1 0
github.com/fall_out_bug/sdp-trace/internal/ciartifact/ciartifact_bindings.go:14.3,15.66 2 1
github.com/fall_out_bug/sdp-trace/internal/ciartifact/ciartifact_bindings.go:17.2,17.114 1 1
github.com/fall_out_bug/sdp-trace/internal/ciartifact/ciartifact_bindings.go:20.60,24.97 1 1
github.com/fall_out_bug/sdp-trace/internal/ciartifact/ciartifact_bindings.go:24.97,27.3 1 1
github.com/fall_out_bug/sdp-trace/internal/ciartifact/ciartifact_bindings.go:28.2,28.23 1 1
github.com/fall_out_bug/sdp-trace/internal/ciartifact/ciartifact_bindings.go:31.53,35.51 1 1
github.com/fall_out_bug/sdp-trace/internal/ciartifact/ciartifact_bindings.go:35.51,38.3 1 1
github.com/fall_out_bug/sdp-trace/internal/ciartifact/ciartifact_bindings.go:39.2,39.16 1 1
github.com/fall_out_bug/sdp-trace/internal/ciartifact/ciartifact_bindings.go:42.36,46.41 1 1
github.com/fall_out_bug/sdp-trace/internal/ciartifact/ciartifact_bindings.go:46.41,48.3 1 1
github.com/fall_out_bug/sdp-trace/internal/ciartifact/ciartifact_bindings.go:50.2,50.10 1 1
github.com/fall_out_bug/sdp-trace/internal/ciartifact/ciartifact_families.go:3.100,9.55 3 1
github.com/fall_out_bug/sdp-trace/internal/ciartifact/ciartifact_families.go:9.55,11.3 1 0
github.com/fall_out_bug/sdp-trace/internal/ciartifact/ciartifact_families.go:12.2,12.12 1 1
github.com/fall_out_bug/sdp-trace/internal/ciartifact/ciartifact_family_apply.go:3.71,7.46 1 1
github.com/fall_out_bug/sdp-trace/internal/ciartifact/ciartifact_family_apply.go:7.46,10.3 1 1
github.com/fall_out_bug/sdp-trace/internal/ciartifact/ciartifact_family_apply.go:11.2,11.40 1 1
github.com/fall_out_bug/sdp-trace/internal/ciartifact/ciartifact_family_apply.go:14.101,20.49 3 1
github.com/fall_out_bug/sdp-trace/internal/ciartifact/ciartifact_family_apply.go:20.49,23.3 1 1
github.com/fall_out_bug/sdp-trace/internal/ciartifact/ciartifact_family_apply.go:25.2,26.13 2 1
github.com/fall_out_bug/sdp-trace/internal/ciartifact/ciartifact_family_apply.go:29.68,33.48 1 1
github.com/fall_out_bug/sdp-trace/internal/ciartifact/ciartifact_family_apply.go:33.48,36.3 1 1
github.com/fall_out_bug/sdp-trace/internal/ciartifact/ciartifact_family_apply.go:39.72,48.2 4 1
github.com/fall_out_bug/sdp-trace/internal/ciartifact/ciartifact_family_eval.go:3.96,9.15 3 1
github.com/fall_out_bug/sdp-trace/internal/ciartifact/ciartifact_family_eval.go:9.15,12.3 1 1
github.com/fall_out_bug/sdp-trace/internal/ciartifact/ciartifact_family_eval.go:13.2,14.46 2 1
github.com/fall_out_bug/sdp-trace/internal/ciartifact/ciartifact_family_eval.go:14.46,17.3 1 1
github.com/fall_out_bug/sdp-trace/internal/ciartifact/ciartifact_family_eval.go:18.2,18.85 1 1
github.com/fall_out_bug/sdp-trace/internal/ciartifact/ciartifact_family_eval.go:18.85,21.3 1 1
github.com/fall_out_bug/sdp-trace/internal/ciartifact/ciartifact_family_eval.go:22.2,23.15 2 1
github.com/fall_out_bug/sdp-trace/internal/ciartifact/ciartifact_family_eval.go:32.54,42.2 1 1
github.com/fall_out_bug/sdp-trace/internal/ciartifact/ciartifact_family_eval.go:44.60,53.2 4 1
github.com/fall_out_bug/sdp-trace/internal/ciartifact/ciartifact_family_initial.go:3.50,7.37 1 1
github.com/fall_out_bug/sdp-trace/internal/ciartifact/ciartifact_family_initial.go:7.37,10.3 1 1
github.com/fall_out_bug/sdp-trace/internal/ciartifact/ciartifact_family_initial.go:11.2,11.51 1 1
github.com/fall_out_bug/sdp-trace/internal/ciartifact/ciartifact_family_initial.go:14.51,18.30 1 1
github.com/fall_out_bug/sdp-trace/internal/ciartifact/ciartifact_family_initial.go:18.30,21.3 1 1
github.com/fall_out_bug/sdp-trace/internal/ciartifact/ciartifact_family_initial.go:22.2,22.45 1 1
github.com/fall_out_bug/sdp-trace/internal/ciartifact/ciartifact_family_initial.go:25.140,30.18 2 1
github.com/fall_out_bug/sdp-trace/internal/ciartifact/ciartifact_family_initial.go:30.18,33.3 1 1
github.com/fall_out_bug/sdp-trace/internal/ciartifact/ciartifact_family_initial.go:35.2,45.3 1 1
github.com/fall_out_bug/sdp-trace/internal/ciartifact/ciartifact_family_names.go:5.44,10.23 2 1
github.com/fall_out_bug/sdp-trace/internal/ciartifact/ciartifact_family_names.go:10.23,13.3 1 0
github.com/fall_out_bug/sdp-trace/internal/ciartifact/ciartifact_family_names.go:14.2,14.15 1 1
github.com/fall_out_bug/sdp-trace/internal/ciartifact/ciartifact_family_names.go:17.38,19.2 1 1
github.com/fall_out_bug/sdp-trace/internal/ciartifact/ciartifact_family_names.go:21.45,25.32 1 1
github.com/fall_out_bug/sdp-trace/internal/ciartifact/ciartifact_family_names.go:25.32,27.3 1 1
github.com/fall_out_bug/sdp-trace/internal/ciartifact/ciartifact_family_names.go:29.2,29.28 1 1
github.com/fall_out_bug/sdp-trace/internal/ciartifact/ciartifact_family_observed.go:3.68,7.31 2 1
github.com/fall_out_bug/sdp-trace/internal/ciartifact/ciartifact_family_observed.go:7.31,10.33 2 1
github.com/fall_out_bug/sdp-trace/internal/ciartifact/ciartifact_family_observed.go:10.33,11.12 1 1
github.com/fall_out_bug/sdp-trace/internal/ciartifact/ciartifact_family_observed.go:13.3,17.33 4 1
github.com/fall_out_bug/sdp-trace/internal/ciartifact/ciartifact_family_observed.go:19.2,19.17 1 1
github.com/fall_out_bug/sdp-trace/internal/ciartifact/ciartifact_family_required.go:5.140,11.37 3 1
github.com/fall_out_bug/sdp-trace/internal/ciartifact/ciartifact_family_required.go:11.37,12.34 1 1
github.com/fall_out_bug/sdp-trace/internal/ciartifact/ciartifact_family_required.go:12.34,15.4 2 1
github.com/fall_out_bug/sdp-trace/internal/ciartifact/ciartifact_family_required.go:17.2,17.18 1 1
github.com/fall_out_bug/sdp-trace/internal/ciartifact/ciartifact_family_required.go:20.84,24.31 2 1
github.com/fall_out_bug/sdp-trace/internal/ciartifact/ciartifact_family_required.go:24.31,25.20 1 1
github.com/fall_out_bug/sdp-trace/internal/ciartifact/ciartifact_family_required.go:25.20,28.4 1 0
github.com/fall_out_bug/sdp-trace/internal/ciartifact/ciartifact_family_required.go:30.2,31.14 2 1
github.com/fall_out_bug/sdp-trace/internal/ciartifact/ciartifact_hex.go:5.45,9.26 1 1
github.com/fall_out_bug/sdp-trace/internal/ciartifact/ciartifact_hex.go:9.26,12.3 1 1
github.com/fall_out_bug/sdp-trace/internal/ciartifact/ciartifact_hex.go:13.2,13.26 1 1
github.com/fall_out_bug/sdp-trace/internal/ciartifact/ciartifact_hex.go:13.26,14.20 1 1
github.com/fall_out_bug/sdp-trace/internal/ciartifact/ciartifact_hex.go:14.20,17.4 1 0
github.com/fall_out_bug/sdp-trace/internal/ciartifact/ciartifact_hex.go:19.2,19.13 1 1
github.com/fall_out_bug/sdp-trace/internal/ciartifact/ciartifact_hex.go:22.29,24.2 1 1
github.com/fall_out_bug/sdp-trace/internal/ciartifact/ciartifact_identity_ref.go:5.33,9.17 1 1
github.com/fall_out_bug/sdp-trace/internal/ciartifact/ciartifact_identity_ref.go:9.17,11.3 1 0
github.com/fall_out_bug/sdp-trace/internal/ciartifact/ciartifact_identity_ref.go:12.2,12.27 1 1
github.com/fall_out_bug/sdp-trace/internal/ciartifact/ciartifact_identity_ref.go:12.27,15.3 1 0
github.com/fall_out_bug/sdp-trace/internal/ciartifact/ciartifact_identity_ref.go:16.2,16.41 1 1
github.com/fall_out_bug/sdp-trace/internal/ciartifact/ciartifact_identity_ref.go:19.39,28.2 1 1
github.com/fall_out_bug/sdp-trace/internal/ciartifact/ciartifact_identity_run.go:3.57,15.2 8 1
github.com/fall_out_bug/sdp-trace/internal/ciartifact/ciartifact_identity_run.go:17.59,21.52 1 1
github.com/fall_out_bug/sdp-trace/internal/ciartifact/ciartifact_identity_run.go:21.52,23.3 1 1
github.com/fall_out_bug/sdp-trace/internal/ciartifact/ciartifact_identity_run.go:25.2,25.18 1 1
github.com/fall_out_bug/sdp-trace/internal/ciartifact/ciartifact_identity_run.go:28.35,32.31 1 1
github.com/fall_out_bug/sdp-trace/internal/ciartifact/ciartifact_identity_run.go:32.31,33.13 1 1
github.com/fall_out_bug/sdp-trace/internal/ciartifact/ciartifact_identity_run.go:33.13,36.4 1 1
github.com/fall_out_bug/sdp-trace/internal/ciartifact/ciartifact_identity_run.go:38.2,38.13 1 1
github.com/fall_out_bug/sdp-trace/internal/ciartifact/ciartifact_identity_source.go:3.66,8.92 1 1
github.com/fall_out_bug/sdp-trace/internal/ciartifact/ciartifact_identity_source.go:8.92,8.135 1 1
github.com/fall_out_bug/sdp-trace/internal/ciartifact/ciartifact_identity_source.go:9.2,11.119 3 1
github.com/fall_out_bug/sdp-trace/internal/ciartifact/ciartifact_identity_source.go:14.80,18.33 1 1
github.com/fall_out_bug/sdp-trace/internal/ciartifact/ciartifact_identity_source.go:18.33,20.3 1 1
github.com/fall_out_bug/sdp-trace/internal/ciartifact/ciartifact_identity_source.go:22.2,22.18 1 1
github.com/fall_out_bug/sdp-trace/internal/ciartifact/ciartifact_identity_source.go:25.39,27.2 1 1
github.com/fall_out_bug/sdp-trace/internal/ciartifact/ciartifact_identity_token.go:5.50,8.17 1 1
github.com/fall_out_bug/sdp-trace/internal/ciartifact/ciartifact_identity_token.go:8.17,10.3 1 1
github.com/fall_out_bug/sdp-trace/internal/ciartifact/ciartifact_identity_token.go:11.2,11.37 1 1
github.com/fall_out_bug/sdp-trace/internal/ciartifact/ciartifact_identity_token.go:11.37,14.3 1 1
github.com/fall_out_bug/sdp-trace/internal/ciartifact/ciartifact_identity_token.go:15.2,15.32 1 1
github.com/fall_out_bug/sdp-trace/internal/ciartifact/ciartifact_identity_token.go:15.32,18.3 1 1
github.com/fall_out_bug/sdp-trace/internal/ciartifact/ciartifact_identity_token.go:19.2,19.50 1 1
github.com/fall_out_bug/sdp-trace/internal/ciartifact/ciartifact_identity_token.go:22.49,24.2 1 1
github.com/fall_out_bug/sdp-trace/internal/ciartifact/ciartifact_identity_token.go:26.60,30.26 1 1
github.com/fall_out_bug/sdp-trace/internal/ciartifact/ciartifact_identity_token.go:30.26,31.39 1 1
github.com/fall_out_bug/sdp-trace/internal/ciartifact/ciartifact_identity_token.go:31.39,34.4 1 1
github.com/fall_out_bug/sdp-trace/internal/ciartifact/ciartifact_identity_token.go:36.2,36.13 1 1
github.com/fall_out_bug/sdp-trace/internal/ciartifact/ciartifact_identity_token.go:39.55,41.2 1 1
github.com/fall_out_bug/sdp-trace/internal/ciartifact/ciartifact_identity_token.go:43.42,45.2 1 1
github.com/fall_out_bug/sdp-trace/internal/ciartifact/ciartifact_identity_unsafe.go:5.45,12.41 2 1
github.com/fall_out_bug/sdp-trace/internal/ciartifact/ciartifact_identity_unsafe.go:12.41,14.3 1 1
github.com/fall_out_bug/sdp-trace/internal/ciartifact/ciartifact_identity_unsafe.go:16.2,16.71 1 1
github.com/fall_out_bug/sdp-trace/internal/ciartifact/ciartifact_identity_unsafe.go:19.54,23.47 1 1
github.com/fall_out_bug/sdp-trace/internal/ciartifact/ciartifact_identity_unsafe.go:23.47,24.38 1 1
github.com/fall_out_bug/sdp-trace/internal/ciartifact/ciartifact_identity_unsafe.go:24.38,27.4 1 1
github.com/fall_out_bug/sdp-trace/internal/ciartifact/ciartifact_identity_unsafe.go:29.2,29.14 1 1
github.com/fall_out_bug/sdp-trace/internal/ciartifact/ciartifact_index.go:3.66,8.45 2 1
github.com/fall_out_bug/sdp-trace/internal/ciartifact/ciartifact_index.go:8.45,10.3 1 1
github.com/fall_out_bug/sdp-trace/internal/ciartifact/ciartifact_index.go:11.2,13.174 2 1
github.com/fall_out_bug/sdp-trace/internal/ciartifact/ciartifact_inputs.go:10.65,21.2 2 1
github.com/fall_out_bug/sdp-trace/internal/ciartifact/ciartifact_inputs.go:23.75,27.28 2 1
github.com/fall_out_bug/sdp-trace/internal/ciartifact/ciartifact_inputs.go:27.28,30.19 2 1
github.com/fall_out_bug/sdp-trace/internal/ciartifact/ciartifact_inputs.go:30.19,31.12 1 0
github.com/fall_out_bug/sdp-trace/internal/ciartifact/ciartifact_inputs.go:33.3,35.21 3 1
github.com/fall_out_bug/sdp-trace/internal/ciartifact/ciartifact_inputs.go:37.2,37.13 1 1
github.com/fall_out_bug/sdp-trace/internal/ciartifact/ciartifact_output_classes.go:5.43,18.30 3 1
github.com/fall_out_bug/sdp-trace/internal/ciartifact/ciartifact_output_classes.go:18.30,19.21 1 1
github.com/fall_out_bug/sdp-trace/internal/ciartifact/ciartifact_output_classes.go:19.21,22.4 1 1
github.com/fall_out_bug/sdp-trace/internal/ciartifact/ciartifact_output_classes.go:24.2,25.12 2 1
github.com/fall_out_bug/sdp-trace/internal/ciartifact/ciartifact_producer_scope.go:5.53,9.36 1 1
github.com/fall_out_bug/sdp-trace/internal/ciartifact/ciartifact_producer_scope.go:9.36,12.3 1 0
github.com/fall_out_bug/sdp-trace/internal/ciartifact/ciartifact_producer_scope.go:13.2,14.66 2 1
github.com/fall_out_bug/sdp-trace/internal/ciartifact/ciartifact_producer_scope.go:14.66,17.3 1 1
github.com/fall_out_bug/sdp-trace/internal/ciartifact/ciartifact_producer_scope.go:18.2,18.14 1 1
github.com/fall_out_bug/sdp-trace/internal/ciartifact/ciartifact_producer_scope.go:21.46,25.22 1 1
github.com/fall_out_bug/sdp-trace/internal/ciartifact/ciartifact_producer_scope.go:25.22,27.3 1 1
github.com/fall_out_bug/sdp-trace/internal/ciartifact/ciartifact_producer_scope.go:29.2,29.34 1 1
github.com/fall_out_bug/sdp-trace/internal/ciartifact/ciartifact_producer_scope.go:32.35,34.2 1 1
github.com/fall_out_bug/sdp-trace/internal/ciartifact/ciartifact_reasons.go:3.134,13.2 6 1
github.com/fall_out_bug/sdp-trace/internal/ciartifact/ciartifact_reasons.go:15.74,19.34 1 1
github.com/fall_out_bug/sdp-trace/internal/ciartifact/ciartifact_reasons.go:19.34,22.3 1 1
github.com/fall_out_bug/sdp-trace/internal/ciartifact/ciartifact_reasons.go:25.72,29.32 1 1
github.com/fall_out_bug/sdp-trace/internal/ciartifact/ciartifact_reasons.go:29.32,32.3 1 1
github.com/fall_out_bug/sdp-trace/internal/ciartifact/ciartifact_reasons.go:35.72,36.26 1 1
github.com/fall_out_bug/sdp-trace/internal/ciartifact/ciartifact_reasons.go:36.26,38.3 1 1
github.com/fall_out_bug/sdp-trace/internal/ciartifact/ciartifact_reasons.go:41.45,43.2 1 1
github.com/fall_out_bug/sdp-trace/internal/ciartifact/ciartifact_requirements_order.go:3.81,9.37 2 1
github.com/fall_out_bug/sdp-trace/internal/ciartifact/ciartifact_requirements_order.go:9.37,10.34 1 1
github.com/fall_out_bug/sdp-trace/internal/ciartifact/ciartifact_requirements_order.go:10.34,12.4 1 1
github.com/fall_out_bug/sdp-trace/internal/ciartifact/ciartifact_requirements_order.go:14.2,14.12 1 1
github.com/fall_out_bug/sdp-trace/internal/ciartifact/ciartifact_result.go:3.166,10.2 3 1
github.com/fall_out_bug/sdp-trace/internal/ciartifact/ciartifact_result.go:12.143,36.2 2 1
github.com/fall_out_bug/sdp-trace/internal/ciartifact/ciartifact_result.go:38.103,44.2 2 1
github.com/fall_out_bug/sdp-trace/internal/ciartifact/ciartifact_safety.go:3.65,9.9 3 1
github.com/fall_out_bug/sdp-trace/internal/ciartifact/ciartifact_safety.go:9.9,13.3 2 1
github.com/fall_out_bug/sdp-trace/internal/ciartifact/ciartifact_safety.go:14.2,14.140 1 1
github.com/fall_out_bug/sdp-trace/internal/ciartifact/ciartifact_safety_ruleset.go:9.62,12.26 1 1
github.com/fall_out_bug/sdp-trace/internal/ciartifact/ciartifact_safety_ruleset.go:12.26,15.3 1 1
github.com/fall_out_bug/sdp-trace/internal/ciartifact/ciartifact_safety_ruleset.go:16.2,16.32 1 1
github.com/fall_out_bug/sdp-trace/internal/ciartifact/ciartifact_safety_ruleset.go:16.32,20.3 2 1
github.com/fall_out_bug/sdp-trace/internal/ciartifact/ciartifact_safety_ruleset.go:21.2,21.14 1 1
github.com/fall_out_bug/sdp-trace/internal/ciartifact/ciartifact_safety_ruleset.go:24.43,41.2 1 1
github.com/fall_out_bug/sdp-trace/internal/ciartifact/ciartifact_safety_ruleset.go:43.51,47.36 1 1
github.com/fall_out_bug/sdp-trace/internal/ciartifact/ciartifact_safety_ruleset.go:47.36,50.3 1 1
github.com/fall_out_bug/sdp-trace/internal/ciartifact/ciartifact_safety_ruleset.go:51.2,51.14 1 1
github.com/fall_out_bug/sdp-trace/internal/ciartifact/ciartifact_sort.go:5.47,11.25 2 1
github.com/fall_out_bug/sdp-trace/internal/ciartifact/ciartifact_sort.go:11.25,13.3 1 1
github.com/fall_out_bug/sdp-trace/internal/ciartifact/ciartifact_sort.go:14.2,15.12 2 1
github.com/fall_out_bug/sdp-trace/internal/ciartifact/ciartifact_top_level.go:3.152,6.68 1 1
github.com/fall_out_bug/sdp-trace/internal/ciartifact/ciartifact_top_level.go:6.68,9.3 1 1
github.com/fall_out_bug/sdp-trace/internal/ciartifact/ciartifact_top_level.go:10.2,10.83 1 1
github.com/fall_out_bug/sdp-trace/internal/ciartifact/ciartifact_top_level.go:10.83,13.3 1 1
github.com/fall_out_bug/sdp-trace/internal/ciartifact/ciartifact_top_level.go:14.2,14.24 1 1
github.com/fall_out_bug/sdp-trace/internal/ciartifact/ciartifact_top_level.go:14.24,18.3 1 1
github.com/fall_out_bug/sdp-trace/internal/ciartifact/ciartifact_top_level.go:19.2,19.18 1 1
github.com/fall_out_bug/sdp-trace/internal/ciartifact/ciartifact_top_level.go:22.153,26.2 1 1
github.com/fall_out_bug/sdp-trace/internal/ciartifact/ciartifact_top_level.go:28.136,32.2 1 1
github.com/fall_out_bug/sdp-trace/internal/ciartifact/ciartifact_top_level.go:34.70,38.34 1 1
github.com/fall_out_bug/sdp-trace/internal/ciartifact/ciartifact_top_level.go:38.34,39.34 1 1
github.com/fall_out_bug/sdp-trace/internal/ciartifact/ciartifact_top_level.go:39.34,42.4 1 1
github.com/fall_out_bug/sdp-trace/internal/ciartifact/ciartifact_top_level.go:44.2,44.14 1 1
github.com/fall_out_bug/sdp-trace/internal/contract/contract.go:25.58,29.16 2 1
github.com/fall_out_bug/sdp-trace/internal/contract/contract.go:29.16,31.3 1 0
github.com/fall_out_bug/sdp-trace/internal/contract/contract.go:34.2,35.55 2 1
github.com/fall_out_bug/sdp-trace/internal/contract/contract.go:35.55,37.3 1 0
github.com/fall_out_bug/sdp-trace/internal/contract/contract.go:38.2,38.44 1 1
github.com/fall_out_bug/sdp-trace/internal/contract/contract.go:38.44,40.3 1 0
github.com/fall_out_bug/sdp-trace/internal/contract/contract.go:41.2,41.22 1 1
github.com/fall_out_bug/sdp-trace/internal/contract/digest.go:13.60,17.16 2 1
github.com/fall_out_bug/sdp-trace/internal/contract/digest.go:17.16,19.3 1 0
github.com/fall_out_bug/sdp-trace/internal/contract/digest.go:21.2,21.40 1 1
github.com/fall_out_bug/sdp-trace/internal/contract/digest.go:24.78,34.16 7 1
github.com/fall_out_bug/sdp-trace/internal/contract/digest.go:34.16,36.3 1 0
github.com/fall_out_bug/sdp-trace/internal/contract/digest.go:37.2,37.23 1 1
github.com/fall_out_bug/sdp-trace/internal/contract/digest.go:40.42,44.2 2 1
github.com/fall_out_bug/sdp-trace/internal/contract/validation.go:10.52,14.16 1 1
github.com/fall_out_bug/sdp-trace/internal/contract/validation.go:14.16,14.72 1 1
github.com/fall_out_bug/sdp-trace/internal/contract/validation.go:15.16,15.72 1 1
github.com/fall_out_bug/sdp-trace/internal/contract/validation.go:16.16,16.72 1 1
github.com/fall_out_bug/sdp-trace/internal/contract/validation.go:32.98,35.31 1 1
github.com/fall_out_bug/sdp-trace/internal/contract/validation.go:35.31,37.83 1 1
github.com/fall_out_bug/sdp-trace/internal/contract/validation.go:37.83,39.4 1 1
github.com/fall_out_bug/sdp-trace/internal/contract/validation.go:41.2,41.12 1 1
github.com/fall_out_bug/sdp-trace/internal/contract/validation.go:44.94,47.31 1 1
github.com/fall_out_bug/sdp-trace/internal/contract/validation.go:47.31,49.81 1 1
github.com/fall_out_bug/sdp-trace/internal/contract/validation.go:49.81,51.4 1 1
github.com/fall_out_bug/sdp-trace/internal/contract/validation.go:53.2,53.12 1 1
github.com/fall_out_bug/sdp-trace/internal/contract/validation.go:56.55,57.17 1 1
github.com/fall_out_bug/sdp-trace/internal/contract/validation.go:57.17,63.3 1 1
github.com/fall_out_bug/sdp-trace/internal/contract/validation.go:64.2,64.12 1 1
github.com/fall_out_bug/sdp-trace/internal/contract/validation.go:67.63,68.22 1 1
github.com/fall_out_bug/sdp-trace/internal/contract/validation.go:68.22,73.3 1 1
github.com/fall_out_bug/sdp-trace/internal/contract/validation.go:74.2,74.12 1 1
github.com/fall_out_bug/sdp-trace/internal/contract/validation.go:77.57,80.31 1 1
github.com/fall_out_bug/sdp-trace/internal/contract/validation.go:80.31,82.33 1 1
github.com/fall_out_bug/sdp-trace/internal/contract/validation.go:82.33,84.4 1 1
github.com/fall_out_bug/sdp-trace/internal/contract/validation.go:86.2,86.12 1 1
github.com/fall_out_bug/sdp-trace/internal/contract/validation_fields.go:6.61,6.87 1 1
github.com/fall_out_bug/sdp-trace/internal/contract/validation_fields.go:7.58,7.81 1 1
github.com/fall_out_bug/sdp-trace/internal/contract/validation_fields.go:8.54,8.74 1 1
github.com/fall_out_bug/sdp-trace/internal/contract/validation_fields.go:9.62,9.89 1 1
github.com/fall_out_bug/sdp-trace/internal/contract/validation_fields.go:10.67,10.98 1 1
github.com/fall_out_bug/sdp-trace/internal/contract/validation_fields.go:16.66,16.96 1 1
github.com/fall_out_bug/sdp-trace/internal/contract/validation_fields.go:17.63,17.90 1 1
github.com/fall_out_bug/sdp-trace/internal/contract/validation_fields.go:18.59,18.82 1 1
github.com/fall_out_bug/sdp-trace/internal/contract/validation_fields.go:23.71,23.105 1 1
github.com/fall_out_bug/sdp-trace/internal/contract/validation_fields.go:24.64,24.93 1 1
github.com/fall_out_bug/sdp-trace/internal/contract/validation_fields.go:25.64,25.93 1 1
github.com/fall_out_bug/sdp-trace/internal/export/bundle_build.go:5.173,9.16 2 1
github.com/fall_out_bug/sdp-trace/internal/export/bundle_build.go:9.16,11.3 1 1
github.com/fall_out_bug/sdp-trace/internal/export/bundle_build.go:12.2,14.80 2 1
github.com/fall_out_bug/sdp-trace/internal/export/bundle_build.go:17.76,18.21 1 1
github.com/fall_out_bug/sdp-trace/internal/export/bundle_build.go:18.21,22.3 1 0
github.com/fall_out_bug/sdp-trace/internal/export/bundle_build.go:23.2,23.23 1 1
github.com/fall_out_bug/sdp-trace/internal/export/bundle_build.go:26.170,36.2 1 1
github.com/fall_out_bug/sdp-trace/internal/export/bundle_io.go:9.57,11.2 1 1
github.com/fall_out_bug/sdp-trace/internal/export/bundle_io.go:14.45,16.2 1 1
github.com/fall_out_bug/sdp-trace/internal/export/bundle_io.go:18.57,21.16 2 1
github.com/fall_out_bug/sdp-trace/internal/export/bundle_io.go:21.16,23.3 1 0
github.com/fall_out_bug/sdp-trace/internal/export/bundle_io.go:24.2,24.40 1 1
github.com/fall_out_bug/sdp-trace/internal/export/bundle_io.go:27.51,31.16 2 1
github.com/fall_out_bug/sdp-trace/internal/export/bundle_io.go:31.16,33.3 1 0
github.com/fall_out_bug/sdp-trace/internal/export/bundle_io.go:34.2,35.54 2 1
github.com/fall_out_bug/sdp-trace/internal/export/bundle_io.go:35.54,37.3 1 0
github.com/fall_out_bug/sdp-trace/internal/export/bundle_io.go:38.2,38.20 1 1
github.com/fall_out_bug/sdp-trace/internal/export/export.go:17.173,19.2 1 1
github.com/fall_out_bug/sdp-trace/internal/export/paths.go:6.44,8.2 1 1
github.com/fall_out_bug/sdp-trace/internal/forensic/forensic.go:3.45,6.2 2 1
github.com/fall_out_bug/sdp-trace/internal/forensic/forensic_actions.go:5.47,10.39 2 1
github.com/fall_out_bug/sdp-trace/internal/forensic/forensic_actions.go:10.39,11.35 1 1
github.com/fall_out_bug/sdp-trace/internal/forensic/forensic_actions.go:11.35,14.4 1 1
github.com/fall_out_bug/sdp-trace/internal/forensic/forensic_actions.go:16.2,17.12 2 1
github.com/fall_out_bug/sdp-trace/internal/forensic/forensic_actions.go:20.51,25.39 2 1
github.com/fall_out_bug/sdp-trace/internal/forensic/forensic_actions.go:25.39,28.3 1 1
github.com/fall_out_bug/sdp-trace/internal/forensic/forensic_actions.go:29.2,30.26 2 1
github.com/fall_out_bug/sdp-trace/internal/forensic/forensic_actions.go:30.26,32.3 1 1
github.com/fall_out_bug/sdp-trace/internal/forensic/forensic_actions.go:33.2,34.12 2 1
github.com/fall_out_bug/sdp-trace/internal/forensic/forensic_actions.go:37.62,41.64 1 1
github.com/fall_out_bug/sdp-trace/internal/forensic/forensic_actions.go:41.64,44.3 1 1
github.com/fall_out_bug/sdp-trace/internal/forensic/forensic_assessment.go:3.50,21.2 1 1
github.com/fall_out_bug/sdp-trace/internal/forensic/forensic_assessment.go:23.64,35.53 2 1
github.com/fall_out_bug/sdp-trace/internal/forensic/forensic_assessment.go:35.53,38.3 1 1
github.com/fall_out_bug/sdp-trace/internal/forensic/forensic_assessment.go:40.2,42.15 3 1
github.com/fall_out_bug/sdp-trace/internal/forensic/forensic_condition_constructors.go:3.46,5.2 1 1
github.com/fall_out_bug/sdp-trace/internal/forensic/forensic_condition_constructors.go:7.54,9.2 1 1
github.com/fall_out_bug/sdp-trace/internal/forensic/forensic_condition_constructors.go:11.66,13.2 1 1
github.com/fall_out_bug/sdp-trace/internal/forensic/forensic_condition_constructors.go:15.62,17.2 1 1
github.com/fall_out_bug/sdp-trace/internal/forensic/forensic_critical.go:3.55,8.41 2 1
github.com/fall_out_bug/sdp-trace/internal/forensic/forensic_critical.go:8.41,10.78 1 1
github.com/fall_out_bug/sdp-trace/internal/forensic/forensic_critical.go:10.78,12.4 1 1
github.com/fall_out_bug/sdp-trace/internal/forensic/forensic_critical.go:14.2,14.145 1 1
github.com/fall_out_bug/sdp-trace/internal/forensic/forensic_critical.go:17.106,21.37 1 1
github.com/fall_out_bug/sdp-trace/internal/forensic/forensic_critical.go:21.37,24.3 1 0
github.com/fall_out_bug/sdp-trace/internal/forensic/forensic_critical.go:25.2,25.42 1 1
github.com/fall_out_bug/sdp-trace/internal/forensic/forensic_critical.go:28.73,30.2 1 1
github.com/fall_out_bug/sdp-trace/internal/forensic/forensic_critical.go:32.73,36.58 1 1
github.com/fall_out_bug/sdp-trace/internal/forensic/forensic_critical.go:36.58,38.3 1 1
github.com/fall_out_bug/sdp-trace/internal/forensic/forensic_critical.go:39.2,39.61 1 1
github.com/fall_out_bug/sdp-trace/internal/forensic/forensic_critical.go:39.61,42.3 1 1
github.com/fall_out_bug/sdp-trace/internal/forensic/forensic_critical.go:43.2,43.68 1 1
github.com/fall_out_bug/sdp-trace/internal/forensic/forensic_critical.go:45.76,49.72 1 1
github.com/fall_out_bug/sdp-trace/internal/forensic/forensic_critical.go:49.72,52.3 1 1
github.com/fall_out_bug/sdp-trace/internal/forensic/forensic_critical.go:53.2,53.27 1 0
github.com/fall_out_bug/sdp-trace/internal/forensic/forensic_critical.go:56.59,58.2 1 1
github.com/fall_out_bug/sdp-trace/internal/forensic/forensic_critical.go:59.83,63.31 1 1
github.com/fall_out_bug/sdp-trace/internal/forensic/forensic_critical.go:63.31,66.3 1 1
github.com/fall_out_bug/sdp-trace/internal/forensic/forensic_critical.go:67.2,67.210 1 1
github.com/fall_out_bug/sdp-trace/internal/forensic/forensic_critical_helpers.go:3.50,9.63 3 1
github.com/fall_out_bug/sdp-trace/internal/forensic/forensic_critical_helpers.go:9.63,12.3 1 1
github.com/fall_out_bug/sdp-trace/internal/forensic/forensic_critical_helpers.go:13.2,14.12 2 1
github.com/fall_out_bug/sdp-trace/internal/forensic/forensic_critical_helpers.go:17.47,18.54 1 1
github.com/fall_out_bug/sdp-trace/internal/forensic/forensic_critical_helpers.go:18.54,21.3 1 1
github.com/fall_out_bug/sdp-trace/internal/forensic/forensic_critical_helpers.go:24.85,28.39 1 1
github.com/fall_out_bug/sdp-trace/internal/forensic/forensic_critical_helpers.go:28.39,29.46 1 1
github.com/fall_out_bug/sdp-trace/internal/forensic/forensic_critical_helpers.go:29.46,32.4 1 1
github.com/fall_out_bug/sdp-trace/internal/forensic/forensic_critical_helpers.go:36.72,38.2 1 1
github.com/fall_out_bug/sdp-trace/internal/forensic/forensic_critical_helpers.go:40.41,44.31 1 1
github.com/fall_out_bug/sdp-trace/internal/forensic/forensic_critical_helpers.go:44.31,45.18 1 1
github.com/fall_out_bug/sdp-trace/internal/forensic/forensic_critical_helpers.go:45.18,48.4 1 1
github.com/fall_out_bug/sdp-trace/internal/forensic/forensic_critical_helpers.go:50.2,50.13 1 1
github.com/fall_out_bug/sdp-trace/internal/forensic/forensic_overclaim.go:3.48,8.41 2 1
github.com/fall_out_bug/sdp-trace/internal/forensic/forensic_overclaim.go:8.41,9.49 1 1
github.com/fall_out_bug/sdp-trace/internal/forensic/forensic_overclaim.go:9.49,12.4 1 1
github.com/fall_out_bug/sdp-trace/internal/forensic/forensic_overclaim.go:14.2,14.138 1 1
github.com/fall_out_bug/sdp-trace/internal/forensic/forensic_overclaim.go:17.85,19.2 1 1
github.com/fall_out_bug/sdp-trace/internal/forensic/forensic_overclaim.go:21.54,23.2 1 1
github.com/fall_out_bug/sdp-trace/internal/forensic/forensic_policy.go:3.45,8.63 1 1
github.com/fall_out_bug/sdp-trace/internal/forensic/forensic_policy.go:8.63,10.3 1 1
github.com/fall_out_bug/sdp-trace/internal/forensic/forensic_policy.go:11.2,11.58 1 1
github.com/fall_out_bug/sdp-trace/internal/forensic/forensic_policy.go:11.58,13.3 1 1
github.com/fall_out_bug/sdp-trace/internal/forensic/forensic_policy.go:14.2,14.61 1 1
github.com/fall_out_bug/sdp-trace/internal/forensic/forensic_policy.go:14.61,16.3 1 1
github.com/fall_out_bug/sdp-trace/internal/forensic/forensic_policy.go:17.2,17.125 1 1
github.com/fall_out_bug/sdp-trace/internal/forensic/forensic_policy.go:20.62,24.53 1 1
github.com/fall_out_bug/sdp-trace/internal/forensic/forensic_policy.go:24.53,25.19 1 1
github.com/fall_out_bug/sdp-trace/internal/forensic/forensic_policy.go:25.19,28.4 1 1
github.com/fall_out_bug/sdp-trace/internal/forensic/forensic_policy.go:30.2,30.27 1 1
github.com/fall_out_bug/sdp-trace/internal/forensic/forensic_policy_binding.go:3.62,7.66 1 1
github.com/fall_out_bug/sdp-trace/internal/forensic/forensic_policy_binding.go:7.66,9.3 1 1
github.com/fall_out_bug/sdp-trace/internal/forensic/forensic_policy_binding.go:11.2,11.200 1 1
github.com/fall_out_bug/sdp-trace/internal/forensic/forensic_policy_binding.go:14.65,18.41 1 1
github.com/fall_out_bug/sdp-trace/internal/forensic/forensic_policy_binding.go:18.41,19.75 1 1
github.com/fall_out_bug/sdp-trace/internal/forensic/forensic_policy_binding.go:19.75,22.4 1 1
github.com/fall_out_bug/sdp-trace/internal/forensic/forensic_policy_binding.go:24.2,24.27 1 1
github.com/fall_out_bug/sdp-trace/internal/forensic/forensic_policy_binding.go:27.88,31.93 1 1
github.com/fall_out_bug/sdp-trace/internal/forensic/forensic_policy_binding.go:31.93,34.3 1 0
github.com/fall_out_bug/sdp-trace/internal/forensic/forensic_policy_binding.go:35.2,35.72 1 1
github.com/fall_out_bug/sdp-trace/internal/forensic/forensic_policy_binding.go:35.72,37.3 1 1
github.com/fall_out_bug/sdp-trace/internal/forensic/forensic_policy_binding.go:38.2,38.27 1 1
github.com/fall_out_bug/sdp-trace/internal/forensic/forensic_policy_contract.go:3.64,25.2 1 1
github.com/fall_out_bug/sdp-trace/internal/forensic/forensic_policy_contract.go:27.51,39.39 2 1
github.com/fall_out_bug/sdp-trace/internal/forensic/forensic_policy_contract.go:39.39,40.14 1 1
github.com/fall_out_bug/sdp-trace/internal/forensic/forensic_policy_contract.go:40.14,43.4 1 1
github.com/fall_out_bug/sdp-trace/internal/forensic/forensic_policy_contract.go:45.2,45.14 1 1
github.com/fall_out_bug/sdp-trace/internal/forensic/forensic_policy_helpers.go:3.43,5.2 1 1
github.com/fall_out_bug/sdp-trace/internal/forensic/forensic_policy_helpers.go:6.49,11.36 2 1
github.com/fall_out_bug/sdp-trace/internal/forensic/forensic_policy_helpers.go:11.36,12.24 1 1
github.com/fall_out_bug/sdp-trace/internal/forensic/forensic_policy_helpers.go:12.24,15.4 1 1
github.com/fall_out_bug/sdp-trace/internal/forensic/forensic_policy_helpers.go:17.2,17.12 1 1
github.com/fall_out_bug/sdp-trace/internal/forensic/forensic_policy_helpers.go:20.59,25.52 2 1
github.com/fall_out_bug/sdp-trace/internal/forensic/forensic_policy_helpers.go:25.52,28.3 1 1
github.com/fall_out_bug/sdp-trace/internal/forensic/forensic_policy_helpers.go:29.2,29.12 1 1
github.com/fall_out_bug/sdp-trace/internal/forensic/forensic_prewrite.go:3.47,7.41 1 1
github.com/fall_out_bug/sdp-trace/internal/forensic/forensic_prewrite.go:7.41,9.3 1 1
github.com/fall_out_bug/sdp-trace/internal/forensic/forensic_prewrite.go:11.2,12.41 2 1
github.com/fall_out_bug/sdp-trace/internal/forensic/forensic_prewrite.go:12.41,13.67 1 1
github.com/fall_out_bug/sdp-trace/internal/forensic/forensic_prewrite.go:13.67,15.4 1 1
github.com/fall_out_bug/sdp-trace/internal/forensic/forensic_prewrite.go:17.2,17.126 1 1
github.com/fall_out_bug/sdp-trace/internal/forensic/forensic_prewrite.go:20.48,22.2 1 1
github.com/fall_out_bug/sdp-trace/internal/forensic/forensic_prewrite.go:24.95,29.55 1 1
github.com/fall_out_bug/sdp-trace/internal/forensic/forensic_prewrite.go:29.55,30.22 1 1
github.com/fall_out_bug/sdp-trace/internal/forensic/forensic_prewrite.go:30.22,33.4 1 1
github.com/fall_out_bug/sdp-trace/internal/forensic/forensic_prewrite.go:35.2,35.69 1 1
github.com/fall_out_bug/sdp-trace/internal/forensic/forensic_prewrite.go:35.69,38.3 1 1
github.com/fall_out_bug/sdp-trace/internal/forensic/forensic_prewrite.go:39.2,39.27 1 1
github.com/fall_out_bug/sdp-trace/internal/forensic/forensic_prewrite_failures.go:3.69,24.2 1 1
github.com/fall_out_bug/sdp-trace/internal/forensic/forensic_prewrite_rules.go:3.98,7.50 1 1
github.com/fall_out_bug/sdp-trace/internal/forensic/forensic_prewrite_rules.go:7.50,9.94 1 1
github.com/fall_out_bug/sdp-trace/internal/forensic/forensic_prewrite_rules.go:9.94,11.4 1 1
github.com/fall_out_bug/sdp-trace/internal/forensic/forensic_prewrite_rules.go:13.2,13.27 1 1
github.com/fall_out_bug/sdp-trace/internal/forensic/forensic_prewrite_rules.go:15.104,20.9 2 1
github.com/fall_out_bug/sdp-trace/internal/forensic/forensic_prewrite_rules.go:20.9,23.3 1 1
github.com/fall_out_bug/sdp-trace/internal/forensic/forensic_prewrite_rules.go:24.2,24.58 1 1
github.com/fall_out_bug/sdp-trace/internal/forensic/forensic_prewrite_rules.go:24.58,27.3 1 1
github.com/fall_out_bug/sdp-trace/internal/forensic/forensic_prewrite_rules.go:28.2,28.27 1 1
github.com/fall_out_bug/sdp-trace/internal/forensic/forensic_prewrite_rules.go:31.70,33.2 1 1
github.com/fall_out_bug/sdp-trace/internal/forensic/forensic_prewrite_rules.go:35.60,37.2 1 1
github.com/fall_out_bug/sdp-trace/internal/forensic/forensic_prewrite_rules.go:39.65,41.2 1 1
github.com/fall_out_bug/sdp-trace/internal/forensic/forensic_prewrite_rules.go:43.57,45.2 1 1
github.com/fall_out_bug/sdp-trace/internal/forensic/forensic_profile.go:3.55,8.37 2 1
github.com/fall_out_bug/sdp-trace/internal/forensic/forensic_profile.go:8.37,11.3 1 0
github.com/fall_out_bug/sdp-trace/internal/forensic/forensic_profile.go:12.2,12.69 1 1
github.com/fall_out_bug/sdp-trace/internal/forensic/forensic_profile.go:12.69,14.3 1 0
github.com/fall_out_bug/sdp-trace/internal/forensic/forensic_profile.go:15.2,15.124 1 1
github.com/fall_out_bug/sdp-trace/internal/forensic/forensic_profile.go:18.85,30.30 2 1
github.com/fall_out_bug/sdp-trace/internal/forensic/forensic_profile.go:30.30,31.10 1 1
github.com/fall_out_bug/sdp-trace/internal/forensic/forensic_profile.go:31.10,34.4 1 0
github.com/fall_out_bug/sdp-trace/internal/forensic/forensic_profile.go:36.2,36.13 1 1
github.com/fall_out_bug/sdp-trace/internal/forensic/forensic_raw_reference.go:3.51,7.41 1 1
github.com/fall_out_bug/sdp-trace/internal/forensic/forensic_raw_reference.go:7.41,9.17 2 1
github.com/fall_out_bug/sdp-trace/internal/forensic/forensic_raw_reference.go:9.17,10.12 1 1
github.com/fall_out_bug/sdp-trace/internal/forensic/forensic_raw_reference.go:13.3,13.54 1 1
github.com/fall_out_bug/sdp-trace/internal/forensic/forensic_raw_reference.go:13.54,15.4 1 1
github.com/fall_out_bug/sdp-trace/internal/forensic/forensic_raw_reference.go:17.2,17.116 1 1
github.com/fall_out_bug/sdp-trace/internal/forensic/forensic_raw_reference.go:20.64,23.2 2 1
github.com/fall_out_bug/sdp-trace/internal/forensic/forensic_raw_reference.go:25.73,29.51 1 1
github.com/fall_out_bug/sdp-trace/internal/forensic/forensic_raw_reference.go:29.51,30.24 1 1
github.com/fall_out_bug/sdp-trace/internal/forensic/forensic_raw_reference.go:30.24,33.4 1 1
github.com/fall_out_bug/sdp-trace/internal/forensic/forensic_raw_reference.go:35.2,35.26 1 1
github.com/fall_out_bug/sdp-trace/internal/forensic/forensic_raw_reference_states.go:3.61,7.25 1 1
github.com/fall_out_bug/sdp-trace/internal/forensic/forensic_raw_reference_states.go:8.78,10.14 1 0
github.com/fall_out_bug/sdp-trace/internal/forensic/forensic_raw_reference_states.go:11.10,12.15 1 1
github.com/fall_out_bug/sdp-trace/internal/forensic/forensic_raw_reference_states.go:16.62,20.55 1 1
github.com/fall_out_bug/sdp-trace/internal/forensic/forensic_raw_reference_states.go:20.55,23.3 1 1
github.com/fall_out_bug/sdp-trace/internal/forensic/forensic_raw_reference_states.go:24.2,24.29 1 1
github.com/fall_out_bug/sdp-trace/internal/forensic/forensic_raw_reference_states.go:25.96,27.14 1 1
github.com/fall_out_bug/sdp-trace/internal/forensic/forensic_raw_reference_states.go:28.10,29.15 1 1
github.com/fall_out_bug/sdp-trace/internal/forensic/forensic_raw_reference_states.go:33.56,37.15 1 1
github.com/fall_out_bug/sdp-trace/internal/forensic/forensic_raw_reference_states.go:38.122,40.14 1 1
github.com/fall_out_bug/sdp-trace/internal/forensic/forensic_raw_reference_states.go:41.10,42.15 1 1
github.com/fall_out_bug/sdp-trace/internal/forensic/forensic_retention_mode.go:3.52,8.41 2 1
github.com/fall_out_bug/sdp-trace/internal/forensic/forensic_retention_mode.go:8.41,10.74 1 1
github.com/fall_out_bug/sdp-trace/internal/forensic/forensic_retention_mode.go:10.74,12.4 1 1
github.com/fall_out_bug/sdp-trace/internal/forensic/forensic_retention_mode.go:14.2,14.108 1 1
github.com/fall_out_bug/sdp-trace/internal/forensic/forensic_retention_mode.go:17.102,21.46 1 1
github.com/fall_out_bug/sdp-trace/internal/forensic/forensic_retention_mode.go:21.46,24.3 1 0
github.com/fall_out_bug/sdp-trace/internal/forensic/forensic_retention_mode.go:25.2,25.55 1 1
github.com/fall_out_bug/sdp-trace/internal/forensic/forensic_retention_mode.go:25.55,28.3 1 1
github.com/fall_out_bug/sdp-trace/internal/forensic/forensic_retention_mode.go:29.2,29.27 1 1
github.com/fall_out_bug/sdp-trace/internal/forensic/forensic_tables.go:15.41,18.4 1 1
github.com/fall_out_bug/sdp-trace/internal/forensic/forensic_tables.go:22.41,25.4 1 1
github.com/fall_out_bug/sdp-trace/internal/forensic/forensic_tables.go:29.41,31.4 1 1
github.com/fall_out_bug/sdp-trace/internal/forensic/forensic_tables.go:35.41,37.4 1 1
github.com/fall_out_bug/sdp-trace/internal/forensic/forensic_tables.go:41.41,44.4 1 1
github.com/fall_out_bug/sdp-trace/internal/forensic/forensic_tables.go:48.41,50.4 1 1
github.com/fall_out_bug/sdp-trace/internal/forensic/forensic_tables.go:54.41,56.4 1 1
github.com/fall_out_bug/sdp-trace/internal/forensic/forensic_top_level.go:3.46,8.39 2 1
github.com/fall_out_bug/sdp-trace/internal/forensic/forensic_top_level.go:8.39,9.35 1 1
github.com/fall_out_bug/sdp-trace/internal/forensic/forensic_top_level.go:9.35,12.4 1 1
github.com/fall_out_bug/sdp-trace/internal/forensic/forensic_top_level.go:13.3,13.41 1 1
github.com/fall_out_bug/sdp-trace/internal/forensic/forensic_top_level.go:13.41,15.4 1 1
github.com/fall_out_bug/sdp-trace/internal/forensic/forensic_top_level.go:17.2,17.16 1 1
github.com/fall_out_bug/sdp-trace/internal/forensic/forensic_top_level.go:20.56,22.2 1 1
github.com/fall_out_bug/sdp-trace/internal/forensic/forensic_unresolved.go:3.49,7.41 1 1
github.com/fall_out_bug/sdp-trace/internal/forensic/forensic_unresolved.go:7.41,9.62 1 1
github.com/fall_out_bug/sdp-trace/internal/forensic/forensic_unresolved.go:9.62,11.4 1 1
github.com/fall_out_bug/sdp-trace/internal/forensic/forensic_unresolved.go:13.2,13.127 1 1
github.com/fall_out_bug/sdp-trace/internal/forensic/forensic_unresolved.go:16.74,20.31 1 1
github.com/fall_out_bug/sdp-trace/internal/forensic/forensic_unresolved.go:20.31,23.3 1 0
github.com/fall_out_bug/sdp-trace/internal/forensic/forensic_unresolved.go:24.2,24.54 1 1
github.com/fall_out_bug/sdp-trace/internal/forensic/forensic_unresolved.go:24.54,27.3 1 1
github.com/fall_out_bug/sdp-trace/internal/forensic/forensic_unresolved.go:28.2,28.48 1 1
github.com/fall_out_bug/sdp-trace/internal/forensic/forensic_unresolved.go:31.71,35.42 1 1
github.com/fall_out_bug/sdp-trace/internal/forensic/forensic_unresolved.go:35.42,37.3 1 1
github.com/fall_out_bug/sdp-trace/internal/forensic/forensic_unresolved.go:38.2,38.66 1 1
github.com/fall_out_bug/sdp-trace/internal/forensic/forensic_unresolved.go:38.66,41.3 1 0
github.com/fall_out_bug/sdp-trace/internal/forensic/forensic_unresolved.go:42.2,42.27 1 1
github.com/fall_out_bug/sdp-trace/internal/forensic/forensic_unresolved.go:45.61,54.2 1 1
github.com/fall_out_bug/sdp-trace/internal/forensic/forensic_valid_fixtures_events.go:3.65,12.2 1 0
github.com/fall_out_bug/sdp-trace/internal/forensic/forensic_valid_fixtures_events.go:14.69,32.2 1 0
github.com/fall_out_bug/sdp-trace/internal/forensic/forensic_valid_fixtures_policy.go:5.29,7.2 1 0
github.com/fall_out_bug/sdp-trace/internal/forensic/forensic_valid_fixtures_policy.go:8.29,18.2 2 0
github.com/fall_out_bug/sdp-trace/internal/forensic/forensic_valid_fixtures_policy.go:20.50,41.2 1 0
github.com/fall_out_bug/sdp-trace/internal/forensic/forensic_valid_fixtures_policy.go:43.44,45.2 1 0
github.com/fall_out_bug/sdp-trace/internal/forensic/forensic_valid_fixtures_policy.go:47.39,49.2 1 0
github.com/fall_out_bug/sdp-trace/internal/forensic/forensic_valid_fixtures_policy.go:51.50,53.2 1 0
github.com/fall_out_bug/sdp-trace/internal/forensic/forensic_valid_fixtures_policy_rules.go:3.46,19.2 3 0
github.com/fall_out_bug/sdp-trace/internal/forensic/forensic_valid_fixtures_policy_rules.go:21.35,30.2 1 0
github.com/fall_out_bug/sdp-trace/internal/forensic/forensic_valid_fixtures_raw_reference.go:3.69,23.2 1 0
github.com/fall_out_bug/sdp-trace/internal/forensic/forensic_valid_fixtures_raw_reference.go:24.48,39.2 1 0
github.com/fall_out_bug/sdp-trace/internal/forensic/forensic_valid_fixtures_run.go:3.56,15.2 1 0
github.com/fall_out_bug/sdp-trace/internal/forensic/forensic_valid_fixtures_run.go:16.66,29.2 1 0
github.com/fall_out_bug/sdp-trace/internal/managed/managed.go:3.45,8.50 3 1
github.com/fall_out_bug/sdp-trace/internal/managed/managed.go:8.50,11.3 1 1
github.com/fall_out_bug/sdp-trace/internal/managed/managed.go:12.2,14.15 3 1
github.com/fall_out_bug/sdp-trace/internal/managed/managed_actions.go:3.47,8.36 3 1
github.com/fall_out_bug/sdp-trace/internal/managed/managed_actions.go:8.36,9.35 1 1
github.com/fall_out_bug/sdp-trace/internal/managed/managed_actions.go:9.35,12.4 1 1
github.com/fall_out_bug/sdp-trace/internal/managed/managed_actions.go:14.2,14.12 1 1
github.com/fall_out_bug/sdp-trace/internal/managed/managed_actions.go:17.51,24.2 3 1
github.com/fall_out_bug/sdp-trace/internal/managed/managed_actions.go:25.77,30.36 2 1
github.com/fall_out_bug/sdp-trace/internal/managed/managed_actions.go:30.36,31.38 1 1
github.com/fall_out_bug/sdp-trace/internal/managed/managed_actions.go:31.38,32.12 1 1
github.com/fall_out_bug/sdp-trace/internal/managed/managed_actions.go:35.3,36.42 2 1
github.com/fall_out_bug/sdp-trace/internal/managed/managed_actions.go:38.2,38.12 1 1
github.com/fall_out_bug/sdp-trace/internal/managed/managed_actions.go:41.69,43.2 1 1
github.com/fall_out_bug/sdp-trace/internal/managed/managed_artifacts.go:3.43,7.16 1 1
github.com/fall_out_bug/sdp-trace/internal/managed/managed_artifacts.go:8.72,10.14 1 1
github.com/fall_out_bug/sdp-trace/internal/managed/managed_artifacts.go:11.10,12.15 1 1
github.com/fall_out_bug/sdp-trace/internal/managed/managed_artifacts.go:16.63,20.46 1 1
github.com/fall_out_bug/sdp-trace/internal/managed/managed_artifacts.go:20.46,23.3 1 0
github.com/fall_out_bug/sdp-trace/internal/managed/managed_artifacts.go:24.2,25.47 2 1
github.com/fall_out_bug/sdp-trace/internal/managed/managed_artifacts.go:25.47,27.3 1 1
github.com/fall_out_bug/sdp-trace/internal/managed/managed_artifacts.go:28.2,28.23 1 1
github.com/fall_out_bug/sdp-trace/internal/managed/managed_artifacts.go:30.87,34.36 1 1
github.com/fall_out_bug/sdp-trace/internal/managed/managed_artifacts.go:34.36,35.45 1 1
github.com/fall_out_bug/sdp-trace/internal/managed/managed_artifacts.go:35.45,38.4 1 1
github.com/fall_out_bug/sdp-trace/internal/managed/managed_artifacts.go:39.3,39.30 1 1
github.com/fall_out_bug/sdp-trace/internal/managed/managed_artifacts.go:41.2,41.13 1 1
github.com/fall_out_bug/sdp-trace/internal/managed/managed_artifacts.go:44.74,49.37 2 1
github.com/fall_out_bug/sdp-trace/internal/managed/managed_artifacts.go:49.37,52.3 1 1
github.com/fall_out_bug/sdp-trace/internal/managed/managed_artifacts.go:53.2,53.13 1 1
github.com/fall_out_bug/sdp-trace/internal/managed/managed_assessment.go:3.49,11.2 4 1
github.com/fall_out_bug/sdp-trace/internal/managed/managed_assessment.go:13.58,25.2 1 1
github.com/fall_out_bug/sdp-trace/internal/managed/managed_assessment.go:27.60,41.2 1 1
github.com/fall_out_bug/sdp-trace/internal/managed/managed_assessment.go:43.56,51.2 1 1
github.com/fall_out_bug/sdp-trace/internal/managed/managed_assessment.go:53.71,64.2 1 1
github.com/fall_out_bug/sdp-trace/internal/managed/managed_authority_boundary.go:3.47,7.21 2 1
github.com/fall_out_bug/sdp-trace/internal/managed/managed_authority_boundary.go:7.21,10.3 1 1
github.com/fall_out_bug/sdp-trace/internal/managed/managed_authority_boundary.go:11.2,11.63 1 1
github.com/fall_out_bug/sdp-trace/internal/managed/managed_authority_boundary.go:11.63,14.3 1 1
github.com/fall_out_bug/sdp-trace/internal/managed/managed_authority_boundary.go:15.2,15.47 1 1
github.com/fall_out_bug/sdp-trace/internal/managed/managed_authority_boundary.go:15.47,18.3 1 0
github.com/fall_out_bug/sdp-trace/internal/managed/managed_authority_boundary.go:19.2,19.145 1 1
github.com/fall_out_bug/sdp-trace/internal/managed/managed_authority_boundary.go:22.89,24.2 1 1
github.com/fall_out_bug/sdp-trace/internal/managed/managed_authority_boundary.go:26.82,28.2 1 1
github.com/fall_out_bug/sdp-trace/internal/managed/managed_authority_capability.go:3.49,7.9 2 1
github.com/fall_out_bug/sdp-trace/internal/managed/managed_authority_capability.go:7.9,10.3 1 1
github.com/fall_out_bug/sdp-trace/internal/managed/managed_authority_capability.go:11.2,11.59 1 1
github.com/fall_out_bug/sdp-trace/internal/managed/managed_authority_capability.go:14.81,19.9 2 1
github.com/fall_out_bug/sdp-trace/internal/managed/managed_authority_capability.go:19.9,21.3 1 0
github.com/fall_out_bug/sdp-trace/internal/managed/managed_authority_capability.go:22.2,22.62 1 1
github.com/fall_out_bug/sdp-trace/internal/managed/managed_authority_capability.go:22.62,25.3 1 1
github.com/fall_out_bug/sdp-trace/internal/managed/managed_authority_capability.go:26.2,26.65 1 1
github.com/fall_out_bug/sdp-trace/internal/managed/managed_authority_capability.go:26.65,29.3 1 1
github.com/fall_out_bug/sdp-trace/internal/managed/managed_authority_capability.go:30.2,30.146 1 1
github.com/fall_out_bug/sdp-trace/internal/managed/managed_authority_capability.go:32.97,37.47 2 1
github.com/fall_out_bug/sdp-trace/internal/managed/managed_authority_capability.go:37.47,40.3 1 0
github.com/fall_out_bug/sdp-trace/internal/managed/managed_authority_capability.go:41.2,41.38 1 1
github.com/fall_out_bug/sdp-trace/internal/managed/managed_authority_capability_sets.go:3.93,9.56 3 1
github.com/fall_out_bug/sdp-trace/internal/managed/managed_authority_capability_sets.go:9.56,10.71 1 1
github.com/fall_out_bug/sdp-trace/internal/managed/managed_authority_capability_sets.go:10.71,13.4 1 1
github.com/fall_out_bug/sdp-trace/internal/managed/managed_authority_capability_sets.go:15.2,15.13 1 1
github.com/fall_out_bug/sdp-trace/internal/managed/managed_authority_capability_sets.go:18.60,23.50 2 1
github.com/fall_out_bug/sdp-trace/internal/managed/managed_authority_capability_sets.go:23.50,26.3 1 1
github.com/fall_out_bug/sdp-trace/internal/managed/managed_authority_capability_sets.go:27.2,27.22 1 1
github.com/fall_out_bug/sdp-trace/internal/managed/managed_authority_capability_sets.go:30.78,32.2 1 1
github.com/fall_out_bug/sdp-trace/internal/managed/managed_authority_capability_sets.go:33.102,38.54 2 1
github.com/fall_out_bug/sdp-trace/internal/managed/managed_authority_capability_sets.go:38.54,39.28 1 1
github.com/fall_out_bug/sdp-trace/internal/managed/managed_authority_capability_sets.go:39.28,42.4 1 1
github.com/fall_out_bug/sdp-trace/internal/managed/managed_authority_capability_sets.go:44.2,44.13 1 1
github.com/fall_out_bug/sdp-trace/internal/managed/managed_authority_capability_sets.go:47.96,53.50 3 1
github.com/fall_out_bug/sdp-trace/internal/managed/managed_authority_capability_sets.go:53.50,54.46 1 1
github.com/fall_out_bug/sdp-trace/internal/managed/managed_authority_capability_sets.go:54.46,56.12 1 0
github.com/fall_out_bug/sdp-trace/internal/managed/managed_authority_capability_sets.go:58.3,58.51 1 1
github.com/fall_out_bug/sdp-trace/internal/managed/managed_authority_capability_sets.go:58.51,61.4 1 1
github.com/fall_out_bug/sdp-trace/internal/managed/managed_authority_capability_sets.go:63.2,63.18 1 1
github.com/fall_out_bug/sdp-trace/internal/managed/managed_authority_identity.go:3.54,8.9 2 1
github.com/fall_out_bug/sdp-trace/internal/managed/managed_authority_identity.go:8.9,11.3 1 1
github.com/fall_out_bug/sdp-trace/internal/managed/managed_authority_identity.go:12.2,12.48 1 1
github.com/fall_out_bug/sdp-trace/internal/managed/managed_authority_identity.go:12.48,14.3 1 1
github.com/fall_out_bug/sdp-trace/internal/managed/managed_authority_identity.go:15.2,15.132 1 1
github.com/fall_out_bug/sdp-trace/internal/managed/managed_authority_identity.go:18.67,22.47 1 1
github.com/fall_out_bug/sdp-trace/internal/managed/managed_authority_identity.go:22.47,25.3 1 1
github.com/fall_out_bug/sdp-trace/internal/managed/managed_authority_identity.go:26.2,27.11 2 1
github.com/fall_out_bug/sdp-trace/internal/managed/managed_authority_sources.go:3.47,6.27 1 1
github.com/fall_out_bug/sdp-trace/internal/managed/managed_authority_sources.go:6.27,9.3 1 0
github.com/fall_out_bug/sdp-trace/internal/managed/managed_authority_sources.go:10.2,10.95 1 1
github.com/fall_out_bug/sdp-trace/internal/managed/managed_authority_sources.go:10.95,13.3 1 1
github.com/fall_out_bug/sdp-trace/internal/managed/managed_authority_sources.go:14.2,14.121 1 1
github.com/fall_out_bug/sdp-trace/internal/managed/managed_authority_sources.go:17.53,20.31 1 1
github.com/fall_out_bug/sdp-trace/internal/managed/managed_authority_sources.go:20.31,23.3 1 0
github.com/fall_out_bug/sdp-trace/internal/managed/managed_authority_sources.go:24.2,24.87 1 1
github.com/fall_out_bug/sdp-trace/internal/managed/managed_authority_sources.go:24.87,27.3 1 1
github.com/fall_out_bug/sdp-trace/internal/managed/managed_authority_sources.go:28.2,28.127 1 1
github.com/fall_out_bug/sdp-trace/internal/managed/managed_condition_constructors.go:3.46,5.2 1 1
github.com/fall_out_bug/sdp-trace/internal/managed/managed_condition_constructors.go:7.52,9.2 1 1
github.com/fall_out_bug/sdp-trace/internal/managed/managed_condition_constructors.go:10.60,12.2 1 1
github.com/fall_out_bug/sdp-trace/internal/managed/managed_condition_order.go:5.58,12.48 3 1
github.com/fall_out_bug/sdp-trace/internal/managed/managed_condition_order.go:12.48,14.3 1 1
github.com/fall_out_bug/sdp-trace/internal/managed/managed_condition_order.go:15.2,15.16 1 1
github.com/fall_out_bug/sdp-trace/internal/managed/managed_condition_order.go:18.43,23.41 2 1
github.com/fall_out_bug/sdp-trace/internal/managed/managed_condition_order.go:23.41,26.3 1 1
github.com/fall_out_bug/sdp-trace/internal/managed/managed_condition_order.go:27.2,27.14 1 1
github.com/fall_out_bug/sdp-trace/internal/managed/managed_condition_order.go:30.78,34.62 1 1
github.com/fall_out_bug/sdp-trace/internal/managed/managed_condition_order.go:34.62,37.3 1 1
github.com/fall_out_bug/sdp-trace/internal/managed/managed_condition_order.go:38.2,38.52 1 1
github.com/fall_out_bug/sdp-trace/internal/managed/managed_observation_adapter.go:3.56,7.99 1 1
github.com/fall_out_bug/sdp-trace/internal/managed/managed_observation_adapter.go:7.99,10.3 1 1
github.com/fall_out_bug/sdp-trace/internal/managed/managed_observation_adapter.go:11.2,11.128 1 1
github.com/fall_out_bug/sdp-trace/internal/managed/managed_observation_adapter.go:14.56,18.41 1 1
github.com/fall_out_bug/sdp-trace/internal/managed/managed_observation_adapter.go:18.41,20.3 1 1
github.com/fall_out_bug/sdp-trace/internal/managed/managed_observation_adapter.go:22.2,22.151 1 1
github.com/fall_out_bug/sdp-trace/internal/managed/managed_observation_events.go:3.67,7.24 2 1
github.com/fall_out_bug/sdp-trace/internal/managed/managed_observation_events.go:7.24,10.3 1 0
github.com/fall_out_bug/sdp-trace/internal/managed/managed_observation_events.go:11.2,12.68 2 1
github.com/fall_out_bug/sdp-trace/internal/managed/managed_observation_events.go:12.68,14.3 1 1
github.com/fall_out_bug/sdp-trace/internal/managed/managed_observation_events.go:15.2,15.77 1 1
github.com/fall_out_bug/sdp-trace/internal/managed/managed_observation_events.go:18.80,22.37 1 1
github.com/fall_out_bug/sdp-trace/internal/managed/managed_observation_events.go:22.37,23.48 1 1
github.com/fall_out_bug/sdp-trace/internal/managed/managed_observation_events.go:23.48,26.4 1 1
github.com/fall_out_bug/sdp-trace/internal/managed/managed_observation_events.go:28.2,28.13 1 1
github.com/fall_out_bug/sdp-trace/internal/managed/managed_observation_events.go:31.74,36.21 2 1
github.com/fall_out_bug/sdp-trace/internal/managed/managed_observation_events.go:36.21,39.3 1 0
github.com/fall_out_bug/sdp-trace/internal/managed/managed_observation_events.go:40.2,40.88 1 1
github.com/fall_out_bug/sdp-trace/internal/managed/managed_observation_events.go:40.88,42.3 1 1
github.com/fall_out_bug/sdp-trace/internal/managed/managed_observation_events.go:43.2,43.240 1 0
github.com/fall_out_bug/sdp-trace/internal/managed/managed_observation_policy.go:3.53,6.104 1 1
github.com/fall_out_bug/sdp-trace/internal/managed/managed_observation_policy.go:6.104,9.3 1 1
github.com/fall_out_bug/sdp-trace/internal/managed/managed_observation_policy.go:10.2,10.88 1 1
github.com/fall_out_bug/sdp-trace/internal/managed/managed_observation_policy.go:10.88,13.3 1 1
github.com/fall_out_bug/sdp-trace/internal/managed/managed_observation_policy.go:14.2,14.247 1 1
github.com/fall_out_bug/sdp-trace/internal/managed/managed_observation_policy.go:17.50,21.61 1 1
github.com/fall_out_bug/sdp-trace/internal/managed/managed_observation_policy.go:21.61,22.53 1 1
github.com/fall_out_bug/sdp-trace/internal/managed/managed_observation_policy.go:22.53,25.4 1 1
github.com/fall_out_bug/sdp-trace/internal/managed/managed_observation_policy.go:27.2,27.129 1 1
github.com/fall_out_bug/sdp-trace/internal/managed/managed_observation_policy.go:30.79,40.2 2 1
github.com/fall_out_bug/sdp-trace/internal/managed/managed_observation_policy.go:41.45,44.30 1 1
github.com/fall_out_bug/sdp-trace/internal/managed/managed_observation_policy.go:44.30,46.3 1 0
github.com/fall_out_bug/sdp-trace/internal/managed/managed_observation_policy.go:48.2,48.101 1 1
github.com/fall_out_bug/sdp-trace/internal/managed/managed_observation_suppressed_events.go:3.99,8.17 2 1
github.com/fall_out_bug/sdp-trace/internal/managed/managed_observation_suppressed_events.go:8.17,11.3 1 0
github.com/fall_out_bug/sdp-trace/internal/managed/managed_observation_suppressed_events.go:12.2,12.86 1 1
github.com/fall_out_bug/sdp-trace/internal/managed/managed_observation_suppressed_events.go:15.114,19.24 1 1
github.com/fall_out_bug/sdp-trace/internal/managed/managed_observation_suppressed_events.go:19.24,22.3 1 1
github.com/fall_out_bug/sdp-trace/internal/managed/managed_observation_suppressed_events.go:23.2,23.11 1 1
github.com/fall_out_bug/sdp-trace/internal/managed/managed_observation_suppressed_events.go:23.11,26.3 1 1
github.com/fall_out_bug/sdp-trace/internal/managed/managed_observation_suppressed_events.go:27.2,27.27 1 0
github.com/fall_out_bug/sdp-trace/internal/managed/managed_override.go:3.47,6.44 1 1
github.com/fall_out_bug/sdp-trace/internal/managed/managed_override.go:6.44,9.3 1 0
github.com/fall_out_bug/sdp-trace/internal/managed/managed_override.go:10.2,10.31 1 1
github.com/fall_out_bug/sdp-trace/internal/managed/managed_override.go:10.31,12.3 1 0
github.com/fall_out_bug/sdp-trace/internal/managed/managed_override.go:13.2,13.154 1 1
github.com/fall_out_bug/sdp-trace/internal/managed/managed_select_adapter.go:3.51,7.46 1 1
github.com/fall_out_bug/sdp-trace/internal/managed/managed_select_adapter.go:7.46,9.3 1 1
github.com/fall_out_bug/sdp-trace/internal/managed/managed_select_adapter.go:10.2,10.50 1 1
github.com/fall_out_bug/sdp-trace/internal/managed/managed_select_adapter.go:10.50,11.71 1 1
github.com/fall_out_bug/sdp-trace/internal/managed/managed_select_adapter.go:11.71,14.4 1 1
github.com/fall_out_bug/sdp-trace/internal/managed/managed_select_adapter.go:16.2,16.25 1 0
github.com/fall_out_bug/sdp-trace/internal/managed/managed_select_adapter.go:19.88,23.58 1 1
github.com/fall_out_bug/sdp-trace/internal/managed/managed_select_adapter.go:23.58,24.49 1 1
github.com/fall_out_bug/sdp-trace/internal/managed/managed_select_adapter.go:24.49,27.4 1 1
github.com/fall_out_bug/sdp-trace/internal/managed/managed_select_adapter.go:29.2,29.35 1 0
github.com/fall_out_bug/sdp-trace/internal/managed/managed_select_adapter.go:32.80,41.2 1 1
github.com/fall_out_bug/sdp-trace/internal/managed/managed_select_events.go:3.47,7.48 1 1
github.com/fall_out_bug/sdp-trace/internal/managed/managed_select_events.go:7.48,10.3 1 1
github.com/fall_out_bug/sdp-trace/internal/managed/managed_select_events.go:11.2,11.47 1 1
github.com/fall_out_bug/sdp-trace/internal/managed/managed_select_events.go:14.55,19.51 2 1
github.com/fall_out_bug/sdp-trace/internal/managed/managed_select_events.go:19.51,22.3 1 1
github.com/fall_out_bug/sdp-trace/internal/managed/managed_select_events.go:23.2,23.12 1 1
github.com/fall_out_bug/sdp-trace/internal/managed/managed_select_events.go:26.49,31.31 2 1
github.com/fall_out_bug/sdp-trace/internal/managed/managed_select_events.go:31.31,34.3 1 1
github.com/fall_out_bug/sdp-trace/internal/managed/managed_select_events.go:35.2,35.12 1 1
github.com/fall_out_bug/sdp-trace/internal/managed/managed_select_events.go:38.63,42.57 1 1
github.com/fall_out_bug/sdp-trace/internal/managed/managed_select_events.go:42.57,43.26 1 1
github.com/fall_out_bug/sdp-trace/internal/managed/managed_select_events.go:43.26,46.4 1 1
github.com/fall_out_bug/sdp-trace/internal/managed/managed_select_events.go:48.2,48.12 1 0
github.com/fall_out_bug/sdp-trace/internal/managed/managed_select_events.go:51.69,55.57 1 1
github.com/fall_out_bug/sdp-trace/internal/managed/managed_select_events.go:55.57,56.26 1 1
github.com/fall_out_bug/sdp-trace/internal/managed/managed_select_events.go:56.26,59.4 1 1
github.com/fall_out_bug/sdp-trace/internal/managed/managed_select_events.go:61.2,61.12 1 0
github.com/fall_out_bug/sdp-trace/internal/managed/managed_select_observed.go:3.84,8.31 2 1
github.com/fall_out_bug/sdp-trace/internal/managed/managed_select_observed.go:8.31,9.55 1 1
github.com/fall_out_bug/sdp-trace/internal/managed/managed_select_observed.go:9.55,12.4 1 1
github.com/fall_out_bug/sdp-trace/internal/managed/managed_select_observed.go:14.2,14.14 1 1
github.com/fall_out_bug/sdp-trace/internal/managed/managed_select_observed.go:17.48,22.31 2 1
github.com/fall_out_bug/sdp-trace/internal/managed/managed_select_observed.go:22.31,25.3 1 1
github.com/fall_out_bug/sdp-trace/internal/managed/managed_select_observed.go:26.2,26.17 1 1
github.com/fall_out_bug/sdp-trace/internal/managed/managed_select_observed.go:29.95,31.2 1 1
github.com/fall_out_bug/sdp-trace/internal/managed/managed_select_suppression.go:3.74,8.9 2 1
github.com/fall_out_bug/sdp-trace/internal/managed/managed_select_suppression.go:8.9,10.3 1 0
github.com/fall_out_bug/sdp-trace/internal/managed/managed_select_suppression.go:11.2,12.9 2 1
github.com/fall_out_bug/sdp-trace/internal/managed/managed_select_suppression.go:12.9,15.3 1 0
github.com/fall_out_bug/sdp-trace/internal/managed/managed_select_suppression.go:17.2,17.87 1 1
github.com/fall_out_bug/sdp-trace/internal/managed/managed_select_suppression.go:20.111,24.36 1 1
github.com/fall_out_bug/sdp-trace/internal/managed/managed_select_suppression.go:24.36,25.39 1 1
github.com/fall_out_bug/sdp-trace/internal/managed/managed_select_suppression.go:25.39,28.4 1 1
github.com/fall_out_bug/sdp-trace/internal/managed/managed_select_suppression.go:30.2,30.38 1 0
github.com/fall_out_bug/sdp-trace/internal/managed/managed_select_suppression.go:33.102,38.53 2 1
github.com/fall_out_bug/sdp-trace/internal/managed/managed_select_suppression.go:38.53,41.3 1 0
github.com/fall_out_bug/sdp-trace/internal/managed/managed_select_suppression.go:42.2,42.19 1 1
github.com/fall_out_bug/sdp-trace/internal/managed/managed_select_suppression.go:45.85,49.47 1 1
github.com/fall_out_bug/sdp-trace/internal/managed/managed_select_suppression.go:49.47,50.33 1 1
github.com/fall_out_bug/sdp-trace/internal/managed/managed_select_suppression.go:50.33,53.4 1 1
github.com/fall_out_bug/sdp-trace/internal/managed/managed_select_suppression.go:55.2,55.33 1 1
github.com/fall_out_bug/sdp-trace/internal/managed/managed_top_level.go:3.46,7.39 2 1
github.com/fall_out_bug/sdp-trace/internal/managed/managed_top_level.go:7.39,10.3 1 1
github.com/fall_out_bug/sdp-trace/internal/managed/managed_top_level.go:11.2,11.14 1 1
github.com/fall_out_bug/sdp-trace/internal/managed/managed_top_level.go:14.41,18.40 1 1
github.com/fall_out_bug/sdp-trace/internal/managed/managed_top_level.go:18.40,21.3 1 1
github.com/fall_out_bug/sdp-trace/internal/managed/managed_top_level.go:22.2,22.31 1 1
github.com/fall_out_bug/sdp-trace/internal/managed/managed_top_level.go:25.41,29.15 1 1
github.com/fall_out_bug/sdp-trace/internal/managed/managed_top_level.go:30.84,32.27 1 1
github.com/fall_out_bug/sdp-trace/internal/managed/managed_top_level.go:33.10,34.15 1 1
github.com/fall_out_bug/sdp-trace/internal/managed/managed_top_level.go:38.33,40.2 1 1
github.com/fall_out_bug/sdp-trace/internal/managed/managed_top_level.go:42.47,53.2 1 1
github.com/fall_out_bug/sdp-trace/internal/managed/managed_witness_core.go:3.46,7.77 2 1
github.com/fall_out_bug/sdp-trace/internal/managed/managed_witness_core.go:7.77,9.3 1 1
github.com/fall_out_bug/sdp-trace/internal/managed/managed_witness_core.go:10.2,10.37 1 1
github.com/fall_out_bug/sdp-trace/internal/managed/managed_witness_core.go:10.37,13.3 1 1
github.com/fall_out_bug/sdp-trace/internal/managed/managed_witness_core.go:14.2,14.140 1 1
github.com/fall_out_bug/sdp-trace/internal/managed/managed_witness_core.go:17.49,22.21 2 1
github.com/fall_out_bug/sdp-trace/internal/managed/managed_witness_core.go:22.21,25.3 1 1
github.com/fall_out_bug/sdp-trace/internal/managed/managed_witness_core.go:26.2,26.56 1 1
github.com/fall_out_bug/sdp-trace/internal/managed/managed_witness_match.go:3.88,12.2 1 1
github.com/fall_out_bug/sdp-trace/internal/managed/managed_witness_match.go:14.63,17.2 1 1
github.com/fall_out_bug/sdp-trace/internal/managed/managed_witness_match.go:19.71,21.2 1 1
github.com/fall_out_bug/sdp-trace/internal/managed/managed_witness_match.go:23.68,26.2 1 1
github.com/fall_out_bug/sdp-trace/internal/managed/managed_witness_match.go:28.86,31.2 1 1
github.com/fall_out_bug/sdp-trace/internal/managed/managed_witness_match.go:33.100,36.2 1 1
github.com/fall_out_bug/sdp-trace/internal/managed/managed_witness_missing.go:3.89,7.29 1 1
github.com/fall_out_bug/sdp-trace/internal/managed/managed_witness_missing.go:7.29,10.3 1 1
github.com/fall_out_bug/sdp-trace/internal/managed/managed_witness_missing.go:11.2,11.53 1 1
github.com/fall_out_bug/sdp-trace/internal/managed/managed_witness_missing.go:14.89,18.9 1 1
github.com/fall_out_bug/sdp-trace/internal/managed/managed_witness_missing.go:19.47,21.173 1 1
github.com/fall_out_bug/sdp-trace/internal/managed/managed_witness_missing.go:22.45,24.193 1 1
github.com/fall_out_bug/sdp-trace/internal/managed/managed_witness_missing.go:25.10,26.28 1 1
github.com/fall_out_bug/sdp-trace/internal/managed/managed_witness_missing_predicates.go:3.59,6.2 1 1
github.com/fall_out_bug/sdp-trace/internal/managed/managed_witness_missing_predicates.go:8.69,11.2 1 1
github.com/fall_out_bug/sdp-trace/internal/interaction/interaction_body.go:10.48,17.49 3 1
github.com/fall_out_bug/sdp-trace/internal/interaction/interaction_body.go:17.49,19.3 1 0
github.com/fall_out_bug/sdp-trace/internal/interaction/interaction_body.go:20.2,21.20 2 1
github.com/fall_out_bug/sdp-trace/internal/interaction/interaction_body.go:21.20,23.3 1 0
github.com/fall_out_bug/sdp-trace/internal/interaction/interaction_body.go:24.2,24.30 1 1
github.com/fall_out_bug/sdp-trace/internal/interaction/interaction_body.go:24.30,26.3 1 0
github.com/fall_out_bug/sdp-trace/internal/interaction/interaction_body.go:27.2,27.18 1 1
github.com/fall_out_bug/sdp-trace/internal/interaction/interaction_content_blobs.go:11.87,16.37 1 1
github.com/fall_out_bug/sdp-trace/internal/interaction/interaction_content_blobs.go:16.37,18.10 2 1
github.com/fall_out_bug/sdp-trace/internal/interaction/interaction_content_blobs.go:18.10,19.12 1 0
github.com/fall_out_bug/sdp-trace/internal/interaction/interaction_content_blobs.go:21.3,21.66 1 1
github.com/fall_out_bug/sdp-trace/internal/interaction/interaction_content_blobs.go:21.66,23.4 1 0
github.com/fall_out_bug/sdp-trace/internal/interaction/interaction_content_blobs.go:25.2,25.12 1 1
github.com/fall_out_bug/sdp-trace/internal/interaction/interaction_content_blobs.go:28.73,34.55 2 1
github.com/fall_out_bug/sdp-trace/internal/interaction/interaction_content_blobs.go:34.55,36.3 1 0
github.com/fall_out_bug/sdp-trace/internal/interaction/interaction_content_blobs.go:37.2,38.63 2 1
github.com/fall_out_bug/sdp-trace/internal/interaction/interaction_content_blobs.go:38.63,40.3 1 0
github.com/fall_out_bug/sdp-trace/internal/interaction/interaction_content_blobs.go:41.2,41.40 1 1
github.com/fall_out_bug/sdp-trace/internal/interaction/interaction_envelope_counts.go:3.67,11.2 3 1
github.com/fall_out_bug/sdp-trace/internal/interaction/interaction_envelope_counts.go:13.74,24.2 5 1
github.com/fall_out_bug/sdp-trace/internal/interaction/interaction_envelope_counts.go:26.88,39.2 7 1
github.com/fall_out_bug/sdp-trace/internal/interaction/interaction_envelope_read.go:8.50,13.16 3 1
github.com/fall_out_bug/sdp-trace/internal/interaction/interaction_envelope_read.go:13.16,15.3 1 0
github.com/fall_out_bug/sdp-trace/internal/interaction/interaction_envelope_read.go:16.2,16.56 1 1
github.com/fall_out_bug/sdp-trace/internal/interaction/interaction_envelope_read.go:16.56,18.3 1 0
github.com/fall_out_bug/sdp-trace/internal/interaction/interaction_envelope_read.go:19.2,19.51 1 1
github.com/fall_out_bug/sdp-trace/internal/interaction/interaction_envelope_read.go:19.51,21.3 1 1
github.com/fall_out_bug/sdp-trace/internal/interaction/interaction_envelope_read.go:22.2,22.22 1 1
github.com/fall_out_bug/sdp-trace/internal/interaction/interaction_envelope_summary.go:3.51,6.2 1 1
github.com/fall_out_bug/sdp-trace/internal/interaction/interaction_envelope_summary.go:8.75,36.2 1 1
github.com/fall_out_bug/sdp-trace/internal/interaction/interaction_envelope_validate.go:8.48,13.45 1 1
github.com/fall_out_bug/sdp-trace/internal/interaction/interaction_envelope_validate.go:13.45,15.3 1 0
github.com/fall_out_bug/sdp-trace/internal/interaction/interaction_envelope_validate.go:16.2,16.59 1 1
github.com/fall_out_bug/sdp-trace/internal/interaction/interaction_envelope_validate.go:16.59,18.3 1 0
github.com/fall_out_bug/sdp-trace/internal/interaction/interaction_envelope_validate.go:19.2,19.66 1 1
github.com/fall_out_bug/sdp-trace/internal/interaction/interaction_envelope_validate.go:19.66,21.3 1 1
github.com/fall_out_bug/sdp-trace/internal/interaction/interaction_envelope_validate.go:22.2,22.39 1 1
github.com/fall_out_bug/sdp-trace/internal/interaction/interaction_envelope_validate.go:25.56,29.67 1 1
github.com/fall_out_bug/sdp-trace/internal/interaction/interaction_envelope_validate.go:29.67,32.3 1 0
github.com/fall_out_bug/sdp-trace/internal/interaction/interaction_envelope_validate.go:33.2,33.59 1 1
github.com/fall_out_bug/sdp-trace/internal/interaction/interaction_envelope_validate.go:35.51,40.27 1 1
github.com/fall_out_bug/sdp-trace/internal/interaction/interaction_envelope_validate.go:40.27,41.38 1 1
github.com/fall_out_bug/sdp-trace/internal/interaction/interaction_envelope_validate.go:41.38,43.4 1 1
github.com/fall_out_bug/sdp-trace/internal/interaction/interaction_envelope_validate.go:45.2,45.12 1 1
github.com/fall_out_bug/sdp-trace/internal/interaction/interaction_envelope_validate.go:48.52,53.57 1 1
github.com/fall_out_bug/sdp-trace/internal/interaction/interaction_envelope_validate.go:53.57,54.28 1 1
github.com/fall_out_bug/sdp-trace/internal/interaction/interaction_envelope_validate.go:54.28,55.28 1 1
github.com/fall_out_bug/sdp-trace/internal/interaction/interaction_envelope_validate.go:55.28,57.5 1 1
github.com/fall_out_bug/sdp-trace/internal/interaction/interaction_envelope_validate.go:60.2,60.12 1 1
github.com/fall_out_bug/sdp-trace/internal/interaction/interaction_envelope_validate.go:62.60,64.2 1 1
github.com/fall_out_bug/sdp-trace/internal/interaction/interaction_event_types.go:3.28,5.2 1 0
github.com/fall_out_bug/sdp-trace/internal/interaction/interaction_event_validation_actor.go:7.52,12.44 1 1
github.com/fall_out_bug/sdp-trace/internal/interaction/interaction_event_validation_actor.go:12.44,14.3 1 0
github.com/fall_out_bug/sdp-trace/internal/interaction/interaction_event_validation_actor.go:15.2,15.35 1 1
github.com/fall_out_bug/sdp-trace/internal/interaction/interaction_event_validation_actor.go:15.35,17.3 1 0
github.com/fall_out_bug/sdp-trace/internal/interaction/interaction_event_validation_actor.go:18.2,18.12 1 1
github.com/fall_out_bug/sdp-trace/internal/interaction/interaction_event_validation_actor.go:21.54,26.38 1 1
github.com/fall_out_bug/sdp-trace/internal/interaction/interaction_event_validation_actor.go:26.38,28.3 1 1
github.com/fall_out_bug/sdp-trace/internal/interaction/interaction_event_validation_actor.go:29.2,29.49 1 1
github.com/fall_out_bug/sdp-trace/internal/interaction/interaction_event_validation_actor.go:29.49,31.3 1 1
github.com/fall_out_bug/sdp-trace/internal/interaction/interaction_event_validation_actor.go:32.2,32.56 1 1
github.com/fall_out_bug/sdp-trace/internal/interaction/interaction_event_validation_actor.go:32.56,34.3 1 1
github.com/fall_out_bug/sdp-trace/internal/interaction/interaction_event_validation_actor.go:35.2,35.12 1 1
github.com/fall_out_bug/sdp-trace/internal/interaction/interaction_event_validation_catalog.go:3.46,8.67 1 1
github.com/fall_out_bug/sdp-trace/internal/interaction/interaction_event_validation_catalog.go:8.67,10.3 1 0
github.com/fall_out_bug/sdp-trace/internal/interaction/interaction_event_validation_catalog.go:11.2,11.60 1 1
github.com/fall_out_bug/sdp-trace/internal/interaction/interaction_event_validation_catalog.go:11.60,13.3 1 1
github.com/fall_out_bug/sdp-trace/internal/interaction/interaction_event_validation_catalog.go:14.2,14.58 1 1
github.com/fall_out_bug/sdp-trace/internal/interaction/interaction_event_validation_catalog.go:14.58,16.3 1 0
github.com/fall_out_bug/sdp-trace/internal/interaction/interaction_event_validation_catalog.go:17.2,17.44 1 1
github.com/fall_out_bug/sdp-trace/internal/interaction/interaction_event_validation_content.go:8.45,13.47 1 1
github.com/fall_out_bug/sdp-trace/internal/interaction/interaction_event_validation_content.go:13.47,15.3 1 1
github.com/fall_out_bug/sdp-trace/internal/interaction/interaction_event_validation_content.go:16.2,16.68 1 1
github.com/fall_out_bug/sdp-trace/internal/interaction/interaction_event_validation_content.go:16.68,18.3 1 1
github.com/fall_out_bug/sdp-trace/internal/interaction/interaction_event_validation_content.go:19.2,19.12 1 1
github.com/fall_out_bug/sdp-trace/internal/interaction/interaction_event_validation_content.go:22.46,26.51 1 1
github.com/fall_out_bug/sdp-trace/internal/interaction/interaction_event_validation_content.go:26.51,28.3 1 0
github.com/fall_out_bug/sdp-trace/internal/interaction/interaction_event_validation_content.go:30.2,30.39 1 1
github.com/fall_out_bug/sdp-trace/internal/interaction/interaction_event_validation_content.go:33.45,37.103 1 1
github.com/fall_out_bug/sdp-trace/internal/interaction/interaction_event_validation_content.go:37.103,40.3 1 0
github.com/fall_out_bug/sdp-trace/internal/interaction/interaction_event_validation_content.go:41.2,41.12 1 1
github.com/fall_out_bug/sdp-trace/internal/interaction/interaction_event_validation_content.go:44.49,49.67 1 1
github.com/fall_out_bug/sdp-trace/internal/interaction/interaction_event_validation_content.go:49.67,51.3 1 0
github.com/fall_out_bug/sdp-trace/internal/interaction/interaction_event_validation_content.go:52.2,52.61 1 1
github.com/fall_out_bug/sdp-trace/internal/interaction/interaction_event_validation_content.go:52.61,54.3 1 1
github.com/fall_out_bug/sdp-trace/internal/interaction/interaction_event_validation_content.go:55.2,55.12 1 1
github.com/fall_out_bug/sdp-trace/internal/interaction/interaction_event_validation_content.go:57.56,61.68 1 1
github.com/fall_out_bug/sdp-trace/internal/interaction/interaction_event_validation_content.go:61.68,64.3 1 0
github.com/fall_out_bug/sdp-trace/internal/interaction/interaction_event_validation_content.go:65.2,65.12 1 1
github.com/fall_out_bug/sdp-trace/internal/interaction/interaction_event_validation_core.go:3.39,9.16 1 1
github.com/fall_out_bug/sdp-trace/internal/interaction/interaction_event_validation_core.go:9.16,9.55 1 1
github.com/fall_out_bug/sdp-trace/internal/interaction/interaction_event_validation_core.go:10.16,10.54 1 1
github.com/fall_out_bug/sdp-trace/internal/interaction/interaction_event_validation_core.go:11.16,11.53 1 1
github.com/fall_out_bug/sdp-trace/internal/interaction/interaction_event_validation_core.go:12.16,12.54 1 1
github.com/fall_out_bug/sdp-trace/internal/interaction/interaction_event_validation_core.go:13.16,13.53 1 1
github.com/fall_out_bug/sdp-trace/internal/interaction/interaction_event_validation_core.go:14.16,14.51 1 1
github.com/fall_out_bug/sdp-trace/internal/interaction/interaction_event_validation_core.go:18.57,23.31 1 1
github.com/fall_out_bug/sdp-trace/internal/interaction/interaction_event_validation_core.go:23.31,24.33 1 1
github.com/fall_out_bug/sdp-trace/internal/interaction/interaction_event_validation_core.go:24.33,26.4 1 1
github.com/fall_out_bug/sdp-trace/internal/interaction/interaction_event_validation_core.go:28.2,28.12 1 1
github.com/fall_out_bug/sdp-trace/internal/interaction/interaction_event_validation_identity.go:7.47,12.42 1 1
github.com/fall_out_bug/sdp-trace/internal/interaction/interaction_event_validation_identity.go:12.42,14.3 1 0
github.com/fall_out_bug/sdp-trace/internal/interaction/interaction_event_validation_identity.go:15.2,15.55 1 1
github.com/fall_out_bug/sdp-trace/internal/interaction/interaction_event_validation_identity.go:15.55,17.3 1 0
github.com/fall_out_bug/sdp-trace/internal/interaction/interaction_event_validation_identity.go:18.2,18.40 1 1
github.com/fall_out_bug/sdp-trace/internal/interaction/interaction_event_validation_identity.go:21.49,25.78 1 1
github.com/fall_out_bug/sdp-trace/internal/interaction/interaction_event_validation_identity.go:25.78,28.3 1 0
github.com/fall_out_bug/sdp-trace/internal/interaction/interaction_event_validation_identity.go:29.2,29.48 1 1
github.com/fall_out_bug/sdp-trace/internal/interaction/interaction_event_validation_identity.go:32.50,36.82 1 1
github.com/fall_out_bug/sdp-trace/internal/interaction/interaction_event_validation_identity.go:36.82,39.3 1 0
github.com/fall_out_bug/sdp-trace/internal/interaction/interaction_event_validation_identity.go:40.2,40.58 1 1
github.com/fall_out_bug/sdp-trace/internal/interaction/interaction_event_validation_identity.go:43.56,47.17 1 1
github.com/fall_out_bug/sdp-trace/internal/interaction/interaction_event_validation_identity.go:47.17,50.3 1 1
github.com/fall_out_bug/sdp-trace/internal/interaction/interaction_event_validation_identity.go:51.2,51.37 1 0
github.com/fall_out_bug/sdp-trace/internal/interaction/interaction_event_validation_refs.go:9.45,14.70 1 1
github.com/fall_out_bug/sdp-trace/internal/interaction/interaction_event_validation_refs.go:14.70,16.3 1 0
github.com/fall_out_bug/sdp-trace/internal/interaction/interaction_event_validation_refs.go:17.2,17.69 1 1
github.com/fall_out_bug/sdp-trace/internal/interaction/interaction_event_validation_refs.go:17.69,19.3 1 0
github.com/fall_out_bug/sdp-trace/internal/interaction/interaction_event_validation_refs.go:20.2,20.30 1 1
github.com/fall_out_bug/sdp-trace/internal/interaction/interaction_event_validation_refs.go:20.30,22.3 1 1
github.com/fall_out_bug/sdp-trace/internal/interaction/interaction_event_validation_refs.go:23.2,23.12 1 1
github.com/fall_out_bug/sdp-trace/internal/interaction/interaction_event_validation_refs.go:26.43,30.67 1 1
github.com/fall_out_bug/sdp-trace/internal/interaction/interaction_event_validation_refs.go:30.67,33.3 1 1
github.com/fall_out_bug/sdp-trace/internal/interaction/interaction_event_validation_refs.go:34.2,34.39 1 1
github.com/fall_out_bug/sdp-trace/internal/interaction/interaction_event_validation_refs.go:37.49,42.27 1 1
github.com/fall_out_bug/sdp-trace/internal/interaction/interaction_event_validation_refs.go:42.27,43.27 1 1
github.com/fall_out_bug/sdp-trace/internal/interaction/interaction_event_validation_refs.go:43.27,45.4 1 1
github.com/fall_out_bug/sdp-trace/internal/interaction/interaction_event_validation_refs.go:47.2,47.12 1 1
github.com/fall_out_bug/sdp-trace/internal/interaction/interaction_event_validation_refs.go:50.43,55.27 1 1
github.com/fall_out_bug/sdp-trace/internal/interaction/interaction_event_validation_refs.go:55.27,56.46 1 1
github.com/fall_out_bug/sdp-trace/internal/interaction/interaction_event_validation_refs.go:56.46,58.4 1 1
github.com/fall_out_bug/sdp-trace/internal/interaction/interaction_event_validation_refs.go:60.2,60.12 1 1
github.com/fall_out_bug/sdp-trace/internal/interaction/interaction_event_validation_refs.go:63.46,65.2 1 1
github.com/fall_out_bug/sdp-trace/internal/interaction/interaction_event_validation_type.go:7.54,12.38 1 1
github.com/fall_out_bug/sdp-trace/internal/interaction/interaction_event_validation_type.go:12.38,14.3 1 0
github.com/fall_out_bug/sdp-trace/internal/interaction/interaction_event_validation_type.go:15.2,15.59 1 1
github.com/fall_out_bug/sdp-trace/internal/interaction/interaction_event_validation_type.go:15.59,17.3 1 1
github.com/fall_out_bug/sdp-trace/internal/interaction/interaction_event_validation_type.go:18.2,18.12 1 1
github.com/fall_out_bug/sdp-trace/internal/interaction/interaction_forward.go:11.108,21.16 6 1
github.com/fall_out_bug/sdp-trace/internal/interaction/interaction_forward.go:21.16,23.3 1 1
github.com/fall_out_bug/sdp-trace/internal/interaction/interaction_forward.go:24.2,25.30 2 0
github.com/fall_out_bug/sdp-trace/internal/interaction/interaction_forward.go:25.30,27.3 1 0
github.com/fall_out_bug/sdp-trace/internal/interaction/interaction_forward.go:28.2,28.15 1 0
github.com/fall_out_bug/sdp-trace/internal/interaction/interaction_import.go:8.58,14.52 2 1
github.com/fall_out_bug/sdp-trace/internal/interaction/interaction_import.go:14.52,16.3 1 0
github.com/fall_out_bug/sdp-trace/internal/interaction/interaction_import.go:17.2,18.16 2 1
github.com/fall_out_bug/sdp-trace/internal/interaction/interaction_import.go:18.16,20.3 1 1
github.com/fall_out_bug/sdp-trace/internal/interaction/interaction_import.go:21.2,22.52 2 1
github.com/fall_out_bug/sdp-trace/internal/interaction/interaction_import.go:22.52,24.3 1 0
github.com/fall_out_bug/sdp-trace/internal/interaction/interaction_import.go:25.2,25.19 1 1
github.com/fall_out_bug/sdp-trace/internal/interaction/interaction_import.go:28.54,33.50 1 1
github.com/fall_out_bug/sdp-trace/internal/interaction/interaction_import.go:33.50,35.3 1 1
github.com/fall_out_bug/sdp-trace/internal/interaction/interaction_import.go:36.2,36.63 1 1
github.com/fall_out_bug/sdp-trace/internal/interaction/interaction_import.go:36.63,38.3 1 1
github.com/fall_out_bug/sdp-trace/internal/interaction/interaction_import.go:39.2,39.47 1 1
github.com/fall_out_bug/sdp-trace/internal/interaction/interaction_import.go:39.47,41.3 1 1
github.com/fall_out_bug/sdp-trace/internal/interaction/interaction_import.go:42.2,42.12 1 1
github.com/fall_out_bug/sdp-trace/internal/interaction/interaction_import.go:45.66,51.16 2 1
github.com/fall_out_bug/sdp-trace/internal/interaction/interaction_import.go:51.16,53.3 1 0
github.com/fall_out_bug/sdp-trace/internal/interaction/interaction_import.go:54.2,54.64 1 1
github.com/fall_out_bug/sdp-trace/internal/interaction/interaction_import.go:54.64,56.3 1 1
github.com/fall_out_bug/sdp-trace/internal/interaction/interaction_import.go:57.2,57.20 1 1
github.com/fall_out_bug/sdp-trace/internal/interaction/interaction_import_event.go:8.71,13.66 1 1
github.com/fall_out_bug/sdp-trace/internal/interaction/interaction_import_event.go:13.66,15.3 1 0
github.com/fall_out_bug/sdp-trace/internal/interaction/interaction_import_event.go:16.2,16.62 1 1
github.com/fall_out_bug/sdp-trace/internal/interaction/interaction_import_event.go:16.62,18.3 1 1
github.com/fall_out_bug/sdp-trace/internal/interaction/interaction_import_event.go:19.2,20.26 2 1
github.com/fall_out_bug/sdp-trace/internal/interaction/interaction_import_event.go:20.26,22.3 1 1
github.com/fall_out_bug/sdp-trace/internal/interaction/interaction_import_event.go:23.2,23.30 1 1
github.com/fall_out_bug/sdp-trace/internal/interaction/interaction_import_event.go:26.73,30.33 1 1
github.com/fall_out_bug/sdp-trace/internal/interaction/interaction_import_event.go:30.33,33.3 1 0
github.com/fall_out_bug/sdp-trace/internal/interaction/interaction_import_event.go:34.2,34.12 1 1
github.com/fall_out_bug/sdp-trace/internal/interaction/interaction_import_event.go:37.55,42.52 1 1
github.com/fall_out_bug/sdp-trace/internal/interaction/interaction_import_event.go:42.52,44.3 1 1
github.com/fall_out_bug/sdp-trace/internal/interaction/interaction_import_event.go:45.2,45.95 1 1
github.com/fall_out_bug/sdp-trace/internal/interaction/interaction_import_event.go:45.95,47.3 1 0
github.com/fall_out_bug/sdp-trace/internal/interaction/interaction_import_event.go:48.2,48.12 1 1
github.com/fall_out_bug/sdp-trace/internal/interaction/interaction_import_normalize.go:7.74,12.22 1 1
github.com/fall_out_bug/sdp-trace/internal/interaction/interaction_import_normalize.go:12.22,14.3 1 0
github.com/fall_out_bug/sdp-trace/internal/interaction/interaction_import_normalize.go:15.2,15.24 1 1
github.com/fall_out_bug/sdp-trace/internal/interaction/interaction_import_normalize.go:15.24,16.68 1 1
github.com/fall_out_bug/sdp-trace/internal/interaction/interaction_import_normalize.go:16.68,18.4 1 1
github.com/fall_out_bug/sdp-trace/internal/interaction/interaction_import_normalize.go:20.2,20.33 1 1
github.com/fall_out_bug/sdp-trace/internal/interaction/interaction_jsonl_parse.go:9.73,14.25 3 1
github.com/fall_out_bug/sdp-trace/internal/interaction/interaction_jsonl_parse.go:14.25,16.3 1 0
github.com/fall_out_bug/sdp-trace/internal/interaction/interaction_jsonl_parse.go:17.2,17.35 1 1
github.com/fall_out_bug/sdp-trace/internal/interaction/interaction_jsonl_parse.go:20.67,26.16 2 1
github.com/fall_out_bug/sdp-trace/internal/interaction/interaction_jsonl_parse.go:26.16,28.3 1 0
github.com/fall_out_bug/sdp-trace/internal/interaction/interaction_jsonl_parse.go:29.2,29.60 1 1
github.com/fall_out_bug/sdp-trace/internal/interaction/interaction_jsonl_parse.go:29.60,31.3 1 0
github.com/fall_out_bug/sdp-trace/internal/interaction/interaction_jsonl_parse.go:32.2,32.18 1 1
github.com/fall_out_bug/sdp-trace/internal/interaction/interaction_jsonl_parse.go:35.45,42.31 3 1
github.com/fall_out_bug/sdp-trace/internal/interaction/interaction_jsonl_parse.go:42.31,44.53 2 1
github.com/fall_out_bug/sdp-trace/internal/interaction/interaction_jsonl_parse.go:44.53,46.4 1 1
github.com/fall_out_bug/sdp-trace/internal/interaction/interaction_jsonl_parse.go:47.3,48.35 2 1
github.com/fall_out_bug/sdp-trace/internal/interaction/interaction_jsonl_parse.go:50.2,50.12 1 1
github.com/fall_out_bug/sdp-trace/internal/interaction/interaction_jsonl_read.go:8.52,14.16 2 1
github.com/fall_out_bug/sdp-trace/internal/interaction/interaction_jsonl_read.go:14.16,16.3 1 0
github.com/fall_out_bug/sdp-trace/internal/interaction/interaction_jsonl_read.go:17.2,18.30 2 1
github.com/fall_out_bug/sdp-trace/internal/interaction/interaction_jsonl_read.go:20.54,28.21 4 1
github.com/fall_out_bug/sdp-trace/internal/interaction/interaction_jsonl_read.go:28.21,31.17 3 1
github.com/fall_out_bug/sdp-trace/internal/interaction/interaction_jsonl_read.go:31.17,33.4 1 0
github.com/fall_out_bug/sdp-trace/internal/interaction/interaction_jsonl_read.go:35.2,35.38 1 1
github.com/fall_out_bug/sdp-trace/internal/interaction/interaction_jsonl_read.go:35.38,37.3 1 0
github.com/fall_out_bug/sdp-trace/internal/interaction/interaction_jsonl_read.go:38.2,38.20 1 1
github.com/fall_out_bug/sdp-trace/internal/interaction/interaction_normalize_import.go:8.56,18.23 6 1
github.com/fall_out_bug/sdp-trace/internal/interaction/interaction_normalize_import.go:18.23,20.3 1 1
github.com/fall_out_bug/sdp-trace/internal/interaction/interaction_normalize_import.go:21.2,21.13 1 1
github.com/fall_out_bug/sdp-trace/internal/interaction/interaction_normalize_relay.go:8.53,22.2 9 1
github.com/fall_out_bug/sdp-trace/internal/interaction/interaction_normalize_relay.go:24.58,30.23 2 1
github.com/fall_out_bug/sdp-trace/internal/interaction/interaction_normalize_relay.go:30.23,32.3 1 1
github.com/fall_out_bug/sdp-trace/internal/interaction/interaction_normalize_relay.go:33.2,33.13 1 1
github.com/fall_out_bug/sdp-trace/internal/interaction/interaction_normalize_relay.go:36.58,41.26 1 1
github.com/fall_out_bug/sdp-trace/internal/interaction/interaction_normalize_relay.go:41.26,43.3 1 1
github.com/fall_out_bug/sdp-trace/internal/interaction/interaction_normalize_relay.go:44.2,44.23 1 1
github.com/fall_out_bug/sdp-trace/internal/interaction/interaction_normalize_relay.go:44.23,46.3 1 1
github.com/fall_out_bug/sdp-trace/internal/interaction/interaction_normalize_relay.go:47.2,47.26 1 1
github.com/fall_out_bug/sdp-trace/internal/interaction/interaction_normalize_relay.go:47.26,49.3 1 1
github.com/fall_out_bug/sdp-trace/internal/interaction/interaction_normalize_relay.go:50.2,50.13 1 1
github.com/fall_out_bug/sdp-trace/internal/interaction/interaction_observed_build.go:7.72,12.24 1 1
github.com/fall_out_bug/sdp-trace/internal/interaction/interaction_observed_build.go:12.24,14.3 1 0
github.com/fall_out_bug/sdp-trace/internal/interaction/interaction_observed_build.go:15.2,18.59 3 1
github.com/fall_out_bug/sdp-trace/internal/interaction/interaction_observed_build.go:21.101,31.2 5 1
github.com/fall_out_bug/sdp-trace/internal/interaction/interaction_observed_build.go:33.78,55.2 1 1
github.com/fall_out_bug/sdp-trace/internal/interaction/interaction_observed_content.go:9.78,17.2 3 1
github.com/fall_out_bug/sdp-trace/internal/interaction/interaction_observed_content.go:19.61,33.2 8 1
github.com/fall_out_bug/sdp-trace/internal/interaction/interaction_observed_content.go:35.35,38.2 1 1
github.com/fall_out_bug/sdp-trace/internal/interaction/interaction_observed_content.go:40.65,43.2 1 1
github.com/fall_out_bug/sdp-trace/internal/interaction/interaction_observed_content.go:45.35,48.2 1 1
github.com/fall_out_bug/sdp-trace/internal/interaction/interaction_observed_content.go:50.47,53.2 2 1
github.com/fall_out_bug/sdp-trace/internal/interaction/interaction_observed_validate.go:8.84,13.59 1 1
github.com/fall_out_bug/sdp-trace/internal/interaction/interaction_observed_validate.go:13.59,15.3 1 0
github.com/fall_out_bug/sdp-trace/internal/interaction/interaction_observed_validate.go:16.2,16.27 1 1
github.com/fall_out_bug/sdp-trace/internal/interaction/interaction_observed_validate.go:16.27,18.3 1 1
github.com/fall_out_bug/sdp-trace/internal/interaction/interaction_observed_validate.go:19.2,19.49 1 1
github.com/fall_out_bug/sdp-trace/internal/interaction/interaction_observed_validate.go:22.60,26.55 1 1
github.com/fall_out_bug/sdp-trace/internal/interaction/interaction_observed_validate.go:26.55,28.3 1 0
github.com/fall_out_bug/sdp-trace/internal/interaction/interaction_observed_validate.go:30.2,30.43 1 1
github.com/fall_out_bug/sdp-trace/internal/interaction/interaction_observed_validate.go:33.56,38.63 1 1
github.com/fall_out_bug/sdp-trace/internal/interaction/interaction_observed_validate.go:38.63,40.3 1 0
github.com/fall_out_bug/sdp-trace/internal/interaction/interaction_observed_validate.go:41.2,41.62 1 1
github.com/fall_out_bug/sdp-trace/internal/interaction/interaction_observed_validate.go:41.62,43.3 1 0
github.com/fall_out_bug/sdp-trace/internal/interaction/interaction_observed_validate.go:44.2,44.38 1 1
github.com/fall_out_bug/sdp-trace/internal/interaction/interaction_observed_validate.go:46.55,50.24 1 1
github.com/fall_out_bug/sdp-trace/internal/interaction/interaction_observed_validate.go:50.24,53.3 1 0
github.com/fall_out_bug/sdp-trace/internal/interaction/interaction_observed_validate.go:54.2,54.49 1 1
github.com/fall_out_bug/sdp-trace/internal/interaction/interaction_observed_validate.go:56.60,61.37 1 1
github.com/fall_out_bug/sdp-trace/internal/interaction/interaction_observed_validate.go:61.37,63.3 1 0
github.com/fall_out_bug/sdp-trace/internal/interaction/interaction_observed_validate.go:64.2,64.37 1 1
github.com/fall_out_bug/sdp-trace/internal/interaction/interaction_observed_validate.go:64.37,66.3 1 0
github.com/fall_out_bug/sdp-trace/internal/interaction/interaction_observed_validate.go:67.2,67.12 1 1
github.com/fall_out_bug/sdp-trace/internal/interaction/interaction_random.go:11.30,17.42 2 1
github.com/fall_out_bug/sdp-trace/internal/interaction/interaction_random.go:17.42,20.3 2 0
github.com/fall_out_bug/sdp-trace/internal/interaction/interaction_random.go:21.2,21.32 1 1
github.com/fall_out_bug/sdp-trace/internal/interaction/interaction_refs.go:8.38,13.64 1 1
github.com/fall_out_bug/sdp-trace/internal/interaction/interaction_refs.go:13.64,15.3 1 0
github.com/fall_out_bug/sdp-trace/internal/interaction/interaction_refs.go:16.2,16.41 1 1
github.com/fall_out_bug/sdp-trace/internal/interaction/interaction_refs.go:16.41,18.3 1 1
github.com/fall_out_bug/sdp-trace/internal/interaction/interaction_refs.go:19.2,19.43 1 1
github.com/fall_out_bug/sdp-trace/internal/interaction/interaction_refs.go:22.60,25.2 1 1
github.com/fall_out_bug/sdp-trace/internal/interaction/interaction_relay.go:9.115,15.28 2 1
github.com/fall_out_bug/sdp-trace/internal/interaction/interaction_relay.go:15.28,17.3 1 0
github.com/fall_out_bug/sdp-trace/internal/interaction/interaction_relay.go:18.2,18.59 1 1
github.com/fall_out_bug/sdp-trace/internal/interaction/interaction_relay.go:21.126,27.16 2 1
github.com/fall_out_bug/sdp-trace/internal/interaction/interaction_relay.go:27.16,29.3 1 0
github.com/fall_out_bug/sdp-trace/internal/interaction/interaction_relay.go:30.2,31.16 2 1
github.com/fall_out_bug/sdp-trace/internal/interaction/interaction_relay.go:31.16,33.3 1 1
github.com/fall_out_bug/sdp-trace/internal/interaction/interaction_relay.go:34.2,35.70 2 1
github.com/fall_out_bug/sdp-trace/internal/interaction/interaction_relay.go:35.70,37.3 1 0
github.com/fall_out_bug/sdp-trace/internal/interaction/interaction_relay.go:38.2,39.29 2 1
github.com/fall_out_bug/sdp-trace/internal/interaction/interaction_relay.go:42.80,47.101 1 1
github.com/fall_out_bug/sdp-trace/internal/interaction/interaction_relay.go:47.101,49.3 1 0
github.com/fall_out_bug/sdp-trace/internal/interaction/interaction_relay.go:50.2,50.32 1 1
github.com/fall_out_bug/sdp-trace/internal/interaction/interaction_safe_id.go:8.48,14.17 2 1
github.com/fall_out_bug/sdp-trace/internal/interaction/interaction_safe_id.go:14.17,16.3 1 0
github.com/fall_out_bug/sdp-trace/internal/interaction/interaction_safe_id.go:17.2,17.39 1 1
github.com/fall_out_bug/sdp-trace/internal/interaction/interaction_safe_id.go:17.39,19.3 1 1
github.com/fall_out_bug/sdp-trace/internal/interaction/interaction_safe_id.go:20.2,20.12 1 1
github.com/fall_out_bug/sdp-trace/internal/interaction/interaction_summary.go:3.42,9.37 2 1
github.com/fall_out_bug/sdp-trace/internal/interaction/interaction_summary.go:9.37,11.3 1 1
github.com/fall_out_bug/sdp-trace/internal/interaction/interaction_summary.go:12.2,13.33 2 1
github.com/fall_out_bug/sdp-trace/internal/interaction/interaction_summary.go:13.33,15.3 1 1
github.com/fall_out_bug/sdp-trace/internal/interaction/interaction_summary.go:17.2,17.50 1 1
github.com/fall_out_bug/sdp-trace/internal/interaction/interaction_summary.go:19.92,41.2 2 1
github.com/fall_out_bug/sdp-trace/internal/interaction/interaction_summary_counts.go:3.80,16.2 1 1
github.com/fall_out_bug/sdp-trace/internal/interaction/interaction_summary_counts.go:18.52,22.2 1 1
github.com/fall_out_bug/sdp-trace/internal/interaction/interaction_summary_counts.go:24.69,30.42 2 1
github.com/fall_out_bug/sdp-trace/internal/interaction/interaction_summary_counts.go:30.42,33.3 2 1
github.com/fall_out_bug/sdp-trace/internal/interaction/interaction_summary_counts.go:34.2,35.54 2 1
github.com/fall_out_bug/sdp-trace/internal/interaction/interaction_summary_event_types.go:3.86,8.19 1 1
github.com/fall_out_bug/sdp-trace/internal/interaction/interaction_summary_event_types.go:9.23,10.31 1 1
github.com/fall_out_bug/sdp-trace/internal/interaction/interaction_summary_event_types.go:11.31,12.31 1 1
github.com/fall_out_bug/sdp-trace/internal/interaction/interaction_summary_event_types.go:13.30,14.31 1 1
github.com/fall_out_bug/sdp-trace/internal/interaction/interaction_summary_event_types.go:18.86,23.32 1 1
github.com/fall_out_bug/sdp-trace/internal/interaction/interaction_summary_event_types.go:23.32,25.3 1 1
github.com/fall_out_bug/sdp-trace/internal/interaction/interaction_summary_event_types.go:26.2,26.79 1 1
github.com/fall_out_bug/sdp-trace/internal/interaction/interaction_summary_event_types.go:26.79,28.3 1 1
github.com/fall_out_bug/sdp-trace/internal/interaction/interaction_summary_event_types.go:31.44,33.2 1 1
github.com/fall_out_bug/sdp-trace/internal/interaction/interaction_summary_event_types.go:35.56,40.19 1 1
github.com/fall_out_bug/sdp-trace/internal/interaction/interaction_summary_event_types.go:41.74,42.14 1 1
github.com/fall_out_bug/sdp-trace/internal/interaction/interaction_summary_event_types.go:43.10,44.15 1 1
github.com/fall_out_bug/sdp-trace/internal/interaction/interaction_trace.go:7.79,12.18 1 1
github.com/fall_out_bug/sdp-trace/internal/interaction/interaction_trace.go:12.18,14.3 1 0
github.com/fall_out_bug/sdp-trace/internal/interaction/interaction_trace.go:15.2,16.31 2 1
github.com/fall_out_bug/sdp-trace/internal/interaction/interaction_trace.go:16.31,18.3 1 1
github.com/fall_out_bug/sdp-trace/internal/interaction/interaction_trace.go:19.2,19.68 1 1
github.com/fall_out_bug/sdp-trace/internal/interaction/interaction_trace.go:22.44,24.2 1 1
github.com/fall_out_bug/sdp-trace/internal/interaction/interaction_trace.go:25.70,30.22 1 1
github.com/fall_out_bug/sdp-trace/internal/interaction/interaction_trace.go:31.32,32.27 1 1
github.com/fall_out_bug/sdp-trace/internal/interaction/interaction_trace.go:33.31,34.26 1 1
github.com/fall_out_bug/sdp-trace/internal/interaction/interaction_trace.go:35.27,36.22 1 1
github.com/fall_out_bug/sdp-trace/internal/interaction/interaction_trace.go:40.50,48.2 3 1
github.com/fall_out_bug/sdp-trace/internal/interaction/interaction_trace.go:50.49,55.52 1 1
github.com/fall_out_bug/sdp-trace/internal/interaction/interaction_trace.go:55.52,58.3 2 1
github.com/fall_out_bug/sdp-trace/internal/interaction/interaction_trace.go:59.2,59.87 1 1
github.com/fall_out_bug/sdp-trace/internal/interaction/interaction_trace.go:62.45,66.48 1 1
github.com/fall_out_bug/sdp-trace/internal/interaction/interaction_trace.go:66.48,70.3 2 1
github.com/fall_out_bug/sdp-trace/internal/interaction/interaction_trace_from_assessment.go:7.114,26.2 2 1
github.com/fall_out_bug/sdp-trace/internal/interaction/interaction_trace_read.go:8.44,13.16 3 1
github.com/fall_out_bug/sdp-trace/internal/interaction/interaction_trace_read.go:13.16,15.3 1 0
github.com/fall_out_bug/sdp-trace/internal/interaction/interaction_trace_read.go:16.2,16.53 1 1
github.com/fall_out_bug/sdp-trace/internal/interaction/interaction_trace_read.go:16.53,18.3 1 0
github.com/fall_out_bug/sdp-trace/internal/interaction/interaction_trace_read.go:19.2,19.45 1 1
github.com/fall_out_bug/sdp-trace/internal/interaction/interaction_trace_read.go:19.45,21.3 1 1
github.com/fall_out_bug/sdp-trace/internal/interaction/interaction_trace_read.go:22.2,22.19 1 1
github.com/fall_out_bug/sdp-trace/internal/interaction/interaction_trace_validate.go:8.39,13.42 1 1
github.com/fall_out_bug/sdp-trace/internal/interaction/interaction_trace_validate.go:13.42,15.3 1 1
github.com/fall_out_bug/sdp-trace/internal/interaction/interaction_trace_validate.go:16.2,16.51 1 1
github.com/fall_out_bug/sdp-trace/internal/interaction/interaction_trace_validate.go:16.51,18.3 1 1
github.com/fall_out_bug/sdp-trace/internal/interaction/interaction_trace_validate.go:19.2,19.51 1 1
github.com/fall_out_bug/sdp-trace/internal/interaction/interaction_trace_validate.go:19.51,21.3 1 1
github.com/fall_out_bug/sdp-trace/internal/interaction/interaction_trace_validate.go:22.2,22.39 1 1
github.com/fall_out_bug/sdp-trace/internal/interaction/interaction_trace_validate.go:25.45,30.64 1 1
github.com/fall_out_bug/sdp-trace/internal/interaction/interaction_trace_validate.go:30.64,32.3 1 0
github.com/fall_out_bug/sdp-trace/internal/interaction/interaction_trace_validate.go:33.2,33.40 1 1
github.com/fall_out_bug/sdp-trace/internal/interaction/interaction_trace_validate.go:33.40,35.3 1 1
github.com/fall_out_bug/sdp-trace/internal/interaction/interaction_trace_validate.go:36.2,36.28 1 1
github.com/fall_out_bug/sdp-trace/internal/interaction/interaction_trace_validate.go:36.28,38.3 1 1
github.com/fall_out_bug/sdp-trace/internal/interaction/interaction_trace_validate.go:39.2,39.12 1 1
github.com/fall_out_bug/sdp-trace/internal/interaction/interaction_trace_validate.go:42.45,47.37 1 1
github.com/fall_out_bug/sdp-trace/internal/interaction/interaction_trace_validate.go:47.37,48.35 1 1
github.com/fall_out_bug/sdp-trace/internal/interaction/interaction_trace_validate.go:48.35,50.4 1 1
github.com/fall_out_bug/sdp-trace/internal/interaction/interaction_trace_validate.go:51.3,51.46 1 1
github.com/fall_out_bug/sdp-trace/internal/interaction/interaction_trace_validate.go:51.46,53.4 1 0
github.com/fall_out_bug/sdp-trace/internal/interaction/interaction_trace_validate.go:55.2,55.12 1 1
github.com/fall_out_bug/sdp-trace/internal/interaction/interaction_trace_write.go:11.49,16.35 1 1
github.com/fall_out_bug/sdp-trace/internal/interaction/interaction_trace_write.go:16.35,18.3 1 0
github.com/fall_out_bug/sdp-trace/internal/interaction/interaction_trace_write.go:19.2,19.63 1 1
github.com/fall_out_bug/sdp-trace/internal/interaction/interaction_trace_write.go:19.63,21.3 1 0
github.com/fall_out_bug/sdp-trace/internal/interaction/interaction_trace_write.go:22.2,23.16 2 1
github.com/fall_out_bug/sdp-trace/internal/interaction/interaction_trace_write.go:23.16,25.3 1 0
github.com/fall_out_bug/sdp-trace/internal/interaction/interaction_trace_write.go:26.2,26.54 1 1
github.com/fall_out_bug/sdp-trace/internal/interaction/interaction_unsafe_count.go:7.35,14.93 3 1
github.com/fall_out_bug/sdp-trace/internal/interaction/interaction_unsafe_count.go:14.93,16.3 1 1
github.com/fall_out_bug/sdp-trace/internal/interaction/interaction_unsafe_count.go:17.2,17.14 1 1
github.com/fall_out_bug/sdp-trace/internal/interaction/interaction_valid_actor_source.go:3.40,8.15 1 1
github.com/fall_out_bug/sdp-trace/internal/interaction/interaction_valid_actor_source.go:9.113,10.14 1 1
github.com/fall_out_bug/sdp-trace/internal/interaction/interaction_valid_actor_source.go:11.10,12.15 1 0
github.com/fall_out_bug/sdp-trace/internal/interaction/interaction_valid_actor_source.go:16.41,21.15 1 1
github.com/fall_out_bug/sdp-trace/internal/interaction/interaction_valid_actor_source.go:22.67,23.14 1 1
github.com/fall_out_bug/sdp-trace/internal/interaction/interaction_valid_actor_source.go:24.10,25.15 1 1
github.com/fall_out_bug/sdp-trace/internal/interaction/interaction_valid_states.go:3.40,5.2 1 1
github.com/fall_out_bug/sdp-trace/internal/interaction/interaction_valid_states.go:7.40,12.15 1 1
github.com/fall_out_bug/sdp-trace/internal/interaction/interaction_valid_states.go:13.132,14.14 1 1
github.com/fall_out_bug/sdp-trace/internal/interaction/interaction_valid_states.go:15.10,16.15 1 1
github.com/fall_out_bug/sdp-trace/internal/interaction/interaction_valid_states.go:20.43,25.15 1 1
github.com/fall_out_bug/sdp-trace/internal/interaction/interaction_valid_states.go:26.100,27.14 1 1
github.com/fall_out_bug/sdp-trace/internal/interaction/interaction_valid_states.go:28.10,29.15 1 1
github.com/fall_out_bug/sdp-trace/internal/interaction/interaction_valid_states.go:33.49,38.15 1 1
github.com/fall_out_bug/sdp-trace/internal/interaction/interaction_valid_states.go:39.73,40.14 1 1
github.com/fall_out_bug/sdp-trace/internal/interaction/interaction_valid_states.go:41.10,42.15 1 1
github.com/fall_out_bug/sdp-trace/internal/interaction/interaction_valid_states.go:45.41,50.15 1 1
github.com/fall_out_bug/sdp-trace/internal/interaction/interaction_valid_states.go:51.106,52.14 1 1
github.com/fall_out_bug/sdp-trace/internal/interaction/interaction_valid_states.go:53.10,54.15 1 0
github.com/fall_out_bug/sdp-trace/internal/interaction/interaction_valid_states.go:58.45,60.2 1 1
github.com/fall_out_bug/sdp-trace/internal/packet/packet_035_loadbundle.go:8.46,14.16 2 1
github.com/fall_out_bug/sdp-trace/internal/packet/packet_035_loadbundle.go:14.16,16.3 1 0
github.com/fall_out_bug/sdp-trace/internal/packet/packet_035_loadbundle.go:17.2,18.53 2 1
github.com/fall_out_bug/sdp-trace/internal/packet/packet_035_loadbundle.go:18.53,20.3 1 0
github.com/fall_out_bug/sdp-trace/internal/packet/packet_035_loadbundle.go:21.2,21.20 1 1
github.com/fall_out_bug/sdp-trace/internal/packet/packet_036_loadgithubinput.go:8.66,14.16 2 1
github.com/fall_out_bug/sdp-trace/internal/packet/packet_036_loadgithubinput.go:14.16,16.3 1 0
github.com/fall_out_bug/sdp-trace/internal/packet/packet_036_loadgithubinput.go:17.2,18.52 2 1
github.com/fall_out_bug/sdp-trace/internal/packet/packet_036_loadgithubinput.go:18.52,20.3 1 0
github.com/fall_out_bug/sdp-trace/internal/packet/packet_036_loadgithubinput.go:21.2,21.19 1 1
github.com/fall_out_bug/sdp-trace/internal/packet/packet_037_buildfromgithubinput.go:8.86,20.39 7 1
github.com/fall_out_bug/sdp-trace/internal/packet/packet_037_buildfromgithubinput.go:20.39,22.31 1 0
github.com/fall_out_bug/sdp-trace/internal/packet/packet_037_buildfromgithubinput.go:22.31,24.4 1 0
github.com/fall_out_bug/sdp-trace/internal/packet/packet_037_buildfromgithubinput.go:25.3,25.70 1 0
github.com/fall_out_bug/sdp-trace/internal/packet/packet_037_buildfromgithubinput.go:27.2,27.90 1 1
github.com/fall_out_bug/sdp-trace/internal/packet/packet_038_githubpacket.go:7.117,28.2 1 1
github.com/fall_out_bug/sdp-trace/internal/packet/packet_039_appendpromptboundaryfinding.go:7.81,12.46 2 1
github.com/fall_out_bug/sdp-trace/internal/packet/packet_039_appendpromptboundaryfinding.go:12.46,21.3 1 1
github.com/fall_out_bug/sdp-trace/internal/packet/packet_039_appendpromptboundaryfinding.go:22.2,22.15 1 1
github.com/fall_out_bug/sdp-trace/internal/packet/packet_040_githubbundlemanifest.go:3.97,14.2 1 1
github.com/fall_out_bug/sdp-trace/internal/packet/packet_041_classifypromptboundary.go:7.83,12.16 2 1
github.com/fall_out_bug/sdp-trace/internal/packet/packet_041_classifypromptboundary.go:12.16,15.3 1 1
github.com/fall_out_bug/sdp-trace/internal/packet/packet_041_classifypromptboundary.go:16.2,16.41 1 1
github.com/fall_out_bug/sdp-trace/internal/packet/packet_042_classifypromptmetadata.go:7.83,11.45 1 1
github.com/fall_out_bug/sdp-trace/internal/packet/packet_042_classifypromptmetadata.go:11.45,13.3 1 1
github.com/fall_out_bug/sdp-trace/internal/packet/packet_042_classifypromptmetadata.go:14.2,14.46 1 1
github.com/fall_out_bug/sdp-trace/internal/packet/packet_042_classifypromptmetadata.go:14.46,16.74 1 1
github.com/fall_out_bug/sdp-trace/internal/packet/packet_042_classifypromptmetadata.go:16.74,18.4 1 1
github.com/fall_out_bug/sdp-trace/internal/packet/packet_042_classifypromptmetadata.go:20.2,20.153 1 1
github.com/fall_out_bug/sdp-trace/internal/packet/packet_043_classifyprompttext.go:7.67,12.56 2 1
github.com/fall_out_bug/sdp-trace/internal/packet/packet_043_classifyprompttext.go:12.56,14.38 1 1
github.com/fall_out_bug/sdp-trace/internal/packet/packet_043_classifyprompttext.go:14.38,20.4 1 1
github.com/fall_out_bug/sdp-trace/internal/packet/packet_043_classifyprompttext.go:22.2,22.84 1 1
github.com/fall_out_bug/sdp-trace/internal/packet/packet_044_promptboundarymetadatamissing.go:7.66,16.2 1 1
github.com/fall_out_bug/sdp-trace/internal/packet/packet_045_promptboundarymetadatacomplete.go:7.67,16.2 1 1
github.com/fall_out_bug/sdp-trace/internal/packet/packet_046_forbiddenrecorderdutyphrases.go:3.46,21.2 1 1
github.com/fall_out_bug/sdp-trace/internal/packet/packet_047_rendercleantheater.go:9.57,12.2 1 1
github.com/fall_out_bug/sdp-trace/internal/packet/packet_048_rendertheaterfinding.go:10.70,16.2 1 0
github.com/fall_out_bug/sdp-trace/internal/packet/packet_049_rowbyid.go:3.41,7.27 1 1
github.com/fall_out_bug/sdp-trace/internal/packet/packet_049_rowbyid.go:7.27,8.19 1 1
github.com/fall_out_bug/sdp-trace/internal/packet/packet_049_rowbyid.go:8.19,11.4 1 1
github.com/fall_out_bug/sdp-trace/internal/packet/packet_049_rowbyid.go:13.2,13.93 1 0
github.com/fall_out_bug/sdp-trace/internal/packet/packet_050_renderdecisions.go:9.65,16.31 3 1
github.com/fall_out_bug/sdp-trace/internal/packet/packet_050_renderdecisions.go:16.31,18.3 1 1
github.com/fall_out_bug/sdp-trace/internal/packet/packet_050_renderdecisions.go:19.2,19.19 1 1
github.com/fall_out_bug/sdp-trace/internal/packet/packet_051_renderevidence.go:9.65,16.41 4 1
github.com/fall_out_bug/sdp-trace/internal/packet/packet_051_renderevidence.go:16.41,19.21 2 1
github.com/fall_out_bug/sdp-trace/internal/packet/packet_051_renderevidence.go:19.21,22.4 1 0
github.com/fall_out_bug/sdp-trace/internal/packet/packet_051_renderevidence.go:23.3,23.154 1 1
github.com/fall_out_bug/sdp-trace/internal/packet/packet_051_renderevidence.go:25.2,25.19 1 1
github.com/fall_out_bug/sdp-trace/internal/packet/packet_052_renderresidualgaps.go:9.64,15.20 2 1
github.com/fall_out_bug/sdp-trace/internal/packet/packet_052_renderresidualgaps.go:15.20,18.3 2 0
github.com/fall_out_bug/sdp-trace/internal/packet/packet_052_renderresidualgaps.go:19.2,19.34 1 1
github.com/fall_out_bug/sdp-trace/internal/packet/packet_053_rendernoresidualgaps.go:9.46,12.2 1 0
github.com/fall_out_bug/sdp-trace/internal/packet/packet_054_renderresidualgaprows.go:9.67,15.27 2 1
github.com/fall_out_bug/sdp-trace/internal/packet/packet_054_renderresidualgaprows.go:15.27,17.3 1 1
github.com/fall_out_bug/sdp-trace/internal/packet/packet_054_renderresidualgaprows.go:18.2,18.19 1 1
github.com/fall_out_bug/sdp-trace/internal/packet/packet_055_rendernonproof.go:10.55,16.49 2 1
github.com/fall_out_bug/sdp-trace/internal/packet/packet_055_rendernonproof.go:16.49,19.3 2 1
github.com/fall_out_bug/sdp-trace/internal/packet/packet_055_rendernonproof.go:20.2,20.148 1 0
github.com/fall_out_bug/sdp-trace/internal/packet/packet_056_requiredrowindex.go:3.38,7.40 1 1
github.com/fall_out_bug/sdp-trace/internal/packet/packet_056_requiredrowindex.go:7.40,8.21 1 1
github.com/fall_out_bug/sdp-trace/internal/packet/packet_056_requiredrowindex.go:8.21,11.4 1 1
github.com/fall_out_bug/sdp-trace/internal/packet/packet_056_requiredrowindex.go:13.2,13.26 1 0
github.com/fall_out_bug/sdp-trace/internal/packet/packet_057_resolverfromlist.go:3.69,7.37 1 1
github.com/fall_out_bug/sdp-trace/internal/packet/packet_057_resolverfromlist.go:7.37,8.26 1 1
github.com/fall_out_bug/sdp-trace/internal/packet/packet_057_resolverfromlist.go:8.26,11.4 1 1
github.com/fall_out_bug/sdp-trace/internal/packet/packet_057_resolverfromlist.go:13.2,13.11 1 1
github.com/fall_out_bug/sdp-trace/internal/packet/packet_058_md.go:7.30,14.36 3 1
github.com/fall_out_bug/sdp-trace/internal/packet/packet_058_md.go:14.36,16.3 1 1
github.com/fall_out_bug/sdp-trace/internal/packet/packet_058_md.go:17.2,17.14 1 1
github.com/fall_out_bug/sdp-trace/internal/packet/packet_059_packetdigest.go:10.41,17.16 3 1
github.com/fall_out_bug/sdp-trace/internal/packet/packet_059_packetdigest.go:17.16,19.3 1 0
github.com/fall_out_bug/sdp-trace/internal/packet/packet_059_packetdigest.go:20.2,21.46 2 1
github.com/fall_out_bug/sdp-trace/internal/packet/packet_060_validate.go:7.56,19.2 2 1
github.com/fall_out_bug/sdp-trace/internal/packet/packet_061_checkdemofirstpacket.go:7.68,21.2 3 1
github.com/fall_out_bug/sdp-trace/internal/packet/packet_062_validate.go:3.56,17.23 10 1
github.com/fall_out_bug/sdp-trace/internal/packet/packet_062_validate.go:17.23,19.3 1 1
github.com/fall_out_bug/sdp-trace/internal/packet/packet_062_validate.go:20.2,20.51 1 1
github.com/fall_out_bug/sdp-trace/internal/packet/packet_063_requiretoolgenerated.go:3.57,7.63 1 1
github.com/fall_out_bug/sdp-trace/internal/packet/packet_063_requiretoolgenerated.go:7.63,10.3 1 0
github.com/fall_out_bug/sdp-trace/internal/packet/packet_064_index.go:3.42,7.43 1 1
github.com/fall_out_bug/sdp-trace/internal/packet/packet_064_index.go:7.43,9.3 1 1
github.com/fall_out_bug/sdp-trace/internal/packet/packet_064_index.go:10.2,10.50 1 1
github.com/fall_out_bug/sdp-trace/internal/packet/packet_064_index.go:10.50,13.3 1 1
github.com/fall_out_bug/sdp-trace/internal/packet/packet_065_requirepassorpartialrows.go:3.72,8.29 2 1
github.com/fall_out_bug/sdp-trace/internal/packet/packet_065_requirepassorpartialrows.go:8.29,9.31 1 1
github.com/fall_out_bug/sdp-trace/internal/packet/packet_065_requirepassorpartialrows.go:9.31,11.4 1 1
github.com/fall_out_bug/sdp-trace/internal/packet/packet_065_requirepassorpartialrows.go:14.2,14.21 1 1
github.com/fall_out_bug/sdp-trace/internal/packet/packet_065_requirepassorpartialrows.go:14.21,16.3 1 0
github.com/fall_out_bug/sdp-trace/internal/packet/packet_066_requirerowevidence.go:3.67,8.32 2 1
github.com/fall_out_bug/sdp-trace/internal/packet/packet_066_requirerowevidence.go:8.32,11.3 2 0
github.com/fall_out_bug/sdp-trace/internal/packet/packet_066_requirerowevidence.go:13.2,13.57 1 1
github.com/fall_out_bug/sdp-trace/internal/packet/packet_067_requireusablerowevidencerefs.go:3.92,7.27 1 1
github.com/fall_out_bug/sdp-trace/internal/packet/packet_067_requireusablerowevidencerefs.go:7.27,9.10 2 1
github.com/fall_out_bug/sdp-trace/internal/packet/packet_067_requireusablerowevidencerefs.go:9.10,11.12 1 0
github.com/fall_out_bug/sdp-trace/internal/packet/packet_067_requireusablerowevidencerefs.go:13.3,13.37 1 1
github.com/fall_out_bug/sdp-trace/internal/packet/packet_067_requireusablerowevidencerefs.go:13.37,15.4 1 0
github.com/fall_out_bug/sdp-trace/internal/packet/packet_068_requireagentrouteevidence.go:3.62,9.9 2 1
github.com/fall_out_bug/sdp-trace/internal/packet/packet_068_requireagentrouteevidence.go:9.9,11.3 1 0
github.com/fall_out_bug/sdp-trace/internal/packet/packet_068_requireagentrouteevidence.go:12.2,12.41 1 1
github.com/fall_out_bug/sdp-trace/internal/packet/packet_068_requireagentrouteevidence.go:12.41,14.3 1 1
github.com/fall_out_bug/sdp-trace/internal/packet/packet_068_requireagentrouteevidence.go:15.2,15.138 1 1
github.com/fall_out_bug/sdp-trace/internal/packet/packet_069_agentrouteevidencerefs.go:3.76,8.31 2 1
github.com/fall_out_bug/sdp-trace/internal/packet/packet_069_agentrouteevidencerefs.go:8.31,11.3 2 0
github.com/fall_out_bug/sdp-trace/internal/packet/packet_069_agentrouteevidencerefs.go:13.2,13.32 1 1
github.com/fall_out_bug/sdp-trace/internal/packet/packet_069_agentrouteevidencerefs.go:13.32,16.3 2 0
github.com/fall_out_bug/sdp-trace/internal/packet/packet_069_agentrouteevidencerefs.go:17.2,17.31 1 1
github.com/fall_out_bug/sdp-trace/internal/packet/packet_070_hasusableagentrouteevidence.go:3.82,7.27 1 1
github.com/fall_out_bug/sdp-trace/internal/packet/packet_070_hasusableagentrouteevidence.go:7.27,8.35 1 1
github.com/fall_out_bug/sdp-trace/internal/packet/packet_070_hasusableagentrouteevidence.go:8.35,11.4 1 1
github.com/fall_out_bug/sdp-trace/internal/packet/packet_070_hasusableagentrouteevidence.go:13.2,13.14 1 1
github.com/fall_out_bug/sdp-trace/internal/packet/packet_071_usableagentrouteentry.go:3.73,6.2 2 1
github.com/fall_out_bug/sdp-trace/internal/packet/packet_072_passorpartial.go:3.39,5.2 1 1
github.com/fall_out_bug/sdp-trace/internal/packet/packet_073_requireverificationorreviewassessed.go:3.72,7.80 1 1
github.com/fall_out_bug/sdp-trace/internal/packet/packet_073_requireverificationorreviewassessed.go:7.80,9.3 1 1
github.com/fall_out_bug/sdp-trace/internal/packet/packet_073_requireverificationorreviewassessed.go:11.2,11.100 1 0
github.com/fall_out_bug/sdp-trace/internal/packet/packet_074_rowassessed.go:3.32,5.2 1 1
github.com/fall_out_bug/sdp-trace/internal/packet/packet_075_requirecannotverifyclosurecap.go:3.66,9.18 2 1
github.com/fall_out_bug/sdp-trace/internal/packet/packet_075_requirecannotverifyclosurecap.go:9.18,11.3 1 0
github.com/fall_out_bug/sdp-trace/internal/packet/packet_076_cannotverifyrowswithoutclosure.go:3.71,8.29 2 1
github.com/fall_out_bug/sdp-trace/internal/packet/packet_076_cannotverifyrowswithoutclosure.go:8.29,9.37 1 1
github.com/fall_out_bug/sdp-trace/internal/packet/packet_076_cannotverifyrowswithoutclosure.go:9.37,10.12 1 1
github.com/fall_out_bug/sdp-trace/internal/packet/packet_076_cannotverifyrowswithoutclosure.go:13.3,13.66 1 0
github.com/fall_out_bug/sdp-trace/internal/packet/packet_076_cannotverifyrowswithoutclosure.go:13.66,15.4 1 0
github.com/fall_out_bug/sdp-trace/internal/packet/packet_076_cannotverifyrowswithoutclosure.go:17.2,17.17 1 1
github.com/fall_out_bug/sdp-trace/internal/packet/packet_077_gapforrowwithclosure.go:7.66,11.27 1 1
github.com/fall_out_bug/sdp-trace/internal/packet/packet_077_gapforrowwithclosure.go:11.27,12.73 1 1
github.com/fall_out_bug/sdp-trace/internal/packet/packet_077_gapforrowwithclosure.go:12.73,15.4 1 1
github.com/fall_out_bug/sdp-trace/internal/packet/packet_077_gapforrowwithclosure.go:17.2,17.14 1 1
github.com/fall_out_bug/sdp-trace/internal/packet/packet_078_add.go:7.66,9.2 1 1
github.com/fall_out_bug/sdp-trace/internal/packet/packet_079_demousableentry.go:7.61,10.2 1 1
github.com/fall_out_bug/sdp-trace/internal/packet/packet_080_entryhasresolveranddigest.go:7.56,9.2 1 1
github.com/fall_out_bug/sdp-trace/internal/packet/packet_081_demorouteevidenceobservedopencodegsdminimax.go:3.74,7.86 1 1
github.com/fall_out_bug/sdp-trace/internal/packet/packet_081_demorouteevidenceobservedopencodegsdminimax.go:7.86,9.3 1 1
github.com/fall_out_bug/sdp-trace/internal/packet/packet_081_demorouteevidenceobservedopencodegsdminimax.go:11.2,11.56 1 1
github.com/fall_out_bug/sdp-trace/internal/packet/packet_082_hasopencodegsdminimax.go:7.52,12.37 2 1
github.com/fall_out_bug/sdp-trace/internal/packet/packet_082_hasopencodegsdminimax.go:12.37,15.3 1 1
github.com/fall_out_bug/sdp-trace/internal/packet/packet_082_hasopencodegsdminimax.go:16.2,16.87 1 1
github.com/fall_out_bug/sdp-trace/internal/packet/packet_083_hasminimaxcomponent.go:3.59,5.2 1 1
github.com/fall_out_bug/sdp-trace/internal/packet/packet_084_syntheticentrydigest.go:7.51,9.2 1 1
github.com/fall_out_bug/sdp-trace/internal/packet/packet_085_validate.go:3.49,13.23 6 1
github.com/fall_out_bug/sdp-trace/internal/packet/packet_085_validate.go:13.23,15.3 1 1
github.com/fall_out_bug/sdp-trace/internal/packet/packet_085_validate.go:16.2,16.51 1 1
github.com/fall_out_bug/sdp-trace/internal/packet/packet_086_validatemetadata.go:3.46,12.2 4 1
github.com/fall_out_bug/sdp-trace/internal/packet/packet_087_validateschemametadata.go:3.52,7.58 1 1
github.com/fall_out_bug/sdp-trace/internal/packet/packet_087_validateschemametadata.go:7.58,9.3 1 0
github.com/fall_out_bug/sdp-trace/internal/packet/packet_087_validateschemametadata.go:11.2,11.60 1 1
github.com/fall_out_bug/sdp-trace/internal/packet/packet_087_validateschemametadata.go:11.60,13.3 1 0
github.com/fall_out_bug/sdp-trace/internal/packet/packet_088_validatebundleidentity.go:3.52,11.132 4 1
github.com/fall_out_bug/sdp-trace/internal/packet/packet_088_validatebundleidentity.go:11.132,13.3 1 1
github.com/fall_out_bug/sdp-trace/internal/packet/packet_089_requirenonempty.go:7.73,11.36 1 1
github.com/fall_out_bug/sdp-trace/internal/packet/packet_089_requirenonempty.go:11.36,14.3 1 0
github.com/fall_out_bug/sdp-trace/internal/packet/packet_090_validatepacketdigest.go:7.50,11.61 1 1
github.com/fall_out_bug/sdp-trace/internal/packet/packet_090_validatepacketdigest.go:11.61,13.3 1 0
github.com/fall_out_bug/sdp-trace/internal/packet/packet_090_validatepacketdigest.go:13.8,13.110 1 1
github.com/fall_out_bug/sdp-trace/internal/packet/packet_090_validatepacketdigest.go:13.110,16.3 1 1
github.com/fall_out_bug/sdp-trace/internal/packet/packet_091_validatepacketpolicymetadata.go:3.58,12.2 4 1
github.com/fall_out_bug/sdp-trace/internal/packet/packet_092_validateprojectionmetadata.go:3.56,8.44 2 1
github.com/fall_out_bug/sdp-trace/internal/packet/packet_092_validateprojectionmetadata.go:8.44,11.3 1 1
github.com/fall_out_bug/sdp-trace/internal/packet/packet_092_validateprojectionmetadata.go:12.2,12.48 1 1
github.com/fall_out_bug/sdp-trace/internal/packet/packet_092_validateprojectionmetadata.go:12.48,14.3 1 0
github.com/fall_out_bug/sdp-trace/internal/packet/packet_093_invalidcanonicalprojection.go:3.61,5.2 1 1
github.com/fall_out_bug/sdp-trace/internal/packet/packet_094_missingnoncanonicalartifactref.go:7.65,9.2 1 1
github.com/fall_out_bug/sdp-trace/internal/packet/packet_095_requireknown.go:3.92,7.19 1 1
github.com/fall_out_bug/sdp-trace/internal/packet/packet_095_requireknown.go:7.19,10.3 1 0
github.com/fall_out_bug/sdp-trace/internal/packet/packet_096_indexmanifest.go:3.43,6.2 2 1
github.com/fall_out_bug/sdp-trace/internal/packet/packet_097_indexmanifestentries.go:7.50,11.50 1 1
github.com/fall_out_bug/sdp-trace/internal/packet/packet_097_indexmanifestentries.go:11.50,12.34 1 1
github.com/fall_out_bug/sdp-trace/internal/packet/packet_097_indexmanifestentries.go:12.34,15.47 2 1
github.com/fall_out_bug/sdp-trace/internal/packet/packet_097_indexmanifestentries.go:15.47,17.5 1 1
github.com/fall_out_bug/sdp-trace/internal/packet/packet_098_indexresolverentries.go:3.50,7.55 1 1
github.com/fall_out_bug/sdp-trace/internal/packet/packet_098_indexresolverentries.go:7.55,10.3 1 1
github.com/fall_out_bug/sdp-trace/internal/packet/packet_099_indexresolverentry.go:7.70,11.43 1 1
github.com/fall_out_bug/sdp-trace/internal/packet/packet_099_indexresolverentry.go:11.43,13.3 1 1
github.com/fall_out_bug/sdp-trace/internal/packet/packet_099_indexresolverentry.go:15.2,15.51 1 1
github.com/fall_out_bug/sdp-trace/internal/packet/packet_100_indexmanifestentry.go:7.70,11.40 1 1
github.com/fall_out_bug/sdp-trace/internal/packet/packet_100_indexmanifestentry.go:11.40,14.3 2 0
github.com/fall_out_bug/sdp-trace/internal/packet/packet_100_indexmanifestentry.go:16.2,17.13 2 1
github.com/fall_out_bug/sdp-trace/internal/packet/packet_101_validatemanifestentryenums.go:3.73,8.40 1 1
github.com/fall_out_bug/sdp-trace/internal/packet/packet_101_validatemanifestentryenums.go:8.40,10.3 1 0
github.com/fall_out_bug/sdp-trace/internal/packet/packet_101_validatemanifestentryenums.go:11.2,11.47 1 1
github.com/fall_out_bug/sdp-trace/internal/packet/packet_101_validatemanifestentryenums.go:11.47,13.3 1 0
github.com/fall_out_bug/sdp-trace/internal/packet/packet_102_validaterows.go:3.42,14.2 6 1
github.com/fall_out_bug/sdp-trace/internal/packet/packet_103_indexrows.go:3.58,7.43 1 1
github.com/fall_out_bug/sdp-trace/internal/packet/packet_103_indexrows.go:7.43,8.36 1 1
github.com/fall_out_bug/sdp-trace/internal/packet/packet_103_indexrows.go:8.36,12.4 2 1
github.com/fall_out_bug/sdp-trace/internal/packet/packet_104_requirerowspresent.go:3.67,7.34 1 1
github.com/fall_out_bug/sdp-trace/internal/packet/packet_104_requirerowspresent.go:7.34,8.24 1 1
github.com/fall_out_bug/sdp-trace/internal/packet/packet_104_requirerowspresent.go:8.24,11.4 1 0
github.com/fall_out_bug/sdp-trace/internal/packet/packet_105_validaterowid.go:3.81,8.25 1 1
github.com/fall_out_bug/sdp-trace/internal/packet/packet_105_validaterowid.go:8.25,11.3 2 0
github.com/fall_out_bug/sdp-trace/internal/packet/packet_105_validaterowid.go:12.2,12.26 1 1
github.com/fall_out_bug/sdp-trace/internal/packet/packet_105_validaterowid.go:12.26,14.3 1 0
github.com/fall_out_bug/sdp-trace/internal/packet/packet_105_validaterowid.go:15.2,15.13 1 1
github.com/fall_out_bug/sdp-trace/internal/packet/packet_106_validaterow.go:3.48,12.2 4 1
github.com/fall_out_bug/sdp-trace/internal/packet/packet_107_validaterowreason.go:7.54,12.75 1 1
github.com/fall_out_bug/sdp-trace/internal/packet/packet_107_validaterowreason.go:12.75,14.3 1 0
github.com/fall_out_bug/sdp-trace/internal/packet/packet_108_validatepassrowevidence.go:3.60,7.58 1 1
github.com/fall_out_bug/sdp-trace/internal/packet/packet_108_validatepassrowevidence.go:7.58,10.3 1 1
github.com/fall_out_bug/sdp-trace/internal/packet/packet_109_validaterowevidencerefs.go:3.60,7.39 1 1
github.com/fall_out_bug/sdp-trace/internal/packet/packet_109_validaterowevidencerefs.go:7.39,10.3 1 1
github.com/fall_out_bug/sdp-trace/internal/packet/packet_110_validaterowrequiredfields.go:3.62,8.2 3 1
github.com/fall_out_bug/sdp-trace/internal/packet/packet_111_validaterowstate.go:3.53,7.24 1 1
github.com/fall_out_bug/sdp-trace/internal/packet/packet_111_validaterowstate.go:7.24,10.3 1 0
github.com/fall_out_bug/sdp-trace/internal/packet/packet_112_validaterowsummary.go:7.55,11.42 1 1
github.com/fall_out_bug/sdp-trace/internal/packet/packet_112_validaterowsummary.go:11.42,14.3 1 0
github.com/fall_out_bug/sdp-trace/internal/packet/packet_113_validaterowowner.go:7.53,11.40 1 1
github.com/fall_out_bug/sdp-trace/internal/packet/packet_113_validaterowowner.go:11.40,14.3 1 0
github.com/fall_out_bug/sdp-trace/internal/packet/packet_114_validateevidenceref.go:7.73,12.9 2 1
github.com/fall_out_bug/sdp-trace/internal/packet/packet_114_validateevidenceref.go:12.9,16.3 2 0
github.com/fall_out_bug/sdp-trace/internal/packet/packet_114_validateevidenceref.go:17.2,17.51 1 1
github.com/fall_out_bug/sdp-trace/internal/packet/packet_114_validateevidenceref.go:17.51,20.3 1 0
github.com/fall_out_bug/sdp-trace/internal/packet/packet_114_validateevidenceref.go:21.2,21.24 1 1
github.com/fall_out_bug/sdp-trace/internal/packet/packet_114_validateevidenceref.go:21.24,23.3 1 1
github.com/fall_out_bug/sdp-trace/internal/packet/packet_114_validateevidenceref.go:24.2,24.46 1 1
github.com/fall_out_bug/sdp-trace/internal/packet/packet_115_validatepassevidenceref.go:3.89,8.32 1 1
github.com/fall_out_bug/sdp-trace/internal/packet/packet_115_validatepassevidenceref.go:8.32,10.3 1 1
github.com/fall_out_bug/sdp-trace/internal/packet/packet_115_validatepassevidenceref.go:11.2,11.32 1 1
github.com/fall_out_bug/sdp-trace/internal/packet/packet_115_validatepassevidenceref.go:11.32,13.3 1 1
github.com/fall_out_bug/sdp-trace/internal/packet/packet_116_validatecontradictions.go:3.71,7.37 1 1
github.com/fall_out_bug/sdp-trace/internal/packet/packet_116_validatecontradictions.go:7.37,10.3 1 1
github.com/fall_out_bug/sdp-trace/internal/packet/packet_117_validatecontradiction.go:3.89,9.43 2 1
github.com/fall_out_bug/sdp-trace/internal/packet/packet_117_validatecontradiction.go:9.43,11.3 1 1
github.com/fall_out_bug/sdp-trace/internal/packet/packet_117_validatecontradiction.go:12.2,14.35 3 1
github.com/fall_out_bug/sdp-trace/internal/packet/packet_118_hascontradictiontarget.go:3.67,6.2 1 1
github.com/fall_out_bug/sdp-trace/internal/packet/packet_119_validatecontradictionstate.go:3.77,7.31 1 1
github.com/fall_out_bug/sdp-trace/internal/packet/packet_119_validatecontradictionstate.go:7.31,10.3 1 1
github.com/fall_out_bug/sdp-trace/internal/packet/packet_120_validatecontradictiongap.go:3.66,7.53 1 1
github.com/fall_out_bug/sdp-trace/internal/packet/packet_120_validatecontradictiongap.go:7.53,10.3 1 1
github.com/fall_out_bug/sdp-trace/internal/packet/packet_121_contradictionrowid.go:3.72,7.34 1 1
github.com/fall_out_bug/sdp-trace/internal/packet/packet_121_contradictionrowid.go:7.34,10.3 1 1
github.com/fall_out_bug/sdp-trace/internal/packet/packet_121_contradictionrowid.go:11.2,11.37 1 1
github.com/fall_out_bug/sdp-trace/internal/packet/packet_122_validatefindingsandgaps.go:3.53,10.58 3 1
github.com/fall_out_bug/sdp-trace/internal/packet/packet_122_validatefindingsandgaps.go:10.58,12.3 1 1
github.com/fall_out_bug/sdp-trace/internal/packet/packet_122_validatefindingsandgaps.go:13.2,13.51 1 1
github.com/fall_out_bug/sdp-trace/internal/packet/packet_122_validatefindingsandgaps.go:13.51,15.3 1 1
github.com/fall_out_bug/sdp-trace/internal/packet/packet_123_validatetheaterfinding.go:7.74,11.49 1 1
github.com/fall_out_bug/sdp-trace/internal/packet/packet_123_validatetheaterfinding.go:11.49,13.3 1 0
github.com/fall_out_bug/sdp-trace/internal/packet/packet_123_validatetheaterfinding.go:13.8,13.52 1 1
github.com/fall_out_bug/sdp-trace/internal/packet/packet_123_validatetheaterfinding.go:13.52,15.3 1 0
github.com/fall_out_bug/sdp-trace/internal/packet/packet_123_validatetheaterfinding.go:16.2,16.50 1 1
github.com/fall_out_bug/sdp-trace/internal/packet/packet_123_validatetheaterfinding.go:16.50,19.3 1 1
github.com/fall_out_bug/sdp-trace/internal/packet/packet_124_validateresidualgap.go:7.64,12.29 1 1
github.com/fall_out_bug/sdp-trace/internal/packet/packet_124_validateresidualgap.go:12.29,14.3 1 0
github.com/fall_out_bug/sdp-trace/internal/packet/packet_124_validateresidualgap.go:15.2,15.41 1 1
github.com/fall_out_bug/sdp-trace/internal/packet/packet_124_validateresidualgap.go:15.41,17.3 1 0
github.com/fall_out_bug/sdp-trace/internal/packet/packet_125_validateresidualcoverage.go:3.73,7.27 1 1
github.com/fall_out_bug/sdp-trace/internal/packet/packet_125_validateresidualcoverage.go:7.27,8.34 1 1
github.com/fall_out_bug/sdp-trace/internal/packet/packet_125_validateresidualcoverage.go:8.34,9.12 1 1
github.com/fall_out_bug/sdp-trace/internal/packet/packet_125_validateresidualcoverage.go:12.3,12.55 1 1
github.com/fall_out_bug/sdp-trace/internal/packet/packet_125_validateresidualcoverage.go:12.55,14.4 1 1
github.com/fall_out_bug/sdp-trace/internal/packet/packet_126_residualcoverageexempt.go:3.43,6.2 1 1
github.com/fall_out_bug/sdp-trace/internal/packet/packet_127_validatetheaterstate.go:3.50,8.47 2 1
github.com/fall_out_bug/sdp-trace/internal/packet/packet_127_validatetheaterstate.go:8.47,10.3 1 1
github.com/fall_out_bug/sdp-trace/internal/packet/packet_127_validatetheaterstate.go:12.2,12.28 1 1
github.com/fall_out_bug/sdp-trace/internal/packet/packet_127_validatetheaterstate.go:12.28,14.3 1 1
github.com/fall_out_bug/sdp-trace/internal/packet/packet_127_validatetheaterstate.go:15.2,15.37 1 1
github.com/fall_out_bug/sdp-trace/internal/packet/packet_127_validatetheaterstate.go:15.37,17.3 1 1
github.com/fall_out_bug/sdp-trace/internal/packet/packet_128_theaterfindingstate.go:3.45,5.2 1 1
github.com/fall_out_bug/sdp-trace/internal/packet/packet_129_validatedecisionowners.go:3.52,11.2 3 1
github.com/fall_out_bug/sdp-trace/internal/packet/packet_130_indexdecisionowners.go:3.80,7.55 1 1
github.com/fall_out_bug/sdp-trace/internal/packet/packet_130_indexdecisionowners.go:7.55,8.65 1 1
github.com/fall_out_bug/sdp-trace/internal/packet/packet_130_indexdecisionowners.go:8.65,11.4 1 1
github.com/fall_out_bug/sdp-trace/internal/packet/packet_131_requiredecisionowners.go:3.82,7.45 1 1
github.com/fall_out_bug/sdp-trace/internal/packet/packet_131_requiredecisionowners.go:7.45,8.38 1 1
github.com/fall_out_bug/sdp-trace/internal/packet/packet_131_requiredecisionowners.go:8.38,11.4 1 0
github.com/fall_out_bug/sdp-trace/internal/packet/packet_132_validatedecisionowner.go:7.77,13.20 2 1
github.com/fall_out_bug/sdp-trace/internal/packet/packet_132_validatedecisionowner.go:13.20,16.3 2 0
github.com/fall_out_bug/sdp-trace/internal/packet/packet_132_validatedecisionowner.go:17.2,18.17 2 1
github.com/fall_out_bug/sdp-trace/internal/packet/packet_133_validatenameddecisionowner.go:3.92,11.2 3 1
github.com/fall_out_bug/sdp-trace/internal/packet/packet_134_validatedecisionownername.go:7.91,11.42 1 1
github.com/fall_out_bug/sdp-trace/internal/packet/packet_134_validatedecisionownername.go:11.42,14.3 1 0
github.com/fall_out_bug/sdp-trace/internal/packet/packet_135_validatedecisionownerstate.go:3.92,7.26 1 1
github.com/fall_out_bug/sdp-trace/internal/packet/packet_135_validatedecisionownerstate.go:7.26,10.3 1 0
github.com/fall_out_bug/sdp-trace/internal/packet/packet_136_validatedecisionownerreason.go:7.93,11.79 1 1
github.com/fall_out_bug/sdp-trace/internal/packet/packet_136_validatedecisionownerreason.go:11.79,14.3 1 0
github.com/fall_out_bug/sdp-trace/internal/packet/packet_137_add.go:7.59,9.2 1 1
github.com/fall_out_bug/sdp-trace/internal/packet/packet_138_requiredrow.go:3.34,7.40 1 1
github.com/fall_out_bug/sdp-trace/internal/packet/packet_138_requiredrow.go:7.40,8.21 1 1
github.com/fall_out_bug/sdp-trace/internal/packet/packet_138_requiredrow.go:8.21,11.4 1 1
github.com/fall_out_bug/sdp-trace/internal/packet/packet_138_requiredrow.go:13.2,13.14 1 0
github.com/fall_out_bug/sdp-trace/internal/packet/packet_139_rowidforref.go:3.58,7.52 1 1
github.com/fall_out_bug/sdp-trace/internal/packet/packet_139_rowidforref.go:7.52,9.3 1 1
github.com/fall_out_bug/sdp-trace/internal/packet/packet_139_rowidforref.go:10.2,10.40 1 1
github.com/fall_out_bug/sdp-trace/internal/packet/packet_140_requiredrowidforref.go:3.66,6.34 1 1
github.com/fall_out_bug/sdp-trace/internal/packet/packet_140_requiredrowidforref.go:6.34,7.31 1 1
github.com/fall_out_bug/sdp-trace/internal/packet/packet_140_requiredrowidforref.go:7.31,9.4 1 1
github.com/fall_out_bug/sdp-trace/internal/packet/packet_140_requiredrowidforref.go:11.2,11.11 1 1
github.com/fall_out_bug/sdp-trace/internal/packet/packet_141_extensionrowidforref.go:3.67,6.40 1 1
github.com/fall_out_bug/sdp-trace/internal/packet/packet_141_extensionrowidforref.go:6.40,7.51 1 1
github.com/fall_out_bug/sdp-trace/internal/packet/packet_141_extensionrowidforref.go:7.51,9.4 1 0
github.com/fall_out_bug/sdp-trace/internal/packet/packet_141_extensionrowidforref.go:11.2,11.11 1 1
github.com/fall_out_bug/sdp-trace/internal/packet/packet_142_sortedrowids.go:7.49,11.23 2 1
github.com/fall_out_bug/sdp-trace/internal/packet/packet_142_sortedrowids.go:11.23,13.3 1 1
github.com/fall_out_bug/sdp-trace/internal/packet/packet_142_sortedrowids.go:14.2,15.12 2 1
github.com/fall_out_bug/sdp-trace/internal/packet/packet_143_rowhasref.go:3.42,6.42 1 1
github.com/fall_out_bug/sdp-trace/internal/packet/packet_143_rowhasref.go:6.42,7.20 1 1
github.com/fall_out_bug/sdp-trace/internal/packet/packet_143_rowhasref.go:7.20,9.4 1 1
github.com/fall_out_bug/sdp-trace/internal/packet/packet_143_rowhasref.go:11.2,11.14 1 1
github.com/fall_out_bug/sdp-trace/internal/packet/packet_144_gapforrow.go:7.55,11.27 1 1
github.com/fall_out_bug/sdp-trace/internal/packet/packet_144_gapforrow.go:11.27,12.64 1 1
github.com/fall_out_bug/sdp-trace/internal/packet/packet_144_gapforrow.go:12.64,15.4 1 1
github.com/fall_out_bug/sdp-trace/internal/packet/packet_144_gapforrow.go:17.2,17.14 1 1
github.com/fall_out_bug/sdp-trace/internal/packet/packet_145_entryexpired.go:8.58,12.46 1 1
github.com/fall_out_bug/sdp-trace/internal/packet/packet_145_entryexpired.go:12.46,14.3 1 1
github.com/fall_out_bug/sdp-trace/internal/packet/packet_145_entryexpired.go:15.2,16.16 2 1
github.com/fall_out_bug/sdp-trace/internal/packet/packet_145_entryexpired.go:16.16,19.3 1 0
github.com/fall_out_bug/sdp-trace/internal/packet/packet_145_entryexpired.go:20.2,20.30 1 1
github.com/fall_out_bug/sdp-trace/internal/packet/packet_146_passrefunverifiable.go:3.50,7.88 1 1
github.com/fall_out_bug/sdp-trace/internal/packet/packet_146_passrefunverifiable.go:7.88,10.3 1 0
github.com/fall_out_bug/sdp-trace/internal/packet/packet_146_passrefunverifiable.go:11.2,11.57 1 1
github.com/fall_out_bug/sdp-trace/internal/packet/packet_147_artifactaccessunverifiable.go:3.53,7.16 1 1
github.com/fall_out_bug/sdp-trace/internal/packet/packet_147_artifactaccessunverifiable.go:8.21,9.15 1 1
github.com/fall_out_bug/sdp-trace/internal/packet/packet_147_artifactaccessunverifiable.go:10.81,12.14 1 1
github.com/fall_out_bug/sdp-trace/internal/packet/packet_147_artifactaccessunverifiable.go:13.10,14.15 1 0
github.com/fall_out_bug/sdp-trace/internal/packet/packet_148_githubsourcechange.go:7.67,21.2 1 1
github.com/fall_out_bug/sdp-trace/internal/packet/packet_149_githubrows.go:3.52,23.2 3 1
github.com/fall_out_bug/sdp-trace/internal/packet/packet_150_githubchangerow.go:7.55,11.104 1 1
github.com/fall_out_bug/sdp-trace/internal/packet/packet_150_githubchangerow.go:11.104,14.3 1 1
github.com/fall_out_bug/sdp-trace/internal/packet/packet_150_githubchangerow.go:15.2,15.144 1 1
github.com/fall_out_bug/sdp-trace/internal/packet/packet_151_githubmutationrow.go:7.57,11.104 1 1
github.com/fall_out_bug/sdp-trace/internal/packet/packet_151_githubmutationrow.go:11.104,14.3 1 1
github.com/fall_out_bug/sdp-trace/internal/packet/packet_151_githubmutationrow.go:15.2,15.126 1 1
github.com/fall_out_bug/sdp-trace/internal/packet/packet_152_githubinitiatorrow.go:3.58,7.28 1 1
github.com/fall_out_bug/sdp-trace/internal/packet/packet_152_githubinitiatorrow.go:7.28,10.3 1 1
github.com/fall_out_bug/sdp-trace/internal/packet/packet_152_githubinitiatorrow.go:11.2,11.157 1 1
github.com/fall_out_bug/sdp-trace/internal/packet/packet_153_githubagentrouterow.go:3.59,8.95 2 1
github.com/fall_out_bug/sdp-trace/internal/packet/packet_153_githubagentrouterow.go:8.95,10.3 1 1
github.com/fall_out_bug/sdp-trace/internal/packet/packet_153_githubagentrouterow.go:12.2,12.35 1 1
github.com/fall_out_bug/sdp-trace/internal/packet/packet_153_githubagentrouterow.go:12.35,14.3 1 1
github.com/fall_out_bug/sdp-trace/internal/packet/packet_153_githubagentrouterow.go:15.2,15.141 1 1
github.com/fall_out_bug/sdp-trace/internal/packet/packet_154_githubagentrouterefsrow.go:3.107,8.78 1 1
github.com/fall_out_bug/sdp-trace/internal/packet/packet_154_githubagentrouterefsrow.go:8.78,10.3 1 0
github.com/fall_out_bug/sdp-trace/internal/packet/packet_154_githubagentrouterefsrow.go:11.2,11.180 1 1
github.com/fall_out_bug/sdp-trace/internal/packet/packet_155_promptboundaryroutefailurerow.go:3.108,7.15 1 1
github.com/fall_out_bug/sdp-trace/internal/packet/packet_155_promptboundaryroutefailurerow.go:7.15,10.3 1 1
github.com/fall_out_bug/sdp-trace/internal/packet/packet_155_promptboundaryroutefailurerow.go:11.2,11.59 1 1
github.com/fall_out_bug/sdp-trace/internal/packet/packet_156_promptboundaryrouteprooffailurerow.go:3.98,7.50 1 1
github.com/fall_out_bug/sdp-trace/internal/packet/packet_156_promptboundaryrouteprooffailurerow.go:7.50,10.3 1 1
github.com/fall_out_bug/sdp-trace/internal/packet/packet_156_promptboundaryrouteprooffailurerow.go:11.2,11.59 1 1
github.com/fall_out_bug/sdp-trace/internal/packet/packet_157_promptboundaryroutecannotverifyrow.go:3.98,7.58 1 1
github.com/fall_out_bug/sdp-trace/internal/packet/packet_157_promptboundaryroutecannotverifyrow.go:7.58,9.3 1 0
github.com/fall_out_bug/sdp-trace/internal/packet/packet_157_promptboundaryroutecannotverifyrow.go:11.2,11.71 1 1
github.com/fall_out_bug/sdp-trace/internal/packet/packet_158_githubpromptboundaryroutefailrow.go:7.88,9.2 1 1
github.com/fall_out_bug/sdp-trace/internal/packet/packet_159_githubpromptboundaryroutecannotverifyrow.go:7.96,9.2 1 1
github.com/fall_out_bug/sdp-trace/internal/packet/packet_160_githubverificationrow.go:3.61,8.77 2 1
github.com/fall_out_bug/sdp-trace/internal/packet/packet_160_githubverificationrow.go:8.77,10.3 1 1
github.com/fall_out_bug/sdp-trace/internal/packet/packet_160_githubverificationrow.go:12.2,12.44 1 1
github.com/fall_out_bug/sdp-trace/internal/packet/packet_160_githubverificationrow.go:12.44,14.3 1 0
github.com/fall_out_bug/sdp-trace/internal/packet/packet_160_githubverificationrow.go:15.2,15.36 1 1
github.com/fall_out_bug/sdp-trace/internal/packet/packet_160_githubverificationrow.go:15.36,17.3 1 0
github.com/fall_out_bug/sdp-trace/internal/packet/packet_160_githubverificationrow.go:18.2,18.41 1 1
github.com/fall_out_bug/sdp-trace/internal/packet/packet_161_githubverificationpassrow.go:7.65,12.50 2 1
github.com/fall_out_bug/sdp-trace/internal/packet/packet_161_githubverificationpassrow.go:12.50,15.3 1 0
github.com/fall_out_bug/sdp-trace/internal/packet/packet_161_githubverificationpassrow.go:16.2,16.119 1 1
github.com/fall_out_bug/sdp-trace/internal/packet/packet_162_githubverificationcannotverifyrow.go:3.126,8.113 1 1
github.com/fall_out_bug/sdp-trace/internal/packet/packet_162_githubverificationcannotverifyrow.go:8.113,10.3 1 1
github.com/fall_out_bug/sdp-trace/internal/packet/packet_162_githubverificationcannotverifyrow.go:11.2,11.54 1 1
github.com/fall_out_bug/sdp-trace/internal/packet/packet_163_githubpromptboundaryverificationcannotverifyrow.go:7.126,11.64 1 1
github.com/fall_out_bug/sdp-trace/internal/packet/packet_163_githubpromptboundaryverificationcannotverifyrow.go:11.64,14.3 1 1
github.com/fall_out_bug/sdp-trace/internal/packet/packet_163_githubpromptboundaryverificationcannotverifyrow.go:15.2,15.21 1 1
github.com/fall_out_bug/sdp-trace/internal/packet/packet_164_githubcheckverificationcannotverifyrow.go:3.86,7.28 1 1
github.com/fall_out_bug/sdp-trace/internal/packet/packet_164_githubcheckverificationcannotverifyrow.go:7.28,10.3 1 0
github.com/fall_out_bug/sdp-trace/internal/packet/packet_164_githubcheckverificationcannotverifyrow.go:11.2,11.41 1 1
github.com/fall_out_bug/sdp-trace/internal/packet/packet_164_githubcheckverificationcannotverifyrow.go:11.41,14.3 1 0
github.com/fall_out_bug/sdp-trace/internal/packet/packet_164_githubcheckverificationcannotverifyrow.go:15.2,15.21 1 1
github.com/fall_out_bug/sdp-trace/internal/packet/packet_165_missingrequiredworkflowrunid.go:7.69,9.2 1 1
github.com/fall_out_bug/sdp-trace/internal/packet/packet_166_promptboundaryblocksverification.go:3.104,6.2 1 1
github.com/fall_out_bug/sdp-trace/internal/packet/packet_167_checkssucceeded.go:3.49,7.31 1 1
github.com/fall_out_bug/sdp-trace/internal/packet/packet_167_checkssucceeded.go:7.31,8.36 1 1
github.com/fall_out_bug/sdp-trace/internal/packet/packet_167_checkssucceeded.go:8.36,11.4 1 0
github.com/fall_out_bug/sdp-trace/internal/packet/packet_167_checkssucceeded.go:13.2,13.13 1 1
github.com/fall_out_bug/sdp-trace/internal/packet/packet_168_artifactevidencerefs.go:3.65,9.37 3 1
github.com/fall_out_bug/sdp-trace/internal/packet/packet_168_artifactevidencerefs.go:9.37,10.42 1 1
github.com/fall_out_bug/sdp-trace/internal/packet/packet_168_artifactevidencerefs.go:10.42,12.26 2 1
github.com/fall_out_bug/sdp-trace/internal/packet/packet_168_artifactevidencerefs.go:12.26,16.5 2 1
github.com/fall_out_bug/sdp-trace/internal/packet/packet_168_artifactevidencerefs.go:19.2,19.13 1 1
github.com/fall_out_bug/sdp-trace/internal/packet/packet_169_checkshaveretainedartifactrefs.go:3.71,8.37 2 1
github.com/fall_out_bug/sdp-trace/internal/packet/packet_169_checkshaveretainedartifactrefs.go:8.37,10.54 1 1
github.com/fall_out_bug/sdp-trace/internal/packet/packet_169_checkshaveretainedartifactrefs.go:10.54,12.4 1 0
github.com/fall_out_bug/sdp-trace/internal/packet/packet_169_checkshaveretainedartifactrefs.go:14.2,14.13 1 1
github.com/fall_out_bug/sdp-trace/internal/packet/packet_170_checkhasretainedartifactrefs.go:3.86,7.34 1 1
github.com/fall_out_bug/sdp-trace/internal/packet/packet_170_checkhasretainedartifactrefs.go:7.34,10.3 1 0
github.com/fall_out_bug/sdp-trace/internal/packet/packet_170_checkhasretainedartifactrefs.go:11.2,11.41 1 1
github.com/fall_out_bug/sdp-trace/internal/packet/packet_170_checkhasretainedartifactrefs.go:11.41,12.22 1 1
github.com/fall_out_bug/sdp-trace/internal/packet/packet_170_checkhasretainedartifactrefs.go:12.22,15.4 1 0
github.com/fall_out_bug/sdp-trace/internal/packet/packet_170_checkhasretainedartifactrefs.go:17.2,17.13 1 1
github.com/fall_out_bug/sdp-trace/internal/packet/packet_171_retainedartifactnames.go:7.72,12.37 2 1
github.com/fall_out_bug/sdp-trace/internal/packet/packet_171_retainedartifactnames.go:12.37,14.88 1 1
github.com/fall_out_bug/sdp-trace/internal/packet/packet_171_retainedartifactnames.go:14.88,16.4 1 1
github.com/fall_out_bug/sdp-trace/internal/packet/packet_171_retainedartifactnames.go:18.2,18.14 1 1
github.com/fall_out_bug/sdp-trace/internal/packet/packet_172_githubreviewrow.go:3.55,7.29 1 1
github.com/fall_out_bug/sdp-trace/internal/packet/packet_172_githubreviewrow.go:7.29,9.3 1 1
github.com/fall_out_bug/sdp-trace/internal/packet/packet_172_githubreviewrow.go:10.2,10.39 1 1
github.com/fall_out_bug/sdp-trace/internal/packet/packet_172_githubreviewrow.go:10.39,11.32 1 1
github.com/fall_out_bug/sdp-trace/internal/packet/packet_172_githubreviewrow.go:11.32,14.4 1 1
github.com/fall_out_bug/sdp-trace/internal/packet/packet_172_githubreviewrow.go:16.2,16.105 1 0
github.com/fall_out_bug/sdp-trace/internal/packet/packet_173_githubrow.go:3.77,6.2 1 1
github.com/fall_out_bug/sdp-trace/internal/packet/packet_174_githubentries.go:3.63,17.2 9 1
github.com/fall_out_bug/sdp-trace/internal/packet/packet_175_githubbaseentries.go:3.67,15.2 1 1
github.com/fall_out_bug/sdp-trace/internal/packet/packet_176_githubpromptboundaryentries.go:7.77,11.143 1 1
github.com/fall_out_bug/sdp-trace/internal/packet/packet_176_githubpromptboundaryentries.go:11.143,14.3 1 1
github.com/fall_out_bug/sdp-trace/internal/packet/packet_176_githubpromptboundaryentries.go:15.2,15.12 1 1
github.com/fall_out_bug/sdp-trace/internal/packet/packet_177_githubprbodyentries.go:3.69,7.28 1 1
github.com/fall_out_bug/sdp-trace/internal/packet/packet_177_githubprbodyentries.go:7.28,10.3 1 1
github.com/fall_out_bug/sdp-trace/internal/packet/packet_177_githubprbodyentries.go:11.2,11.12 1 1
github.com/fall_out_bug/sdp-trace/internal/packet/packet_178_githubagentrouteentries.go:7.73,11.35 1 1
github.com/fall_out_bug/sdp-trace/internal/packet/packet_178_githubagentrouteentries.go:11.35,13.54 2 1
github.com/fall_out_bug/sdp-trace/internal/packet/packet_178_githubagentrouteentries.go:13.54,16.4 1 1
github.com/fall_out_bug/sdp-trace/internal/packet/packet_178_githubagentrouteentries.go:17.3,20.30 4 1
github.com/fall_out_bug/sdp-trace/internal/packet/packet_178_githubagentrouteentries.go:22.2,22.12 1 1
github.com/fall_out_bug/sdp-trace/internal/packet/packet_179_githubcheckentries.go:3.68,7.27 1 1
github.com/fall_out_bug/sdp-trace/internal/packet/packet_179_githubcheckentries.go:7.27,10.3 1 1
github.com/fall_out_bug/sdp-trace/internal/packet/packet_179_githubcheckentries.go:11.2,11.12 1 0
github.com/fall_out_bug/sdp-trace/internal/packet/packet_180_githubreviewentries.go:3.69,7.28 1 1
github.com/fall_out_bug/sdp-trace/internal/packet/packet_180_githubreviewentries.go:7.28,10.3 1 1
github.com/fall_out_bug/sdp-trace/internal/packet/packet_180_githubreviewentries.go:11.2,11.12 1 1
github.com/fall_out_bug/sdp-trace/internal/packet/packet_181_githubartifactentries.go:3.71,8.43 2 1
github.com/fall_out_bug/sdp-trace/internal/packet/packet_181_githubartifactentries.go:8.43,15.3 5 1
github.com/fall_out_bug/sdp-trace/internal/packet/packet_181_githubartifactentries.go:16.2,16.16 1 1
github.com/fall_out_bug/sdp-trace/internal/packet/packet_182_githubintegrationentries.go:3.74,8.50 2 1
github.com/fall_out_bug/sdp-trace/internal/packet/packet_182_githubintegrationentries.go:8.50,13.3 3 0
github.com/fall_out_bug/sdp-trace/internal/packet/packet_182_githubintegrationentries.go:14.2,14.16 1 1
github.com/fall_out_bug/sdp-trace/internal/packet/packet_183_authorityentry.go:7.125,18.2 6 1
github.com/fall_out_bug/sdp-trace/internal/packet/packet_184_promptboundaryresolver.go:7.61,11.44 1 1
github.com/fall_out_bug/sdp-trace/internal/packet/packet_184_promptboundaryresolver.go:11.44,13.3 1 1
github.com/fall_out_bug/sdp-trace/internal/packet/packet_184_promptboundaryresolver.go:14.2,14.46 1 1
github.com/fall_out_bug/sdp-trace/internal/packet/packet_184_promptboundaryresolver.go:14.46,17.3 1 1
github.com/fall_out_bug/sdp-trace/internal/packet/packet_184_promptboundaryresolver.go:18.2,18.25 1 1
github.com/fall_out_bug/sdp-trace/internal/packet/packet_185_promptboundaryretainedform.go:7.65,12.44 1 1
github.com/fall_out_bug/sdp-trace/internal/packet/packet_185_promptboundaryretainedform.go:12.44,14.3 1 1
github.com/fall_out_bug/sdp-trace/internal/packet/packet_185_promptboundaryretainedform.go:15.2,15.46 1 1
github.com/fall_out_bug/sdp-trace/internal/packet/packet_185_promptboundaryretainedform.go:15.46,17.3 1 1
github.com/fall_out_bug/sdp-trace/internal/packet/packet_185_promptboundaryretainedform.go:18.2,18.23 1 1
github.com/fall_out_bug/sdp-trace/internal/packet/packet_186_bundleentry.go:3.79,18.2 2 1
github.com/fall_out_bug/sdp-trace/internal/packet/packet_187_redactsecretlike.go:7.44,12.71 2 1
github.com/fall_out_bug/sdp-trace/internal/packet/packet_187_redactsecretlike.go:12.71,14.75 1 1
github.com/fall_out_bug/sdp-trace/internal/packet/packet_187_redactsecretlike.go:14.75,16.4 1 1
github.com/fall_out_bug/sdp-trace/internal/packet/packet_187_redactsecretlike.go:18.2,18.17 1 1
github.com/fall_out_bug/sdp-trace/internal/packet/packet_188_residualgapsforrows.go:3.52,8.27 2 1
github.com/fall_out_bug/sdp-trace/internal/packet/packet_188_residualgapsforrows.go:8.27,9.61 1 1
github.com/fall_out_bug/sdp-trace/internal/packet/packet_188_residualgapsforrows.go:9.61,10.12 1 1
github.com/fall_out_bug/sdp-trace/internal/packet/packet_188_residualgapsforrows.go:13.3,13.148 1 1
github.com/fall_out_bug/sdp-trace/internal/packet/packet_188_residualgapsforrows.go:15.2,15.13 1 1
github.com/fall_out_bug/sdp-trace/internal/packet/packet_189_defaultdecisionowners.go:3.46,14.2 1 1
github.com/fall_out_bug/sdp-trace/internal/packet/packet_190_checkresolvers.go:7.50,12.31 2 1
github.com/fall_out_bug/sdp-trace/internal/packet/packet_190_checkresolvers.go:12.31,15.3 1 1
github.com/fall_out_bug/sdp-trace/internal/packet/packet_190_checkresolvers.go:16.2,16.35 1 1
github.com/fall_out_bug/sdp-trace/internal/packet/packet_191_reviewresolvers.go:7.53,12.33 2 1
github.com/fall_out_bug/sdp-trace/internal/packet/packet_191_reviewresolvers.go:12.33,15.3 1 1
github.com/fall_out_bug/sdp-trace/internal/packet/packet_191_reviewresolvers.go:16.2,16.35 1 1
github.com/fall_out_bug/sdp-trace/internal/packet/packet_192_digestplaceholder.go:9.45,12.2 2 1
github.com/fall_out_bug/sdp-trace/internal/packet/packet_193_rendermarkdown.go:3.52,9.16 2 1
github.com/fall_out_bug/sdp-trace/internal/packet/packet_193_rendermarkdown.go:9.16,11.3 1 0
github.com/fall_out_bug/sdp-trace/internal/packet/packet_193_rendermarkdown.go:12.2,12.59 1 1
github.com/fall_out_bug/sdp-trace/internal/packet/packet_194_renderpacketmarkdown.go:9.74,25.2 12 1
github.com/fall_out_bug/sdp-trace/internal/packet/packet_195_renderablepacket.go:9.54,15.35 2 1
github.com/fall_out_bug/sdp-trace/internal/packet/packet_195_renderablepacket.go:15.35,18.3 1 0
github.com/fall_out_bug/sdp-trace/internal/packet/packet_195_renderablepacket.go:19.2,19.27 1 1
github.com/fall_out_bug/sdp-trace/internal/packet/packet_196_renderexecutivesummary.go:9.63,20.2 6 1
github.com/fall_out_bug/sdp-trace/internal/packet/packet_197_rendermetadata.go:9.55,16.53 3 1
github.com/fall_out_bug/sdp-trace/internal/packet/packet_197_rendermetadata.go:16.53,18.3 1 1
github.com/fall_out_bug/sdp-trace/internal/packet/packet_197_rendermetadata.go:19.2,19.19 1 1
github.com/fall_out_bug/sdp-trace/internal/packet/packet_198_packetmetadatafields.go:3.54,19.2 1 1
github.com/fall_out_bug/sdp-trace/internal/packet/packet_199_renderrows.go:11.48,20.48 4 1
github.com/fall_out_bug/sdp-trace/internal/packet/packet_199_renderrows.go:20.48,22.3 1 1
github.com/fall_out_bug/sdp-trace/internal/packet/packet_199_renderrows.go:23.2,23.30 1 1
github.com/fall_out_bug/sdp-trace/internal/packet/packet_199_renderrows.go:23.30,25.16 2 1
github.com/fall_out_bug/sdp-trace/internal/packet/packet_199_renderrows.go:25.16,27.4 1 1
github.com/fall_out_bug/sdp-trace/internal/packet/packet_199_renderrows.go:28.3,28.158 1 1
github.com/fall_out_bug/sdp-trace/internal/packet/packet_199_renderrows.go:30.2,30.19 1 1
github.com/fall_out_bug/sdp-trace/internal/packet/packet_200_rendertheater.go:9.54,17.38 4 1
github.com/fall_out_bug/sdp-trace/internal/packet/packet_200_rendertheater.go:17.38,20.3 2 1
github.com/fall_out_bug/sdp-trace/internal/packet/packet_200_rendertheater.go:21.2,21.49 1 0
github.com/fall_out_bug/sdp-trace/internal/packet/packet_200_rendertheater.go:21.49,23.3 1 0
github.com/fall_out_bug/sdp-trace/internal/packet/packet_200_rendertheater.go:24.2,24.19 1 0
github.com/fall_out_bug/sdp-trace/internal/policy/authority.go:9.55,13.16 2 1
github.com/fall_out_bug/sdp-trace/internal/policy/authority.go:13.16,15.3 1 0
github.com/fall_out_bug/sdp-trace/internal/policy/authority.go:18.2,19.53 2 1
github.com/fall_out_bug/sdp-trace/internal/policy/authority.go:19.53,21.3 1 0
github.com/fall_out_bug/sdp-trace/internal/policy/authority.go:22.2,22.42 1 1
github.com/fall_out_bug/sdp-trace/internal/policy/authority.go:22.42,24.3 1 0
github.com/fall_out_bug/sdp-trace/internal/policy/authority.go:25.2,25.20 1 1
github.com/fall_out_bug/sdp-trace/internal/policy/validation.go:6.48,9.50 1 1
github.com/fall_out_bug/sdp-trace/internal/policy/validation.go:9.50,11.3 1 1
github.com/fall_out_bug/sdp-trace/internal/policy/validation.go:12.2,12.37 1 1
github.com/fall_out_bug/sdp-trace/internal/policy/validation.go:12.37,14.3 1 1
github.com/fall_out_bug/sdp-trace/internal/policy/validation.go:15.2,15.45 1 1
github.com/fall_out_bug/sdp-trace/internal/policy/validation.go:15.45,17.3 1 1
github.com/fall_out_bug/sdp-trace/internal/policy/validation.go:19.2,19.12 1 1
github.com/fall_out_bug/sdp-trace/internal/policy/validation.go:22.56,25.32 1 1
github.com/fall_out_bug/sdp-trace/internal/policy/validation.go:25.32,27.3 1 1
github.com/fall_out_bug/sdp-trace/internal/policy/validation.go:28.2,28.27 1 1
github.com/fall_out_bug/sdp-trace/internal/policy/validation.go:28.27,30.3 1 1
github.com/fall_out_bug/sdp-trace/internal/policy/validation.go:31.2,31.12 1 1
github.com/fall_out_bug/sdp-trace/internal/policy/validator.go:8.83,10.2 1 1
github.com/fall_out_bug/sdp-trace/internal/policy/validator.go:13.80,15.2 1 1
github.com/fall_out_bug/sdp-trace/internal/policy/validator.go:18.81,20.2 1 1
github.com/fall_out_bug/sdp-trace/internal/policy/validator.go:22.68,24.2 1 1
github.com/fall_out_bug/sdp-trace/internal/policy/validator.go:26.56,29.31 1 1
github.com/fall_out_bug/sdp-trace/internal/policy/validator.go:29.31,30.22 1 1
github.com/fall_out_bug/sdp-trace/internal/policy/validator.go:30.22,32.4 1 1
github.com/fall_out_bug/sdp-trace/internal/policy/validator.go:34.2,34.14 1 1
github.com/fall_out_bug/sdp-trace/internal/policy/validator_adapter.go:6.100,9.51 1 1
github.com/fall_out_bug/sdp-trace/internal/policy/validator_adapter.go:9.51,10.60 1 1
github.com/fall_out_bug/sdp-trace/internal/policy/validator_adapter.go:10.60,12.4 1 1
github.com/fall_out_bug/sdp-trace/internal/policy/validator_adapter.go:14.2,14.14 1 1
github.com/fall_out_bug/sdp-trace/internal/policy/validator_adapter.go:17.86,19.2 1 1
github.com/fall_out_bug/sdp-trace/internal/policy/validator_signer.go:4.89,7.49 1 1
github.com/fall_out_bug/sdp-trace/internal/policy/validator_signer.go:7.49,8.59 1 1
github.com/fall_out_bug/sdp-trace/internal/policy/validator_signer.go:8.59,10.4 1 1
github.com/fall_out_bug/sdp-trace/internal/policy/validator_signer.go:12.2,12.14 1 0
github.com/fall_out_bug/sdp-trace/internal/policy/validator_signer.go:15.92,17.2 1 1
github.com/fall_out_bug/sdp-trace/internal/posture/posture_build.go:7.71,13.16 2 1
github.com/fall_out_bug/sdp-trace/internal/posture/posture_build.go:13.16,15.3 1 0
github.com/fall_out_bug/sdp-trace/internal/posture/posture_build.go:16.2,17.16 2 1
github.com/fall_out_bug/sdp-trace/internal/posture/posture_build.go:17.16,19.3 1 1
github.com/fall_out_bug/sdp-trace/internal/posture/posture_build.go:20.2,24.111 4 1
github.com/fall_out_bug/sdp-trace/internal/posture/posture_build_input.go:8.97,14.16 2 1
github.com/fall_out_bug/sdp-trace/internal/posture/posture_build_input.go:14.16,16.3 1 1
github.com/fall_out_bug/sdp-trace/internal/posture/posture_build_input.go:17.2,18.16 2 1
github.com/fall_out_bug/sdp-trace/internal/posture/posture_build_input.go:18.16,20.3 1 1
github.com/fall_out_bug/sdp-trace/internal/posture/posture_build_input.go:22.2,23.16 2 1
github.com/fall_out_bug/sdp-trace/internal/posture/posture_build_input.go:23.16,25.3 1 1
github.com/fall_out_bug/sdp-trace/internal/posture/posture_build_input.go:26.2,26.126 1 1
github.com/fall_out_bug/sdp-trace/internal/posture/posture_build_input.go:29.76,33.53 1 1
github.com/fall_out_bug/sdp-trace/internal/posture/posture_build_input.go:33.53,35.3 1 1
github.com/fall_out_bug/sdp-trace/internal/posture/posture_build_input.go:37.2,38.26 2 1
github.com/fall_out_bug/sdp-trace/internal/posture/posture_build_input.go:38.26,40.3 1 0
github.com/fall_out_bug/sdp-trace/internal/posture/posture_build_input.go:41.2,41.24 1 1
github.com/fall_out_bug/sdp-trace/internal/posture/posture_build_input.go:44.77,48.20 1 1
github.com/fall_out_bug/sdp-trace/internal/posture/posture_build_input.go:48.20,51.3 1 1
github.com/fall_out_bug/sdp-trace/internal/posture/posture_build_input.go:52.2,52.27 1 1
github.com/fall_out_bug/sdp-trace/internal/posture/posture_build_input.go:52.27,54.3 1 1
github.com/fall_out_bug/sdp-trace/internal/posture/posture_build_input.go:55.2,55.21 1 1
github.com/fall_out_bug/sdp-trace/internal/posture/posture_constants.go:50.70,50.116 1 1
github.com/fall_out_bug/sdp-trace/internal/posture/posture_constants.go:51.70,51.118 1 1
github.com/fall_out_bug/sdp-trace/internal/posture/posture_constants.go:52.70,52.124 1 1
github.com/fall_out_bug/sdp-trace/internal/posture/posture_constants.go:53.70,53.124 1 1
github.com/fall_out_bug/sdp-trace/internal/posture/posture_constants.go:54.70,54.130 1 1
github.com/fall_out_bug/sdp-trace/internal/posture/posture_constants.go:55.70,55.138 1 1
github.com/fall_out_bug/sdp-trace/internal/posture/posture_digest_errors.go:26.43,31.42 1 1
github.com/fall_out_bug/sdp-trace/internal/posture/posture_digest_errors.go:31.42,32.31 1 1
github.com/fall_out_bug/sdp-trace/internal/posture/posture_digest_errors.go:32.31,34.4 1 1
github.com/fall_out_bug/sdp-trace/internal/posture/posture_digest_errors.go:36.2,36.26 1 1
github.com/fall_out_bug/sdp-trace/internal/posture/posture_digest_errors.go:41.42,46.39 1 1
github.com/fall_out_bug/sdp-trace/internal/posture/posture_digest_errors.go:46.39,48.3 1 1
github.com/fall_out_bug/sdp-trace/internal/posture/posture_digest_errors.go:49.2,49.30 1 1
github.com/fall_out_bug/sdp-trace/internal/posture/posture_digest_manifest_lookup.go:3.100,8.46 2 1
github.com/fall_out_bug/sdp-trace/internal/posture/posture_digest_manifest_lookup.go:8.46,9.43 1 1
github.com/fall_out_bug/sdp-trace/internal/posture/posture_digest_manifest_lookup.go:9.43,10.12 1 0
github.com/fall_out_bug/sdp-trace/internal/posture/posture_digest_manifest_lookup.go:13.3,13.58 1 1
github.com/fall_out_bug/sdp-trace/internal/posture/posture_digest_manifest_lookup.go:13.58,15.4 1 1
github.com/fall_out_bug/sdp-trace/internal/posture/posture_digest_manifest_lookup.go:16.3,16.30 1 1
github.com/fall_out_bug/sdp-trace/internal/posture/posture_digest_manifest_lookup.go:18.2,18.31 1 1
github.com/fall_out_bug/sdp-trace/internal/posture/posture_digest_manifest_lookup.go:21.68,23.2 1 1
github.com/fall_out_bug/sdp-trace/internal/posture/posture_digest_manifest_read.go:9.62,15.16 3 1
github.com/fall_out_bug/sdp-trace/internal/posture/posture_digest_manifest_read.go:15.16,17.3 1 0
github.com/fall_out_bug/sdp-trace/internal/posture/posture_digest_manifest_read.go:19.2,19.56 1 1
github.com/fall_out_bug/sdp-trace/internal/posture/posture_digest_manifest_read.go:19.56,21.3 1 0
github.com/fall_out_bug/sdp-trace/internal/posture/posture_digest_manifest_read.go:22.2,22.59 1 1
github.com/fall_out_bug/sdp-trace/internal/posture/posture_digest_manifest_read.go:22.59,25.3 1 1
github.com/fall_out_bug/sdp-trace/internal/posture/posture_digest_manifest_read.go:27.2,27.22 1 1
github.com/fall_out_bug/sdp-trace/internal/posture/posture_digest_verify.go:3.79,9.16 2 1
github.com/fall_out_bug/sdp-trace/internal/posture/posture_digest_verify.go:9.16,11.3 1 1
github.com/fall_out_bug/sdp-trace/internal/posture/posture_digest_verify.go:13.2,14.16 2 1
github.com/fall_out_bug/sdp-trace/internal/posture/posture_digest_verify.go:14.16,16.3 1 0
github.com/fall_out_bug/sdp-trace/internal/posture/posture_digest_verify.go:17.2,17.40 1 1
github.com/fall_out_bug/sdp-trace/internal/posture/posture_digest_verify.go:20.85,26.16 2 1
github.com/fall_out_bug/sdp-trace/internal/posture/posture_digest_verify.go:26.16,28.3 1 1
github.com/fall_out_bug/sdp-trace/internal/posture/posture_digest_verify.go:29.2,29.64 1 1
github.com/fall_out_bug/sdp-trace/internal/posture/posture_digest_verify.go:34.61,39.24 1 1
github.com/fall_out_bug/sdp-trace/internal/posture/posture_digest_verify.go:39.24,41.3 1 1
github.com/fall_out_bug/sdp-trace/internal/posture/posture_digest_verify.go:42.2,42.20 1 1
github.com/fall_out_bug/sdp-trace/internal/posture/posture_explain.go:8.51,22.28 9 1
github.com/fall_out_bug/sdp-trace/internal/posture/posture_explain.go:22.28,24.3 1 0
github.com/fall_out_bug/sdp-trace/internal/posture/posture_explain.go:25.2,25.22 1 1
github.com/fall_out_bug/sdp-trace/internal/posture/posture_explain_lines_format.go:3.70,9.27 2 1
github.com/fall_out_bug/sdp-trace/internal/posture/posture_explain_lines_format.go:9.27,11.3 1 1
github.com/fall_out_bug/sdp-trace/internal/posture/posture_explain_lines_format.go:12.2,12.14 1 1
github.com/fall_out_bug/sdp-trace/internal/posture/posture_explain_lines_header.go:3.55,13.2 1 1
github.com/fall_out_bug/sdp-trace/internal/posture/posture_explain_lines_metric.go:7.52,9.2 1 1
github.com/fall_out_bug/sdp-trace/internal/posture/posture_explain_lines_metric.go:11.46,13.2 1 0
github.com/fall_out_bug/sdp-trace/internal/posture/posture_explain_lines_movement.go:7.56,9.2 1 1
github.com/fall_out_bug/sdp-trace/internal/posture/posture_explain_lines_movement.go:11.50,13.2 1 0
github.com/fall_out_bug/sdp-trace/internal/posture/posture_explain_lines_refusal.go:7.54,9.2 1 1
github.com/fall_out_bug/sdp-trace/internal/posture/posture_explain_lines_refusal.go:11.48,13.2 1 1
github.com/fall_out_bug/sdp-trace/internal/posture/posture_explain_lines_safety.go:3.58,5.2 1 1
github.com/fall_out_bug/sdp-trace/internal/posture/posture_explain_lines_safety.go:7.51,9.2 1 1
github.com/fall_out_bug/sdp-trace/internal/posture/posture_file_hash.go:9.49,14.16 2 1
github.com/fall_out_bug/sdp-trace/internal/posture/posture_file_hash.go:14.16,16.3 1 0
github.com/fall_out_bug/sdp-trace/internal/posture/posture_file_hash.go:18.2,19.40 2 1
github.com/fall_out_bug/sdp-trace/internal/posture/posture_filepath.go:9.39,17.2 3 1
github.com/fall_out_bug/sdp-trace/internal/posture/posture_grouping_dimensions.go:7.85,15.27 4 1
github.com/fall_out_bug/sdp-trace/internal/posture/posture_grouping_dimensions.go:15.27,17.27 2 1
github.com/fall_out_bug/sdp-trace/internal/posture/posture_grouping_dimensions.go:17.27,19.12 1 1
github.com/fall_out_bug/sdp-trace/internal/posture/posture_grouping_dimensions.go:21.3,21.45 1 1
github.com/fall_out_bug/sdp-trace/internal/posture/posture_grouping_dimensions.go:23.2,23.39 1 1
github.com/fall_out_bug/sdp-trace/internal/posture/posture_grouping_dimensions.go:26.63,39.2 1 1
github.com/fall_out_bug/sdp-trace/internal/posture/posture_grouping_keys.go:9.48,11.2 1 1
github.com/fall_out_bug/sdp-trace/internal/posture/posture_grouping_keys.go:13.76,18.31 2 1
github.com/fall_out_bug/sdp-trace/internal/posture/posture_grouping_keys.go:18.31,20.3 1 1
github.com/fall_out_bug/sdp-trace/internal/posture/posture_grouping_keys.go:21.2,21.48 1 1
github.com/fall_out_bug/sdp-trace/internal/posture/posture_grouping_keys.go:21.48,23.20 1 1
github.com/fall_out_bug/sdp-trace/internal/posture/posture_grouping_keys.go:23.20,25.4 1 1
github.com/fall_out_bug/sdp-trace/internal/posture/posture_grouping_keys.go:27.2,27.13 1 1
github.com/fall_out_bug/sdp-trace/internal/posture/posture_handoff.go:5.49,9.33 1 1
github.com/fall_out_bug/sdp-trace/internal/posture/posture_handoff.go:9.33,11.45 1 1
github.com/fall_out_bug/sdp-trace/internal/posture/posture_handoff.go:11.45,13.4 1 1
github.com/fall_out_bug/sdp-trace/internal/posture/posture_handoff.go:15.2,15.13 1 1
github.com/fall_out_bug/sdp-trace/internal/posture/posture_ingest_groups.go:7.190,17.38 6 1
github.com/fall_out_bug/sdp-trace/internal/posture/posture_ingest_groups.go:17.38,19.3 1 1
github.com/fall_out_bug/sdp-trace/internal/posture/posture_ingest_groups.go:22.123,30.18 4 1
github.com/fall_out_bug/sdp-trace/internal/posture/posture_ingest_groups.go:30.18,34.3 2 1
github.com/fall_out_bug/sdp-trace/internal/posture/posture_ingest_groups.go:35.2,35.14 1 1
github.com/fall_out_bug/sdp-trace/internal/posture/posture_ingest_groups.go:38.99,50.2 1 1
github.com/fall_out_bug/sdp-trace/internal/posture/posture_ingest_repo_artifacts.go:7.72,13.16 2 1
github.com/fall_out_bug/sdp-trace/internal/posture/posture_ingest_repo_artifacts.go:13.16,15.3 1 1
github.com/fall_out_bug/sdp-trace/internal/posture/posture_ingest_repo_artifacts.go:16.2,17.16 2 1
github.com/fall_out_bug/sdp-trace/internal/posture/posture_ingest_repo_artifacts.go:17.16,19.3 1 0
github.com/fall_out_bug/sdp-trace/internal/posture/posture_ingest_repo_artifacts.go:20.2,20.65 1 1
github.com/fall_out_bug/sdp-trace/internal/posture/posture_ingest_repo_artifacts.go:23.126,27.35 1 1
github.com/fall_out_bug/sdp-trace/internal/posture/posture_ingest_repo_artifacts.go:27.35,29.3 1 1
github.com/fall_out_bug/sdp-trace/internal/posture/posture_ingest_repo_artifacts.go:31.2,32.16 2 1
github.com/fall_out_bug/sdp-trace/internal/posture/posture_ingest_repo_artifacts.go:32.16,34.3 1 1
github.com/fall_out_bug/sdp-trace/internal/posture/posture_ingest_repo_artifacts.go:35.2,35.90 1 1
github.com/fall_out_bug/sdp-trace/internal/posture/posture_ingest_repo_artifacts.go:38.62,40.2 1 1
github.com/fall_out_bug/sdp-trace/internal/posture/posture_ingest_repo_artifacts.go:44.93,46.2 1 1
github.com/fall_out_bug/sdp-trace/internal/posture/posture_ingest_repo_preflight.go:7.97,12.76 1 1
github.com/fall_out_bug/sdp-trace/internal/posture/posture_ingest_repo_preflight.go:12.76,14.3 1 1
github.com/fall_out_bug/sdp-trace/internal/posture/posture_ingest_repo_preflight.go:15.2,15.40 1 1
github.com/fall_out_bug/sdp-trace/internal/posture/posture_ingest_repo_preflight.go:18.115,23.35 1 1
github.com/fall_out_bug/sdp-trace/internal/posture/posture_ingest_repo_preflight.go:23.35,25.3 1 1
github.com/fall_out_bug/sdp-trace/internal/posture/posture_ingest_repo_preflight.go:26.2,26.39 1 1
github.com/fall_out_bug/sdp-trace/internal/posture/posture_ingest_repo_preflight.go:26.39,29.3 1 1
github.com/fall_out_bug/sdp-trace/internal/posture/posture_ingest_repo_preflight.go:30.2,30.51 1 1
github.com/fall_out_bug/sdp-trace/internal/posture/posture_ingest_repo_preflight.go:30.51,32.3 1 1
github.com/fall_out_bug/sdp-trace/internal/posture/posture_ingest_repo_preflight.go:33.2,33.34 1 1
github.com/fall_out_bug/sdp-trace/internal/posture/posture_ingest_repo_preflight.go:36.89,38.2 1 1
github.com/fall_out_bug/sdp-trace/internal/posture/posture_ingest_repo_preflight.go:40.58,42.2 1 1
github.com/fall_out_bug/sdp-trace/internal/posture/posture_ingest_repo_preflight.go:44.62,46.2 1 1
github.com/fall_out_bug/sdp-trace/internal/posture/posture_ingest_selection.go:7.170,16.46 5 1
github.com/fall_out_bug/sdp-trace/internal/posture/posture_ingest_selection.go:16.46,18.24 2 1
github.com/fall_out_bug/sdp-trace/internal/posture/posture_ingest_selection.go:18.24,21.12 2 1
github.com/fall_out_bug/sdp-trace/internal/posture/posture_ingest_selection.go:24.3,25.106 2 1
github.com/fall_out_bug/sdp-trace/internal/posture/posture_ingest_selection.go:28.2,28.33 1 1
github.com/fall_out_bug/sdp-trace/internal/posture/posture_ingest_selection.go:31.179,38.30 3 1
github.com/fall_out_bug/sdp-trace/internal/posture/posture_ingest_selection.go:38.30,40.3 1 1
github.com/fall_out_bug/sdp-trace/internal/posture/posture_ingest_selection.go:41.2,41.34 1 1
github.com/fall_out_bug/sdp-trace/internal/posture/posture_input_paths_selection.go:7.45,10.2 2 1
github.com/fall_out_bug/sdp-trace/internal/posture/posture_input_paths_selection.go:12.54,21.2 1 1
github.com/fall_out_bug/sdp-trace/internal/posture/posture_input_paths_selection.go:23.42,25.2 1 1
github.com/fall_out_bug/sdp-trace/internal/posture/posture_input_paths_selection.go:27.36,29.2 1 1
github.com/fall_out_bug/sdp-trace/internal/posture/posture_input_paths_validate.go:8.54,12.111 1 1
github.com/fall_out_bug/sdp-trace/internal/posture/posture_input_paths_validate.go:12.111,13.36 1 1
github.com/fall_out_bug/sdp-trace/internal/posture/posture_input_paths_validate.go:13.36,14.12 1 1
github.com/fall_out_bug/sdp-trace/internal/posture/posture_input_paths_validate.go:17.3,17.32 1 1
github.com/fall_out_bug/sdp-trace/internal/posture/posture_input_paths_validate.go:17.32,19.4 1 1
github.com/fall_out_bug/sdp-trace/internal/posture/posture_input_paths_validate.go:21.2,21.12 1 1
github.com/fall_out_bug/sdp-trace/internal/posture/posture_json_file.go:8.50,12.16 3 1
github.com/fall_out_bug/sdp-trace/internal/posture/posture_json_file.go:12.16,14.3 1 0
github.com/fall_out_bug/sdp-trace/internal/posture/posture_json_file.go:15.2,15.46 1 1
github.com/fall_out_bug/sdp-trace/internal/posture/posture_labels.go:7.54,11.28 1 1
github.com/fall_out_bug/sdp-trace/internal/posture/posture_labels.go:11.28,13.3 1 1
github.com/fall_out_bug/sdp-trace/internal/posture/posture_labels.go:15.2,15.53 1 1
github.com/fall_out_bug/sdp-trace/internal/posture/posture_labels.go:15.53,17.24 1 1
github.com/fall_out_bug/sdp-trace/internal/posture/posture_labels.go:17.24,19.4 1 1
github.com/fall_out_bug/sdp-trace/internal/posture/posture_labels.go:21.2,21.12 1 1
github.com/fall_out_bug/sdp-trace/internal/posture/posture_labels.go:24.61,27.2 1 1
github.com/fall_out_bug/sdp-trace/internal/posture/posture_labels.go:29.51,31.2 1 1
github.com/fall_out_bug/sdp-trace/internal/posture/posture_labels.go:35.35,40.42 1 1
github.com/fall_out_bug/sdp-trace/internal/posture/posture_labels.go:40.42,42.3 1 1
github.com/fall_out_bug/sdp-trace/internal/posture/posture_labels.go:43.2,43.28 1 1
github.com/fall_out_bug/sdp-trace/internal/posture/posture_metrics_build.go:3.66,8.49 3 1
github.com/fall_out_bug/sdp-trace/internal/posture/posture_metrics_build.go:8.49,10.37 2 1
github.com/fall_out_bug/sdp-trace/internal/posture/posture_metrics_build.go:10.37,14.4 3 1
github.com/fall_out_bug/sdp-trace/internal/posture/posture_metrics_build.go:16.2,16.13 1 1
github.com/fall_out_bug/sdp-trace/internal/posture/posture_metrics_count_apply.go:7.121,12.51 1 1
github.com/fall_out_bug/sdp-trace/internal/posture/posture_metrics_count_apply.go:12.51,14.3 1 1
github.com/fall_out_bug/sdp-trace/internal/posture/posture_metrics_count_apply.go:15.2,15.44 1 1
github.com/fall_out_bug/sdp-trace/internal/posture/posture_metrics_count_apply.go:15.44,17.3 1 1
github.com/fall_out_bug/sdp-trace/internal/posture/posture_metrics_count_apply.go:18.2,18.48 1 1
github.com/fall_out_bug/sdp-trace/internal/posture/posture_metrics_count_apply.go:18.48,20.3 1 1
github.com/fall_out_bug/sdp-trace/internal/posture/posture_metrics_count_apply.go:25.69,27.2 1 1
github.com/fall_out_bug/sdp-trace/internal/posture/posture_metrics_count_types.go:9.69,15.33 2 1
github.com/fall_out_bug/sdp-trace/internal/posture/posture_metrics_count_types.go:15.33,18.3 2 1
github.com/fall_out_bug/sdp-trace/internal/posture/posture_metrics_count_types.go:19.2,19.15 1 1
github.com/fall_out_bug/sdp-trace/internal/posture/posture_metrics_evidence.go:7.67,15.2 3 1
github.com/fall_out_bug/sdp-trace/internal/posture/posture_metrics_evidence.go:17.50,25.2 3 1
github.com/fall_out_bug/sdp-trace/internal/posture/posture_metrics_flatten.go:7.69,13.54 2 1
github.com/fall_out_bug/sdp-trace/internal/posture/posture_metrics_flatten.go:13.54,15.3 1 1
github.com/fall_out_bug/sdp-trace/internal/posture/posture_metrics_flatten.go:16.2,16.13 1 1
github.com/fall_out_bug/sdp-trace/internal/posture/posture_metrics_match.go:7.104,12.56 1 1
github.com/fall_out_bug/sdp-trace/internal/posture/posture_metrics_match.go:12.56,14.3 1 1
github.com/fall_out_bug/sdp-trace/internal/posture/posture_metrics_match.go:15.2,15.67 1 1
github.com/fall_out_bug/sdp-trace/internal/posture/posture_metrics_match.go:18.115,23.45 1 1
github.com/fall_out_bug/sdp-trace/internal/posture/posture_metrics_match.go:23.45,25.3 1 1
github.com/fall_out_bug/sdp-trace/internal/posture/posture_metrics_match.go:26.2,26.59 1 1
github.com/fall_out_bug/sdp-trace/internal/posture/posture_metrics_match.go:29.106,31.2 1 1
github.com/fall_out_bug/sdp-trace/internal/posture/posture_metrics_match.go:33.70,36.2 2 1
github.com/fall_out_bug/sdp-trace/internal/posture/posture_metrics_match.go:40.84,44.36 1 1
github.com/fall_out_bug/sdp-trace/internal/posture/posture_metrics_match.go:44.36,47.3 1 1
github.com/fall_out_bug/sdp-trace/internal/posture/posture_metrics_match.go:48.2,48.55 1 1
github.com/fall_out_bug/sdp-trace/internal/posture/posture_metrics_row.go:7.82,23.2 11 1
github.com/fall_out_bug/sdp-trace/internal/posture/posture_metrics_row.go:25.83,39.2 1 1
github.com/fall_out_bug/sdp-trace/internal/posture/posture_movement_build.go:3.113,11.27 5 1
github.com/fall_out_bug/sdp-trace/internal/posture/posture_movement_build.go:11.27,16.3 3 1
github.com/fall_out_bug/sdp-trace/internal/posture/posture_movement_build.go:17.2,17.22 1 1
github.com/fall_out_bug/sdp-trace/internal/posture/posture_movement_build.go:20.75,22.2 1 1
github.com/fall_out_bug/sdp-trace/internal/posture/posture_movement_group.go:3.80,8.30 2 1
github.com/fall_out_bug/sdp-trace/internal/posture/posture_movement_group.go:8.30,11.24 2 1
github.com/fall_out_bug/sdp-trace/internal/posture/posture_movement_group.go:11.24,13.4 1 1
github.com/fall_out_bug/sdp-trace/internal/posture/posture_movement_group.go:14.3,14.35 1 1
github.com/fall_out_bug/sdp-trace/internal/posture/posture_movement_group.go:16.2,16.14 1 1
github.com/fall_out_bug/sdp-trace/internal/posture/posture_movement_group.go:21.68,25.20 1 1
github.com/fall_out_bug/sdp-trace/internal/posture/posture_movement_group.go:25.20,28.3 2 1
github.com/fall_out_bug/sdp-trace/internal/posture/posture_movement_group.go:30.2,33.56 4 1
github.com/fall_out_bug/sdp-trace/internal/posture/posture_movement_row.go:8.132,27.2 6 1
github.com/fall_out_bug/sdp-trace/internal/posture/posture_movement_row.go:29.124,33.16 1 1
github.com/fall_out_bug/sdp-trace/internal/posture/posture_movement_row.go:33.16,36.3 2 1
github.com/fall_out_bug/sdp-trace/internal/posture/posture_movement_row.go:37.2,37.17 1 1
github.com/fall_out_bug/sdp-trace/internal/posture/posture_movement_row.go:37.17,40.3 2 1
github.com/fall_out_bug/sdp-trace/internal/posture/posture_movement_row.go:42.2,42.50 1 1
github.com/fall_out_bug/sdp-trace/internal/posture/posture_result.go:7.217,19.2 7 1
github.com/fall_out_bug/sdp-trace/internal/posture/posture_result.go:21.140,40.2 1 1
github.com/fall_out_bug/sdp-trace/internal/posture/posture_result.go:42.40,45.2 1 1
github.com/fall_out_bug/sdp-trace/internal/posture/posture_rows.go:10.81,23.2 1 1
github.com/fall_out_bug/sdp-trace/internal/posture/posture_rows.go:25.83,37.2 1 1
github.com/fall_out_bug/sdp-trace/internal/posture/posture_rows.go:39.45,42.2 2 1
github.com/fall_out_bug/sdp-trace/internal/posture/posture_rows.go:46.101,53.2 2 1
github.com/fall_out_bug/sdp-trace/internal/posture/posture_rows.go:57.40,62.23 1 1
github.com/fall_out_bug/sdp-trace/internal/posture/posture_rows.go:62.23,64.3 1 1
github.com/fall_out_bug/sdp-trace/internal/posture/posture_rows.go:65.2,65.27 1 1
github.com/fall_out_bug/sdp-trace/internal/posture/posture_rows.go:68.50,74.29 2 1
github.com/fall_out_bug/sdp-trace/internal/posture/posture_rows.go:74.29,76.3 1 1
github.com/fall_out_bug/sdp-trace/internal/posture/posture_rows.go:77.2,77.12 1 1
github.com/fall_out_bug/sdp-trace/internal/posture/posture_safety_output.go:14.38,19.35 2 1
github.com/fall_out_bug/sdp-trace/internal/posture/posture_safety_output.go:19.35,22.3 1 1
github.com/fall_out_bug/sdp-trace/internal/posture/posture_safety_output.go:23.2,23.39 1 1
github.com/fall_out_bug/sdp-trace/internal/posture/posture_safety_output.go:23.39,26.3 1 1
github.com/fall_out_bug/sdp-trace/internal/posture/posture_safety_output.go:27.2,27.26 1 1
github.com/fall_out_bug/sdp-trace/internal/posture/posture_safety_output.go:27.26,30.3 1 1
github.com/fall_out_bug/sdp-trace/internal/posture/posture_safety_output.go:31.2,31.14 1 1
github.com/fall_out_bug/sdp-trace/internal/posture/posture_safety_output.go:34.48,39.47 1 1
github.com/fall_out_bug/sdp-trace/internal/posture/posture_safety_output.go:39.47,40.39 1 1
github.com/fall_out_bug/sdp-trace/internal/posture/posture_safety_output.go:40.39,42.4 1 1
github.com/fall_out_bug/sdp-trace/internal/posture/posture_safety_output.go:44.2,44.14 1 1
github.com/fall_out_bug/sdp-trace/internal/posture/posture_safety_token.go:7.52,12.52 1 1
github.com/fall_out_bug/sdp-trace/internal/posture/posture_safety_token.go:12.52,14.3 1 1
github.com/fall_out_bug/sdp-trace/internal/posture/posture_safety_token.go:15.2,15.82 1 1
github.com/fall_out_bug/sdp-trace/internal/posture/posture_safety_token.go:18.39,20.2 1 1
github.com/fall_out_bug/sdp-trace/internal/posture/posture_safety_token.go:22.37,31.2 2 1
github.com/fall_out_bug/sdp-trace/internal/posture/posture_selection_grouping.go:7.67,11.53 1 1
github.com/fall_out_bug/sdp-trace/internal/posture/posture_selection_grouping.go:11.53,13.3 1 0
github.com/fall_out_bug/sdp-trace/internal/posture/posture_selection_grouping.go:15.2,15.92 1 1
github.com/fall_out_bug/sdp-trace/internal/posture/posture_selection_grouping.go:15.92,17.3 1 1
github.com/fall_out_bug/sdp-trace/internal/posture/posture_selection_grouping.go:18.2,18.12 1 1
github.com/fall_out_bug/sdp-trace/internal/posture/posture_selection_grouping.go:21.71,26.38 1 1
github.com/fall_out_bug/sdp-trace/internal/posture/posture_selection_grouping.go:26.38,28.3 1 0
github.com/fall_out_bug/sdp-trace/internal/posture/posture_selection_grouping.go:29.2,29.12 1 1
github.com/fall_out_bug/sdp-trace/internal/posture/posture_selection_profile.go:7.66,12.9 1 1
github.com/fall_out_bug/sdp-trace/internal/posture/posture_selection_profile.go:13.40,14.43 1 0
github.com/fall_out_bug/sdp-trace/internal/posture/posture_selection_profile.go:15.68,16.51 1 0
github.com/fall_out_bug/sdp-trace/internal/posture/posture_selection_profile.go:18.2,18.12 1 1
github.com/fall_out_bug/sdp-trace/internal/posture/posture_selection_profile.go:21.62,23.2 1 1
github.com/fall_out_bug/sdp-trace/internal/posture/posture_selection_querypack.go:7.64,9.2 1 1
github.com/fall_out_bug/sdp-trace/internal/posture/posture_selection_read.go:7.60,9.2 1 1
github.com/fall_out_bug/sdp-trace/internal/posture/posture_selection_read.go:11.59,16.55 1 1
github.com/fall_out_bug/sdp-trace/internal/posture/posture_selection_read.go:16.55,18.3 1 0
github.com/fall_out_bug/sdp-trace/internal/posture/posture_selection_read.go:19.2,19.60 1 1
github.com/fall_out_bug/sdp-trace/internal/posture/posture_selection_read.go:19.60,21.3 1 0
github.com/fall_out_bug/sdp-trace/internal/posture/posture_selection_read.go:22.2,22.61 1 1
github.com/fall_out_bug/sdp-trace/internal/posture/posture_selection_read.go:22.61,24.3 1 1
github.com/fall_out_bug/sdp-trace/internal/posture/posture_selection_read.go:25.2,25.49 1 1
github.com/fall_out_bug/sdp-trace/internal/posture/posture_sensitive_catalog.go:3.34,5.2 1 1
github.com/fall_out_bug/sdp-trace/internal/posture/posture_sensitive_compare.go:3.46,7.15 1 1
github.com/fall_out_bug/sdp-trace/internal/posture/posture_sensitive_compare.go:8.79,10.14 1 1
github.com/fall_out_bug/sdp-trace/internal/posture/posture_sensitive_compare.go:11.10,12.15 1 1
github.com/fall_out_bug/sdp-trace/internal/posture/posture_sensitive_metric.go:3.39,7.37 1 1
github.com/fall_out_bug/sdp-trace/internal/posture/posture_sensitive_metric.go:7.37,9.23 1 1
github.com/fall_out_bug/sdp-trace/internal/posture/posture_sensitive_metric.go:9.23,11.4 1 1
github.com/fall_out_bug/sdp-trace/internal/posture/posture_sensitive_metric.go:13.2,13.14 1 1
github.com/fall_out_bug/sdp-trace/internal/posture/posture_sensitive_metric.go:16.44,20.15 1 1
github.com/fall_out_bug/sdp-trace/internal/posture/posture_sensitive_metric.go:21.74,23.14 1 1
github.com/fall_out_bug/sdp-trace/internal/posture/posture_sensitive_metric.go:24.10,25.15 1 0
github.com/fall_out_bug/sdp-trace/internal/posture/posture_sensitive_refusal.go:3.44,7.15 1 1
github.com/fall_out_bug/sdp-trace/internal/posture/posture_sensitive_refusal.go:12.62,14.14 1 1
github.com/fall_out_bug/sdp-trace/internal/posture/posture_sensitive_refusal.go:15.10,16.15 1 1
github.com/fall_out_bug/sdp-trace/internal/posture/posture_sensitive_trust.go:3.46,7.15 1 1
github.com/fall_out_bug/sdp-trace/internal/posture/posture_sensitive_trust.go:8.102,10.14 1 1
github.com/fall_out_bug/sdp-trace/internal/posture/posture_sensitive_trust.go:11.10,12.15 1 0
github.com/fall_out_bug/sdp-trace/internal/posture/posture_sensitive_trust.go:16.47,20.15 1 1
github.com/fall_out_bug/sdp-trace/internal/posture/posture_sensitive_trust.go:21.65,23.14 1 1
github.com/fall_out_bug/sdp-trace/internal/posture/posture_sensitive_trust.go:24.10,25.15 1 1
github.com/fall_out_bug/sdp-trace/internal/posture/posture_signals_read.go:8.65,12.35 1 1
github.com/fall_out_bug/sdp-trace/internal/posture/posture_signals_read.go:12.35,15.3 1 1
github.com/fall_out_bug/sdp-trace/internal/posture/posture_signals_read.go:16.2,17.16 2 1
github.com/fall_out_bug/sdp-trace/internal/posture/posture_signals_read.go:17.16,19.3 1 1
github.com/fall_out_bug/sdp-trace/internal/posture/posture_signals_read.go:20.2,20.43 1 1
github.com/fall_out_bug/sdp-trace/internal/posture/posture_signals_read.go:23.62,28.16 2 1
github.com/fall_out_bug/sdp-trace/internal/posture/posture_signals_read.go:28.16,30.3 1 1
github.com/fall_out_bug/sdp-trace/internal/posture/posture_signals_read.go:32.2,32.59 1 1
github.com/fall_out_bug/sdp-trace/internal/posture/posture_signals_read.go:32.59,34.3 1 0
github.com/fall_out_bug/sdp-trace/internal/posture/posture_signals_read.go:35.2,35.22 1 1
github.com/fall_out_bug/sdp-trace/internal/posture/posture_signals_read.go:38.82,44.33 2 1
github.com/fall_out_bug/sdp-trace/internal/posture/posture_signals_read.go:44.33,45.27 1 1
github.com/fall_out_bug/sdp-trace/internal/posture/posture_signals_read.go:45.27,47.4 1 0
github.com/fall_out_bug/sdp-trace/internal/posture/posture_signals_read.go:48.3,48.30 1 1
github.com/fall_out_bug/sdp-trace/internal/posture/posture_signals_read.go:50.2,50.17 1 1
github.com/fall_out_bug/sdp-trace/internal/posture/posture_signals_read.go:55.46,57.2 1 1
github.com/fall_out_bug/sdp-trace/internal/posture/posture_sorted_keys.go:7.56,13.25 2 1
github.com/fall_out_bug/sdp-trace/internal/posture/posture_sorted_keys.go:13.25,15.3 1 1
github.com/fall_out_bug/sdp-trace/internal/posture/posture_sorted_keys.go:16.2,17.13 2 1
github.com/fall_out_bug/sdp-trace/internal/posture/posture_time.go:9.83,14.36 1 1
github.com/fall_out_bug/sdp-trace/internal/posture/posture_time.go:14.36,16.3 1 0
github.com/fall_out_bug/sdp-trace/internal/posture/posture_time.go:17.2,17.35 1 1
github.com/fall_out_bug/sdp-trace/internal/posture/posture_time.go:17.35,20.3 1 1
github.com/fall_out_bug/sdp-trace/internal/posture/posture_time.go:21.2,22.16 2 1
github.com/fall_out_bug/sdp-trace/internal/posture/posture_time.go:22.16,24.3 1 0
github.com/fall_out_bug/sdp-trace/internal/posture/posture_time.go:25.2,25.26 1 1
github.com/fall_out_bug/sdp-trace/internal/posture/posture_time.go:30.51,36.16 2 1
github.com/fall_out_bug/sdp-trace/internal/posture/posture_time.go:36.16,38.3 1 0
github.com/fall_out_bug/sdp-trace/internal/posture/posture_time.go:39.2,39.30 1 1
github.com/fall_out_bug/sdp-trace/internal/posture/posture_validate_export.go:3.54,8.50 1 1
github.com/fall_out_bug/sdp-trace/internal/posture/posture_validate_export.go:8.50,9.42 1 1
github.com/fall_out_bug/sdp-trace/internal/posture/posture_validate_export.go:9.42,11.4 1 1
github.com/fall_out_bug/sdp-trace/internal/posture/posture_validate_export.go:13.2,13.12 1 1
github.com/fall_out_bug/sdp-trace/internal/posture/posture_validate_export_delegate_inputs.go:3.63,5.2 1 1
github.com/fall_out_bug/sdp-trace/internal/posture/posture_validate_export_delegate_inputs.go:7.55,9.2 1 1
github.com/fall_out_bug/sdp-trace/internal/posture/posture_validate_export_delegate_movements.go:3.57,5.2 1 1
github.com/fall_out_bug/sdp-trace/internal/posture/posture_validate_export_delegate_movements.go:7.63,9.2 1 1
github.com/fall_out_bug/sdp-trace/internal/posture/posture_validate_export_delegate_movements.go:11.56,13.2 1 1
github.com/fall_out_bug/sdp-trace/internal/posture/posture_validate_export_predicates.go:3.56,8.2 1 1
github.com/fall_out_bug/sdp-trace/internal/posture/posture_validate_export_predicates.go:10.54,12.2 1 1
github.com/fall_out_bug/sdp-trace/internal/posture/posture_validate_export_top.go:8.54,13.59 1 1
github.com/fall_out_bug/sdp-trace/internal/posture/posture_validate_export_top.go:13.59,15.3 1 0
github.com/fall_out_bug/sdp-trace/internal/posture/posture_validate_export_top.go:16.2,16.54 1 1
github.com/fall_out_bug/sdp-trace/internal/posture/posture_validate_export_top.go:19.60,24.37 1 1
github.com/fall_out_bug/sdp-trace/internal/posture/posture_validate_export_top.go:24.37,26.3 1 0
github.com/fall_out_bug/sdp-trace/internal/posture/posture_validate_export_top.go:27.2,27.35 1 1
github.com/fall_out_bug/sdp-trace/internal/posture/posture_validate_export_top.go:27.35,29.3 1 0
github.com/fall_out_bug/sdp-trace/internal/posture/posture_validate_export_top.go:30.2,30.12 1 1
github.com/fall_out_bug/sdp-trace/internal/posture/posture_validate_export_top.go:33.58,38.65 1 1
github.com/fall_out_bug/sdp-trace/internal/posture/posture_validate_export_top.go:38.65,40.3 1 0
github.com/fall_out_bug/sdp-trace/internal/posture/posture_validate_export_top.go:41.2,41.12 1 1
github.com/fall_out_bug/sdp-trace/internal/posture/posture_validate_input_rows.go:3.59,5.2 1 1
github.com/fall_out_bug/sdp-trace/internal/posture/posture_validate_input_rows.go:7.59,9.2 1 1
github.com/fall_out_bug/sdp-trace/internal/posture/posture_validate_input_rows.go:11.60,13.2 1 1
github.com/fall_out_bug/sdp-trace/internal/posture/posture_validate_metric_counts.go:3.48,5.2 1 1
github.com/fall_out_bug/sdp-trace/internal/posture/posture_validate_metric_identity.go:3.50,5.2 1 1
github.com/fall_out_bug/sdp-trace/internal/posture/posture_validate_metric_refs.go:7.67,11.37 1 1
github.com/fall_out_bug/sdp-trace/internal/posture/posture_validate_metric_refs.go:11.37,13.52 1 1
github.com/fall_out_bug/sdp-trace/internal/posture/posture_validate_metric_refs.go:13.52,15.4 1 1
github.com/fall_out_bug/sdp-trace/internal/posture/posture_validate_metric_refs.go:17.2,17.12 1 1
github.com/fall_out_bug/sdp-trace/internal/posture/posture_validate_metric_refs.go:20.63,24.36 1 1
github.com/fall_out_bug/sdp-trace/internal/posture/posture_validate_metric_refs.go:24.36,26.48 1 1
github.com/fall_out_bug/sdp-trace/internal/posture/posture_validate_metric_refs.go:26.48,28.4 1 1
github.com/fall_out_bug/sdp-trace/internal/posture/posture_validate_metric_refs.go:30.2,30.12 1 1
github.com/fall_out_bug/sdp-trace/internal/posture/posture_validate_metric_row.go:7.45,12.52 1 1
github.com/fall_out_bug/sdp-trace/internal/posture/posture_validate_metric_row.go:12.52,14.3 1 0
github.com/fall_out_bug/sdp-trace/internal/posture/posture_validate_metric_row.go:15.2,15.65 1 1
github.com/fall_out_bug/sdp-trace/internal/posture/posture_validate_metric_row.go:15.65,17.3 1 1
github.com/fall_out_bug/sdp-trace/internal/posture/posture_validate_metric_row.go:18.2,18.63 1 1
github.com/fall_out_bug/sdp-trace/internal/posture/posture_validate_metric_row.go:21.50,26.94 1 1
github.com/fall_out_bug/sdp-trace/internal/posture/posture_validate_metric_row.go:26.94,28.3 1 1
github.com/fall_out_bug/sdp-trace/internal/posture/posture_validate_metric_row.go:29.2,29.12 1 1
github.com/fall_out_bug/sdp-trace/internal/posture/posture_validate_metric_source.go:3.48,5.2 1 1
github.com/fall_out_bug/sdp-trace/internal/posture/posture_validate_metric_source.go:7.50,9.2 1 1
github.com/fall_out_bug/sdp-trace/internal/posture/posture_validate_metric_source.go:11.51,13.2 1 1
github.com/fall_out_bug/sdp-trace/internal/posture/posture_validate_movement_identity.go:3.54,5.2 1 1
github.com/fall_out_bug/sdp-trace/internal/posture/posture_validate_movement_refs.go:3.67,7.37 1 1
github.com/fall_out_bug/sdp-trace/internal/posture/posture_validate_movement_refs.go:7.37,9.61 1 1
github.com/fall_out_bug/sdp-trace/internal/posture/posture_validate_movement_refs.go:9.61,11.4 1 1
github.com/fall_out_bug/sdp-trace/internal/posture/posture_validate_movement_refs.go:13.2,13.14 1 1
github.com/fall_out_bug/sdp-trace/internal/posture/posture_validate_movement_row.go:3.49,5.2 1 1
github.com/fall_out_bug/sdp-trace/internal/posture/posture_validate_movement_row.go:7.49,9.2 1 1
github.com/fall_out_bug/sdp-trace/internal/posture/posture_validate_movement_summary.go:7.61,12.67 1 1
github.com/fall_out_bug/sdp-trace/internal/posture/posture_validate_movement_summary.go:12.67,14.3 1 0
github.com/fall_out_bug/sdp-trace/internal/posture/posture_validate_movement_summary.go:15.2,15.66 1 1
github.com/fall_out_bug/sdp-trace/internal/posture/posture_validate_movement_summary.go:15.66,17.3 1 1
github.com/fall_out_bug/sdp-trace/internal/posture/posture_validate_movement_summary.go:18.2,18.12 1 1
github.com/fall_out_bug/sdp-trace/internal/posture/posture_validate_movement_values.go:3.52,5.2 1 1
github.com/fall_out_bug/sdp-trace/internal/posture/posture_validate_movement_values.go:7.56,9.2 1 1
github.com/fall_out_bug/sdp-trace/internal/posture/posture_validate_refusal_rows.go:7.47,9.2 1 1
github.com/fall_out_bug/sdp-trace/internal/posture/posture_validate_refusal_rows.go:11.62,16.15 1 1
github.com/fall_out_bug/sdp-trace/internal/posture/posture_validate_refusal_rows.go:16.15,18.3 1 1
github.com/fall_out_bug/sdp-trace/internal/posture/posture_validate_refusal_rows.go:19.2,19.12 1 1
github.com/fall_out_bug/sdp-trace/internal/posture/posture_validate_refusal_rows.go:22.47,24.2 1 1
github.com/fall_out_bug/sdp-trace/internal/posture/posture_validate_refusal_rows.go:26.50,28.2 1 1
github.com/fall_out_bug/sdp-trace/internal/posture/posture_validate_refusal_rows.go:30.49,32.2 1 1
github.com/fall_out_bug/sdp-trace/internal/posture/posture_validate_refusal_rows.go:34.58,36.2 1 1
github.com/fall_out_bug/sdp-trace/internal/posture/posture_validate_rows_cells.go:7.59,11.75 1 1
github.com/fall_out_bug/sdp-trace/internal/posture/posture_validate_rows_cells.go:11.75,13.3 1 1
github.com/fall_out_bug/sdp-trace/internal/posture/posture_validate_rows_cells.go:15.2,15.37 1 1
github.com/fall_out_bug/sdp-trace/internal/posture/posture_validate_rows_cells.go:15.37,17.3 1 1
github.com/fall_out_bug/sdp-trace/internal/posture/posture_validate_rows_cells.go:18.2,18.74 1 1
github.com/fall_out_bug/sdp-trace/internal/posture/posture_validate_rows_cells.go:18.74,20.3 1 1
github.com/fall_out_bug/sdp-trace/internal/posture/posture_validate_rows_cells.go:21.2,21.12 1 1
github.com/fall_out_bug/sdp-trace/internal/posture/posture_validate_rows_cells.go:24.66,26.2 1 1
github.com/fall_out_bug/sdp-trace/internal/posture/posture_validate_rows_cells.go:28.55,40.4 1 1
github.com/fall_out_bug/sdp-trace/internal/posture/posture_validate_rows_cells.go:40.4,41.15 1 1
github.com/fall_out_bug/sdp-trace/internal/posture/posture_validate_rows_cells.go:41.15,44.4 1 1
github.com/fall_out_bug/sdp-trace/internal/posture/posture_validate_rows_cells.go:46.2,46.13 1 1
github.com/fall_out_bug/sdp-trace/internal/posture/posture_validate_rows_cells.go:49.45,51.2 1 1
github.com/fall_out_bug/sdp-trace/internal/posture/posture_validate_rows_iter.go:3.62,5.2 1 1
github.com/fall_out_bug/sdp-trace/internal/posture/posture_validate_rows_iter.go:7.49,9.2 1 1
github.com/fall_out_bug/sdp-trace/internal/posture/posture_validate_rows_iter.go:11.53,13.2 1 1
github.com/fall_out_bug/sdp-trace/internal/posture/posture_validate_rows_iter.go:15.51,17.2 1 1
github.com/fall_out_bug/sdp-trace/internal/posture/posture_validate_rows_iter.go:19.66,24.27 1 1
github.com/fall_out_bug/sdp-trace/internal/posture/posture_validate_rows_iter.go:24.27,25.39 1 1
github.com/fall_out_bug/sdp-trace/internal/posture/posture_validate_rows_iter.go:25.39,27.4 1 1
github.com/fall_out_bug/sdp-trace/internal/posture/posture_validate_rows_iter.go:29.2,29.12 1 1
github.com/fall_out_bug/sdp-trace/internal/harnessobs/harnessobs_034_observe.go:7.48,12.16 2 1
github.com/fall_out_bug/sdp-trace/internal/harnessobs/harnessobs_034_observe.go:12.16,14.3 1 1
github.com/fall_out_bug/sdp-trace/internal/harnessobs/harnessobs_034_observe.go:16.2,16.71 1 1
github.com/fall_out_bug/sdp-trace/internal/harnessobs/harnessobs_034_observe.go:16.71,18.3 1 0
github.com/fall_out_bug/sdp-trace/internal/harnessobs/harnessobs_034_observe.go:19.2,21.78 2 1
github.com/fall_out_bug/sdp-trace/internal/harnessobs/harnessobs_034_observe.go:21.78,23.3 1 0
github.com/fall_out_bug/sdp-trace/internal/harnessobs/harnessobs_034_observe.go:24.2,24.17 1 1
github.com/fall_out_bug/sdp-trace/internal/harnessobs/harnessobs_035_prepareobservation.go:7.74,12.16 2 1
github.com/fall_out_bug/sdp-trace/internal/harnessobs/harnessobs_035_prepareobservation.go:12.16,14.3 1 1
github.com/fall_out_bug/sdp-trace/internal/harnessobs/harnessobs_035_prepareobservation.go:16.2,17.16 2 1
github.com/fall_out_bug/sdp-trace/internal/harnessobs/harnessobs_035_prepareobservation.go:17.16,19.3 1 1
github.com/fall_out_bug/sdp-trace/internal/harnessobs/harnessobs_035_prepareobservation.go:21.2,21.51 1 1
github.com/fall_out_bug/sdp-trace/internal/harnessobs/harnessobs_035_prepareobservation.go:21.51,23.3 1 0
github.com/fall_out_bug/sdp-trace/internal/harnessobs/harnessobs_035_prepareobservation.go:24.2,24.92 1 1
github.com/fall_out_bug/sdp-trace/internal/harnessobs/harnessobs_036_newobservationcontext.go:3.142,16.2 1 1
github.com/fall_out_bug/sdp-trace/internal/harnessobs/harnessobs_037_validateobserveoptions.go:3.82,7.52 1 1
github.com/fall_out_bug/sdp-trace/internal/harnessobs/harnessobs_037_validateobserveoptions.go:7.52,9.3 1 0
github.com/fall_out_bug/sdp-trace/internal/harnessobs/harnessobs_037_validateobserveoptions.go:11.2,11.34 1 1
github.com/fall_out_bug/sdp-trace/internal/harnessobs/harnessobs_038_requireobserveoptions.go:3.55,7.96 1 1
github.com/fall_out_bug/sdp-trace/internal/harnessobs/harnessobs_038_requireobserveoptions.go:7.96,9.3 1 1
github.com/fall_out_bug/sdp-trace/internal/harnessobs/harnessobs_038_requireobserveoptions.go:11.2,11.94 1 1
github.com/fall_out_bug/sdp-trace/internal/harnessobs/harnessobs_038_requireobserveoptions.go:11.94,13.3 1 1
github.com/fall_out_bug/sdp-trace/internal/harnessobs/harnessobs_038_requireobserveoptions.go:14.2,14.87 1 1
github.com/fall_out_bug/sdp-trace/internal/harnessobs/harnessobs_038_requireobserveoptions.go:14.87,16.3 1 1
github.com/fall_out_bug/sdp-trace/internal/harnessobs/harnessobs_038_requireobserveoptions.go:17.2,17.12 1 1
github.com/fall_out_bug/sdp-trace/internal/harnessobs/harnessobs_039_resolveobservepaths.go:7.79,12.16 2 1
github.com/fall_out_bug/sdp-trace/internal/harnessobs/harnessobs_039_resolveobservepaths.go:12.16,14.3 1 0
github.com/fall_out_bug/sdp-trace/internal/harnessobs/harnessobs_039_resolveobservepaths.go:16.2,17.16 2 1
github.com/fall_out_bug/sdp-trace/internal/harnessobs/harnessobs_039_resolveobservepaths.go:17.16,19.3 1 0
github.com/fall_out_bug/sdp-trace/internal/harnessobs/harnessobs_039_resolveobservepaths.go:21.2,22.16 2 1
github.com/fall_out_bug/sdp-trace/internal/harnessobs/harnessobs_039_resolveobservepaths.go:22.16,24.3 1 1
github.com/fall_out_bug/sdp-trace/internal/harnessobs/harnessobs_039_resolveobservepaths.go:25.2,25.45 1 1
github.com/fall_out_bug/sdp-trace/internal/harnessobs/harnessobs_040_observationtime.go:7.47,11.18 1 1
github.com/fall_out_bug/sdp-trace/internal/harnessobs/harnessobs_040_observationtime.go:11.18,14.3 1 1
github.com/fall_out_bug/sdp-trace/internal/harnessobs/harnessobs_040_observationtime.go:15.2,15.12 1 1
github.com/fall_out_bug/sdp-trace/internal/harnessobs/harnessobs_041_loadobservationsource.go:3.94,8.16 2 1
github.com/fall_out_bug/sdp-trace/internal/harnessobs/harnessobs_041_loadobservationsource.go:8.16,10.3 1 0
github.com/fall_out_bug/sdp-trace/internal/harnessobs/harnessobs_041_loadobservationsource.go:12.2,13.16 2 1
github.com/fall_out_bug/sdp-trace/internal/harnessobs/harnessobs_041_loadobservationsource.go:13.16,15.3 1 1
github.com/fall_out_bug/sdp-trace/internal/harnessobs/harnessobs_041_loadobservationsource.go:16.2,16.43 1 1
github.com/fall_out_bug/sdp-trace/internal/harnessobs/harnessobs_042_writeobservationevents.go:7.66,11.31 1 1
github.com/fall_out_bug/sdp-trace/internal/harnessobs/harnessobs_042_writeobservationevents.go:11.31,14.48 2 1
github.com/fall_out_bug/sdp-trace/internal/harnessobs/harnessobs_042_writeobservationevents.go:14.48,16.4 1 0
github.com/fall_out_bug/sdp-trace/internal/harnessobs/harnessobs_042_writeobservationevents.go:18.2,18.12 1 1
github.com/fall_out_bug/sdp-trace/internal/harnessobs/harnessobs_043_newobservedrun.go:9.49,25.2 1 1
github.com/fall_out_bug/sdp-trace/internal/harnessobs/harnessobs_044_setupsession.go:3.65,8.16 2 1
github.com/fall_out_bug/sdp-trace/internal/harnessobs/harnessobs_044_setupsession.go:8.16,10.3 1 1
github.com/fall_out_bug/sdp-trace/internal/harnessobs/harnessobs_044_setupsession.go:12.2,13.16 2 1
github.com/fall_out_bug/sdp-trace/internal/harnessobs/harnessobs_044_setupsession.go:13.16,15.3 1 1
github.com/fall_out_bug/sdp-trace/internal/harnessobs/harnessobs_044_setupsession.go:16.2,16.17 1 1
github.com/fall_out_bug/sdp-trace/internal/harnessobs/harnessobs_045_validatesessionsetupoptions.go:3.84,9.16 2 1
github.com/fall_out_bug/sdp-trace/internal/harnessobs/harnessobs_045_validatesessionsetupoptions.go:9.16,11.3 1 1
github.com/fall_out_bug/sdp-trace/internal/harnessobs/harnessobs_045_validatesessionsetupoptions.go:12.2,13.16 2 1
github.com/fall_out_bug/sdp-trace/internal/harnessobs/harnessobs_045_validatesessionsetupoptions.go:13.16,15.3 1 1
github.com/fall_out_bug/sdp-trace/internal/harnessobs/harnessobs_045_validatesessionsetupoptions.go:16.2,16.33 1 1
github.com/fall_out_bug/sdp-trace/internal/harnessobs/harnessobs_046_normalizeopencoderawline.go:9.86,15.24 3 1
github.com/fall_out_bug/sdp-trace/internal/harnessobs/harnessobs_046_normalizeopencoderawline.go:15.24,18.3 1 0
github.com/fall_out_bug/sdp-trace/internal/harnessobs/harnessobs_046_normalizeopencoderawline.go:20.2,25.72 5 1
github.com/fall_out_bug/sdp-trace/internal/harnessobs/harnessobs_047_normalizedopencodeevents.go:3.94,8.33 2 1
github.com/fall_out_bug/sdp-trace/internal/harnessobs/harnessobs_047_normalizedopencodeevents.go:8.33,11.3 1 1
github.com/fall_out_bug/sdp-trace/internal/harnessobs/harnessobs_047_normalizedopencodeevents.go:12.2,12.15 1 1
github.com/fall_out_bug/sdp-trace/internal/harnessobs/harnessobs_048_normalizedopencodeevent.go:7.81,20.2 1 1
github.com/fall_out_bug/sdp-trace/internal/harnessobs/harnessobs_049_opencodefamilies.go:3.77,22.2 12 1
github.com/fall_out_bug/sdp-trace/internal/harnessobs/harnessobs_050_setfamily.go:3.72,4.14 1 1
github.com/fall_out_bug/sdp-trace/internal/harnessobs/harnessobs_050_setfamily.go:4.14,7.3 1 1
github.com/fall_out_bug/sdp-trace/internal/harnessobs/harnessobs_051_opencodeharnessfamily.go:3.51,6.2 1 1
github.com/fall_out_bug/sdp-trace/internal/harnessobs/harnessobs_052_opencodeinteractionfamily.go:3.75,11.2 1 1
github.com/fall_out_bug/sdp-trace/internal/harnessobs/harnessobs_053_opencodetoolfamily.go:3.68,11.2 1 1
github.com/fall_out_bug/sdp-trace/internal/harnessobs/harnessobs_054_opencodemutationfamily.go:3.72,11.2 1 1
github.com/fall_out_bug/sdp-trace/internal/harnessobs/harnessobs_055_opencodetestfamily.go:3.48,6.2 1 1
github.com/fall_out_bug/sdp-trace/internal/harnessobs/harnessobs_056_opencodephasefamily.go:3.69,11.2 1 1
github.com/fall_out_bug/sdp-trace/internal/harnessobs/harnessobs_057_sortedfamilies.go:7.56,12.31 2 1
github.com/fall_out_bug/sdp-trace/internal/harnessobs/harnessobs_057_sortedfamilies.go:12.31,14.3 1 1
github.com/fall_out_bug/sdp-trace/internal/harnessobs/harnessobs_057_sortedfamilies.go:16.2,17.16 2 1
github.com/fall_out_bug/sdp-trace/internal/harnessobs/harnessobs_058_opencodeobservedat.go:7.67,12.22 2 1
github.com/fall_out_bug/sdp-trace/internal/harnessobs/harnessobs_058_opencodeobservedat.go:12.22,15.3 1 1
github.com/fall_out_bug/sdp-trace/internal/harnessobs/harnessobs_058_opencodeobservedat.go:16.2,16.19 1 1
github.com/fall_out_bug/sdp-trace/internal/harnessobs/harnessobs_059_opencodeactor.go:3.47,7.80 1 1
github.com/fall_out_bug/sdp-trace/internal/harnessobs/harnessobs_059_opencodeactor.go:7.80,10.3 1 1
github.com/fall_out_bug/sdp-trace/internal/harnessobs/harnessobs_059_opencodeactor.go:11.2,11.66 1 1
github.com/fall_out_bug/sdp-trace/internal/harnessobs/harnessobs_059_opencodeactor.go:11.66,13.3 1 0
github.com/fall_out_bug/sdp-trace/internal/harnessobs/harnessobs_059_opencodeactor.go:14.2,14.19 1 1
github.com/fall_out_bug/sdp-trace/internal/harnessobs/harnessobs_060_sessioncommandfacts.go:7.54,11.38 1 1
github.com/fall_out_bug/sdp-trace/internal/harnessobs/harnessobs_060_sessioncommandfacts.go:11.38,14.3 1 1
github.com/fall_out_bug/sdp-trace/internal/harnessobs/harnessobs_060_sessioncommandfacts.go:15.2,17.16 3 1
github.com/fall_out_bug/sdp-trace/internal/harnessobs/harnessobs_060_sessioncommandfacts.go:17.16,19.3 1 0
github.com/fall_out_bug/sdp-trace/internal/harnessobs/harnessobs_060_sessioncommandfacts.go:21.2,23.23 2 1
github.com/fall_out_bug/sdp-trace/internal/harnessobs/harnessobs_061_hassessioncommandmodel.go:7.54,9.2 1 1
github.com/fall_out_bug/sdp-trace/internal/harnessobs/harnessobs_062_sessioncommandmodelevent.go:3.57,16.2 1 1
github.com/fall_out_bug/sdp-trace/internal/harnessobs/harnessobs_063_sessioncommandobservedat.go:7.58,12.22 2 1
github.com/fall_out_bug/sdp-trace/internal/harnessobs/harnessobs_063_sessioncommandobservedat.go:12.22,14.3 1 1
github.com/fall_out_bug/sdp-trace/internal/harnessobs/harnessobs_063_sessioncommandobservedat.go:15.2,15.64 1 1
github.com/fall_out_bug/sdp-trace/internal/harnessobs/harnessobs_063_sessioncommandobservedat.go:15.64,18.3 1 1
github.com/fall_out_bug/sdp-trace/internal/harnessobs/harnessobs_063_sessioncommandobservedat.go:19.2,19.19 1 1
github.com/fall_out_bug/sdp-trace/internal/harnessobs/harnessobs_064_normalizedevent.go:3.88,19.2 1 1
github.com/fall_out_bug/sdp-trace/internal/harnessobs/harnessobs_065_rawsignals.go:3.37,5.2 1 1
github.com/fall_out_bug/sdp-trace/internal/harnessobs/harnessobs_066_rawsignalsat.go:3.57,7.63 1 1
github.com/fall_out_bug/sdp-trace/internal/harnessobs/harnessobs_066_rawsignalsat.go:7.63,9.3 1 1
github.com/fall_out_bug/sdp-trace/internal/harnessobs/harnessobs_066_rawsignalsat.go:11.2,11.41 1 1
github.com/fall_out_bug/sdp-trace/internal/harnessobs/harnessobs_067_rawstructuredsignals.go:3.73,7.27 1 1
github.com/fall_out_bug/sdp-trace/internal/harnessobs/harnessobs_067_rawstructuredsignals.go:8.22,10.32 1 1
github.com/fall_out_bug/sdp-trace/internal/harnessobs/harnessobs_067_rawstructuredsignals.go:11.13,13.45 1 1
github.com/fall_out_bug/sdp-trace/internal/harnessobs/harnessobs_067_rawstructuredsignals.go:14.10,15.20 1 1
github.com/fall_out_bug/sdp-trace/internal/harnessobs/harnessobs_068_rawleafsignals.go:3.59,7.27 1 1
github.com/fall_out_bug/sdp-trace/internal/harnessobs/harnessobs_068_rawleafsignals.go:8.14,9.40 1 1
github.com/fall_out_bug/sdp-trace/internal/harnessobs/harnessobs_068_rawleafsignals.go:10.10,12.29 1 0
github.com/fall_out_bug/sdp-trace/internal/harnessobs/harnessobs_069_rawscalarsignals.go:9.43,11.2 1 0
github.com/fall_out_bug/sdp-trace/internal/harnessobs/harnessobs_070_rawstringsignals.go:7.57,11.34 1 1
github.com/fall_out_bug/sdp-trace/internal/harnessobs/harnessobs_070_rawstringsignals.go:11.34,14.3 1 1
github.com/fall_out_bug/sdp-trace/internal/harnessobs/harnessobs_070_rawstringsignals.go:15.2,15.12 1 1
github.com/fall_out_bug/sdp-trace/internal/harnessobs/harnessobs_071_rawmapsignals.go:7.52,12.33 2 1
github.com/fall_out_bug/sdp-trace/internal/harnessobs/harnessobs_071_rawmapsignals.go:12.33,16.3 2 1
github.com/fall_out_bug/sdp-trace/internal/harnessobs/harnessobs_071_rawmapsignals.go:17.2,17.14 1 1
github.com/fall_out_bug/sdp-trace/internal/harnessobs/harnessobs_072_rawslicesignals.go:3.63,8.31 2 1
github.com/fall_out_bug/sdp-trace/internal/harnessobs/harnessobs_072_rawslicesignals.go:8.31,11.3 1 1
github.com/fall_out_bug/sdp-trace/internal/harnessobs/harnessobs_072_rawslicesignals.go:12.2,12.14 1 1
github.com/fall_out_bug/sdp-trace/internal/harnessobs/harnessobs_073_rawsignalvaluekey.go:7.41,11.30 1 1
github.com/fall_out_bug/sdp-trace/internal/harnessobs/harnessobs_073_rawsignalvaluekey.go:12.144,14.14 1 1
github.com/fall_out_bug/sdp-trace/internal/harnessobs/harnessobs_073_rawsignalvaluekey.go:15.10,16.15 1 1
github.com/fall_out_bug/sdp-trace/internal/harnessobs/harnessobs_074_hassignal.go:7.57,12.31 2 1
github.com/fall_out_bug/sdp-trace/internal/harnessobs/harnessobs_074_hassignal.go:12.31,15.3 1 1
github.com/fall_out_bug/sdp-trace/internal/harnessobs/harnessobs_074_hassignal.go:17.2,17.33 1 1
github.com/fall_out_bug/sdp-trace/internal/harnessobs/harnessobs_074_hassignal.go:17.33,18.21 1 1
github.com/fall_out_bug/sdp-trace/internal/harnessobs/harnessobs_074_hassignal.go:18.21,20.4 1 1
github.com/fall_out_bug/sdp-trace/internal/harnessobs/harnessobs_074_hassignal.go:22.2,22.14 1 1
github.com/fall_out_bug/sdp-trace/internal/harnessobs/harnessobs_075_hassignalprefix.go:7.65,11.33 1 1
github.com/fall_out_bug/sdp-trace/internal/harnessobs/harnessobs_075_hassignalprefix.go:11.33,12.35 1 1
github.com/fall_out_bug/sdp-trace/internal/harnessobs/harnessobs_075_hassignalprefix.go:12.35,14.58 1 1
github.com/fall_out_bug/sdp-trace/internal/harnessobs/harnessobs_075_hassignalprefix.go:14.58,16.5 1 0
github.com/fall_out_bug/sdp-trace/internal/harnessobs/harnessobs_075_hassignalprefix.go:19.2,19.14 1 1
github.com/fall_out_bug/sdp-trace/internal/harnessobs/harnessobs_076_haskey.go:7.45,12.27 2 1
github.com/fall_out_bug/sdp-trace/internal/harnessobs/harnessobs_076_haskey.go:12.27,14.3 1 1
github.com/fall_out_bug/sdp-trace/internal/harnessobs/harnessobs_076_haskey.go:16.2,16.32 1 1
github.com/fall_out_bug/sdp-trace/internal/harnessobs/harnessobs_077_haskeyin.go:3.55,7.27 1 1
github.com/fall_out_bug/sdp-trace/internal/harnessobs/harnessobs_077_haskeyin.go:8.22,9.32 1 1
github.com/fall_out_bug/sdp-trace/internal/harnessobs/harnessobs_077_haskeyin.go:10.13,11.34 1 0
github.com/fall_out_bug/sdp-trace/internal/harnessobs/harnessobs_077_haskeyin.go:14.2,14.14 1 1
github.com/fall_out_bug/sdp-trace/internal/harnessobs/harnessobs_078_haskeyinmap.go:7.70,11.33 1 1
github.com/fall_out_bug/sdp-trace/internal/harnessobs/harnessobs_078_haskeyinmap.go:11.33,13.62 1 1
github.com/fall_out_bug/sdp-trace/internal/harnessobs/harnessobs_078_haskeyinmap.go:13.62,15.4 1 1
github.com/fall_out_bug/sdp-trace/internal/harnessobs/harnessobs_078_haskeyinmap.go:17.2,17.14 1 1
github.com/fall_out_bug/sdp-trace/internal/harnessobs/harnessobs_079_haskeyinslice.go:3.63,7.31 1 1
github.com/fall_out_bug/sdp-trace/internal/harnessobs/harnessobs_079_haskeyinslice.go:7.31,9.30 1 1
github.com/fall_out_bug/sdp-trace/internal/harnessobs/harnessobs_079_haskeyinslice.go:9.30,11.4 1 1
github.com/fall_out_bug/sdp-trace/internal/harnessobs/harnessobs_079_haskeyinslice.go:13.2,13.14 1 0
github.com/fall_out_bug/sdp-trace/internal/harnessobs/harnessobs_080_findstringbykey.go:7.56,12.27 2 1
github.com/fall_out_bug/sdp-trace/internal/harnessobs/harnessobs_080_findstringbykey.go:12.27,14.3 1 1
github.com/fall_out_bug/sdp-trace/internal/harnessobs/harnessobs_080_findstringbykey.go:16.2,16.41 1 1
github.com/fall_out_bug/sdp-trace/internal/harnessobs/harnessobs_081_findbykeyin_t_any.go:3.97,8.27 2 1
github.com/fall_out_bug/sdp-trace/internal/harnessobs/harnessobs_081_findbykeyin_t_any.go:9.22,10.42 1 1
github.com/fall_out_bug/sdp-trace/internal/harnessobs/harnessobs_081_findbykeyin_t_any.go:11.13,12.44 1 1
github.com/fall_out_bug/sdp-trace/internal/harnessobs/harnessobs_081_findbykeyin_t_any.go:15.2,15.20 1 1
github.com/fall_out_bug/sdp-trace/internal/harnessobs/harnessobs_082_findbykeyinmap_t_any.go:3.111,8.32 2 1
github.com/fall_out_bug/sdp-trace/internal/harnessobs/harnessobs_082_findbykeyinmap_t_any.go:8.32,10.65 1 1
github.com/fall_out_bug/sdp-trace/internal/harnessobs/harnessobs_082_findbykeyinmap_t_any.go:10.65,12.4 1 1
github.com/fall_out_bug/sdp-trace/internal/harnessobs/harnessobs_082_findbykeyinmap_t_any.go:13.3,13.57 1 1
github.com/fall_out_bug/sdp-trace/internal/harnessobs/harnessobs_082_findbykeyinmap_t_any.go:13.57,15.4 1 1
github.com/fall_out_bug/sdp-trace/internal/harnessobs/harnessobs_082_findbykeyinmap_t_any.go:17.2,17.20 1 1
github.com/fall_out_bug/sdp-trace/internal/harnessobs/harnessobs_083_matchwantedkey_t_any.go:7.112,12.35 2 1
github.com/fall_out_bug/sdp-trace/internal/harnessobs/harnessobs_083_matchwantedkey_t_any.go:12.35,15.3 1 1
github.com/fall_out_bug/sdp-trace/internal/harnessobs/harnessobs_083_matchwantedkey_t_any.go:16.2,16.21 1 1
github.com/fall_out_bug/sdp-trace/internal/harnessobs/harnessobs_084_findbykeyinslice_t_any.go:3.104,8.30 2 1
github.com/fall_out_bug/sdp-trace/internal/harnessobs/harnessobs_084_findbykeyinslice_t_any.go:8.30,10.57 1 1
github.com/fall_out_bug/sdp-trace/internal/harnessobs/harnessobs_084_findbykeyinslice_t_any.go:10.57,12.4 1 1
github.com/fall_out_bug/sdp-trace/internal/harnessobs/harnessobs_084_findbykeyinslice_t_any.go:14.2,14.20 1 0
github.com/fall_out_bug/sdp-trace/internal/harnessobs/harnessobs_085_findstringbykeyin.go:7.66,11.51 1 1
github.com/fall_out_bug/sdp-trace/internal/harnessobs/harnessobs_085_findstringbykeyin.go:11.51,14.3 2 1
github.com/fall_out_bug/sdp-trace/internal/harnessobs/harnessobs_085_findstringbykeyin.go:16.2,17.9 2 1
github.com/fall_out_bug/sdp-trace/internal/harnessobs/harnessobs_085_findstringbykeyin.go:17.9,19.3 1 1
github.com/fall_out_bug/sdp-trace/internal/harnessobs/harnessobs_085_findstringbykeyin.go:20.2,20.10 1 1
github.com/fall_out_bug/sdp-trace/internal/harnessobs/harnessobs_086_findtimestamp.go:3.47,7.81 1 1
github.com/fall_out_bug/sdp-trace/internal/harnessobs/harnessobs_086_findtimestamp.go:7.81,9.64 1 1
github.com/fall_out_bug/sdp-trace/internal/harnessobs/harnessobs_086_findtimestamp.go:9.64,11.4 1 1
github.com/fall_out_bug/sdp-trace/internal/harnessobs/harnessobs_086_findtimestamp.go:13.2,13.11 1 1
github.com/fall_out_bug/sdp-trace/internal/harnessobs/harnessobs_087_timestampforkey.go:3.61,7.69 1 1
github.com/fall_out_bug/sdp-trace/internal/harnessobs/harnessobs_087_timestampforkey.go:7.69,9.3 1 1
github.com/fall_out_bug/sdp-trace/internal/harnessobs/harnessobs_087_timestampforkey.go:11.2,11.48 1 1
github.com/fall_out_bug/sdp-trace/internal/harnessobs/harnessobs_087_timestampforkey.go:11.48,13.3 1 1
github.com/fall_out_bug/sdp-trace/internal/harnessobs/harnessobs_087_timestampforkey.go:14.2,14.11 1 1
github.com/fall_out_bug/sdp-trace/internal/harnessobs/harnessobs_088_stringtimestampforkey.go:7.67,12.17 2 1
github.com/fall_out_bug/sdp-trace/internal/harnessobs/harnessobs_088_stringtimestampforkey.go:12.17,14.3 1 1
github.com/fall_out_bug/sdp-trace/internal/harnessobs/harnessobs_088_stringtimestampforkey.go:15.2,16.16 2 1
github.com/fall_out_bug/sdp-trace/internal/harnessobs/harnessobs_088_stringtimestampforkey.go:16.16,19.3 1 0
github.com/fall_out_bug/sdp-trace/internal/harnessobs/harnessobs_088_stringtimestampforkey.go:20.2,20.42 1 1
github.com/fall_out_bug/sdp-trace/internal/harnessobs/harnessobs_089_findnumberbykey.go:7.65,12.27 2 1
github.com/fall_out_bug/sdp-trace/internal/harnessobs/harnessobs_089_findnumberbykey.go:12.27,14.3 1 1
github.com/fall_out_bug/sdp-trace/internal/harnessobs/harnessobs_089_findnumberbykey.go:16.2,16.41 1 1
github.com/fall_out_bug/sdp-trace/internal/harnessobs/harnessobs_090_findnumberbykeyin.go:3.75,7.49 1 1
github.com/fall_out_bug/sdp-trace/internal/harnessobs/harnessobs_090_findnumberbykeyin.go:7.49,8.28 1 1
github.com/fall_out_bug/sdp-trace/internal/harnessobs/harnessobs_090_findnumberbykeyin.go:9.16,11.18 1 1
github.com/fall_out_bug/sdp-trace/internal/harnessobs/harnessobs_090_findnumberbykeyin.go:12.12,13.27 1 1
github.com/fall_out_bug/sdp-trace/internal/harnessobs/harnessobs_090_findnumberbykeyin.go:14.11,15.19 1 1
github.com/fall_out_bug/sdp-trace/internal/harnessobs/harnessobs_090_findnumberbykeyin.go:19.2,19.48 1 1
github.com/fall_out_bug/sdp-trace/internal/harnessobs/harnessobs_091_unixmillistimestamp.go:7.48,11.42 1 1
github.com/fall_out_bug/sdp-trace/internal/harnessobs/harnessobs_091_unixmillistimestamp.go:11.42,14.3 1 1
github.com/fall_out_bug/sdp-trace/internal/harnessobs/harnessobs_091_unixmillistimestamp.go:15.2,15.31 1 1
github.com/fall_out_bug/sdp-trace/internal/harnessobs/harnessobs_091_unixmillistimestamp.go:15.31,17.3 1 1
github.com/fall_out_bug/sdp-trace/internal/harnessobs/harnessobs_091_unixmillistimestamp.go:18.2,18.62 1 1
github.com/fall_out_bug/sdp-trace/internal/harnessobs/harnessobs_092_nativemutationtool.go:7.50,12.14 2 1
github.com/fall_out_bug/sdp-trace/internal/harnessobs/harnessobs_092_nativemutationtool.go:13.67,15.14 1 1
github.com/fall_out_bug/sdp-trace/internal/harnessobs/harnessobs_092_nativemutationtool.go:16.10,17.15 1 1
github.com/fall_out_bug/sdp-trace/internal/harnessobs/harnessobs_093_safetoken.go:7.37,12.26 2 1
github.com/fall_out_bug/sdp-trace/internal/harnessobs/harnessobs_093_safetoken.go:12.26,14.21 2 1
github.com/fall_out_bug/sdp-trace/internal/harnessobs/harnessobs_093_safetoken.go:14.21,16.9 1 0
github.com/fall_out_bug/sdp-trace/internal/harnessobs/harnessobs_093_safetoken.go:19.2,20.17 2 1
github.com/fall_out_bug/sdp-trace/internal/harnessobs/harnessobs_093_safetoken.go:20.17,23.3 1 1
github.com/fall_out_bug/sdp-trace/internal/harnessobs/harnessobs_093_safetoken.go:24.2,24.14 1 1
github.com/fall_out_bug/sdp-trace/internal/harnessobs/harnessobs_094_writesafetokenrune.go:7.53,11.22 1 1
github.com/fall_out_bug/sdp-trace/internal/harnessobs/harnessobs_094_writesafetokenrune.go:11.22,14.3 2 1
github.com/fall_out_bug/sdp-trace/internal/harnessobs/harnessobs_094_writesafetokenrune.go:16.2,16.18 1 1
github.com/fall_out_bug/sdp-trace/internal/harnessobs/harnessobs_095_safetokenrune.go:7.33,9.2 1 1
github.com/fall_out_bug/sdp-trace/internal/harnessobs/harnessobs_096_loadrun.go:7.48,12.71 2 1
github.com/fall_out_bug/sdp-trace/internal/harnessobs/harnessobs_096_loadrun.go:12.71,14.3 1 1
github.com/fall_out_bug/sdp-trace/internal/harnessobs/harnessobs_096_loadrun.go:16.2,16.47 1 1
github.com/fall_out_bug/sdp-trace/internal/harnessobs/harnessobs_096_loadrun.go:16.47,18.3 1 0
github.com/fall_out_bug/sdp-trace/internal/harnessobs/harnessobs_096_loadrun.go:20.2,21.16 2 1
github.com/fall_out_bug/sdp-trace/internal/harnessobs/harnessobs_096_loadrun.go:21.16,23.3 1 1
github.com/fall_out_bug/sdp-trace/internal/harnessobs/harnessobs_096_loadrun.go:24.2,24.25 1 1
github.com/fall_out_bug/sdp-trace/internal/harnessobs/harnessobs_097_readjson.go:9.46,15.16 2 1
github.com/fall_out_bug/sdp-trace/internal/harnessobs/harnessobs_097_readjson.go:15.16,17.3 1 1
github.com/fall_out_bug/sdp-trace/internal/harnessobs/harnessobs_097_readjson.go:18.2,18.37 1 1
github.com/fall_out_bug/sdp-trace/internal/harnessobs/harnessobs_098_validateloadedrun.go:7.39,11.43 1 1
github.com/fall_out_bug/sdp-trace/internal/harnessobs/harnessobs_098_validateloadedrun.go:11.43,14.3 1 0
github.com/fall_out_bug/sdp-trace/internal/harnessobs/harnessobs_098_validateloadedrun.go:15.2,15.12 1 1
github.com/fall_out_bug/sdp-trace/internal/harnessobs/harnessobs_099_loadrunevents.go:3.64,8.27 2 1
github.com/fall_out_bug/sdp-trace/internal/harnessobs/harnessobs_099_loadrunevents.go:8.27,11.17 2 1
github.com/fall_out_bug/sdp-trace/internal/harnessobs/harnessobs_099_loadrunevents.go:11.17,13.4 1 1
github.com/fall_out_bug/sdp-trace/internal/harnessobs/harnessobs_099_loadrunevents.go:14.3,14.33 1 1
github.com/fall_out_bug/sdp-trace/internal/harnessobs/harnessobs_099_loadrunevents.go:16.2,16.20 1 1
github.com/fall_out_bug/sdp-trace/internal/harnessobs/harnessobs_100_loadrunevent.go:12.51,16.24 1 1
github.com/fall_out_bug/sdp-trace/internal/harnessobs/harnessobs_100_loadrunevent.go:16.24,19.3 1 1
github.com/fall_out_bug/sdp-trace/internal/harnessobs/harnessobs_100_loadrunevent.go:21.2,22.16 2 1
github.com/fall_out_bug/sdp-trace/internal/harnessobs/harnessobs_100_loadrunevent.go:22.16,24.3 1 0
github.com/fall_out_bug/sdp-trace/internal/harnessobs/harnessobs_100_loadrunevent.go:25.2,26.53 2 1
github.com/fall_out_bug/sdp-trace/internal/harnessobs/harnessobs_100_loadrunevent.go:26.53,28.3 1 0
github.com/fall_out_bug/sdp-trace/internal/harnessobs/harnessobs_100_loadrunevent.go:30.2,30.19 1 1
github.com/fall_out_bug/sdp-trace/internal/harnessobs/harnessobs_101_summarize.go:9.46,20.44 7 1
github.com/fall_out_bug/sdp-trace/internal/harnessobs/harnessobs_101_summarize.go:20.44,22.3 1 1
github.com/fall_out_bug/sdp-trace/internal/harnessobs/harnessobs_101_summarize.go:23.2,24.19 2 1
github.com/fall_out_bug/sdp-trace/internal/harnessobs/harnessobs_102_writesummarydimension.go:9.63,14.18 2 1
github.com/fall_out_bug/sdp-trace/internal/harnessobs/harnessobs_102_writesummarydimension.go:14.18,17.3 1 1
github.com/fall_out_bug/sdp-trace/internal/harnessobs/harnessobs_102_writesummarydimension.go:19.2,19.116 1 1
github.com/fall_out_bug/sdp-trace/internal/harnessobs/harnessobs_103_loadvalidation.go:7.54,12.60 2 1
github.com/fall_out_bug/sdp-trace/internal/harnessobs/harnessobs_103_loadvalidation.go:12.60,14.3 1 1
github.com/fall_out_bug/sdp-trace/internal/harnessobs/harnessobs_103_loadvalidation.go:16.2,16.57 1 1
github.com/fall_out_bug/sdp-trace/internal/harnessobs/harnessobs_103_loadvalidation.go:16.57,18.3 1 1
github.com/fall_out_bug/sdp-trace/internal/harnessobs/harnessobs_103_loadvalidation.go:19.2,19.24 1 0
github.com/fall_out_bug/sdp-trace/internal/harnessobs/harnessobs_104_validateprofile.go:3.45,7.57 1 1
github.com/fall_out_bug/sdp-trace/internal/harnessobs/harnessobs_104_validateprofile.go:7.57,9.3 1 1
github.com/fall_out_bug/sdp-trace/internal/harnessobs/harnessobs_104_validateprofile.go:11.2,11.115 1 1
github.com/fall_out_bug/sdp-trace/internal/harnessobs/harnessobs_104_validateprofile.go:11.115,13.3 1 1
github.com/fall_out_bug/sdp-trace/internal/harnessobs/harnessobs_104_validateprofile.go:14.2,14.66 1 1
github.com/fall_out_bug/sdp-trace/internal/harnessobs/harnessobs_105_validateprofilemetadata.go:7.53,11.57 1 1
github.com/fall_out_bug/sdp-trace/internal/harnessobs/harnessobs_105_validateprofilemetadata.go:11.57,13.3 1 1
github.com/fall_out_bug/sdp-trace/internal/harnessobs/harnessobs_105_validateprofilemetadata.go:14.2,14.54 1 1
github.com/fall_out_bug/sdp-trace/internal/harnessobs/harnessobs_105_validateprofilemetadata.go:14.54,16.3 1 1
github.com/fall_out_bug/sdp-trace/internal/harnessobs/harnessobs_105_validateprofilemetadata.go:18.2,18.45 1 1
github.com/fall_out_bug/sdp-trace/internal/harnessobs/harnessobs_105_validateprofilemetadata.go:18.45,20.3 1 1
github.com/fall_out_bug/sdp-trace/internal/harnessobs/harnessobs_105_validateprofilemetadata.go:21.2,21.12 1 1
github.com/fall_out_bug/sdp-trace/internal/harnessobs/harnessobs_106_validateprofileidentity.go:8.53,12.51 1 1
github.com/fall_out_bug/sdp-trace/internal/harnessobs/harnessobs_106_validateprofileidentity.go:12.51,14.3 1 1
github.com/fall_out_bug/sdp-trace/internal/harnessobs/harnessobs_106_validateprofileidentity.go:16.2,16.51 1 1
github.com/fall_out_bug/sdp-trace/internal/harnessobs/harnessobs_106_validateprofileidentity.go:16.51,18.3 1 1
github.com/fall_out_bug/sdp-trace/internal/harnessobs/harnessobs_106_validateprofileidentity.go:20.2,20.55 1 1
github.com/fall_out_bug/sdp-trace/internal/harnessobs/harnessobs_106_validateprofileidentity.go:20.55,22.3 1 1
github.com/fall_out_bug/sdp-trace/internal/harnessobs/harnessobs_106_validateprofileidentity.go:23.2,23.12 1 1
github.com/fall_out_bug/sdp-trace/internal/harnessobs/harnessobs_107_validateprofileeventfamilies.go:3.105,7.66 1 1
github.com/fall_out_bug/sdp-trace/internal/harnessobs/harnessobs_107_validateprofileeventfamilies.go:7.66,9.3 1 1
github.com/fall_out_bug/sdp-trace/internal/harnessobs/harnessobs_107_validateprofileeventfamilies.go:11.2,11.50 1 1
github.com/fall_out_bug/sdp-trace/internal/harnessobs/harnessobs_108_validatefamilylist.go:7.50,11.34 1 1
github.com/fall_out_bug/sdp-trace/internal/harnessobs/harnessobs_108_validatefamilylist.go:11.34,13.27 1 1
github.com/fall_out_bug/sdp-trace/internal/harnessobs/harnessobs_108_validatefamilylist.go:13.27,15.4 1 1
github.com/fall_out_bug/sdp-trace/internal/harnessobs/harnessobs_108_validatefamilylist.go:17.2,17.12 1 1
github.com/fall_out_bug/sdp-trace/internal/harnessobs/harnessobs_109_validateprofiledegradationrules.go:7.67,11.31 1 1
github.com/fall_out_bug/sdp-trace/internal/harnessobs/harnessobs_109_validateprofiledegradationrules.go:11.31,13.25 1 1
github.com/fall_out_bug/sdp-trace/internal/harnessobs/harnessobs_109_validateprofiledegradationrules.go:13.25,15.4 1 1
github.com/fall_out_bug/sdp-trace/internal/harnessobs/harnessobs_109_validateprofiledegradationrules.go:16.3,16.34 1 1
github.com/fall_out_bug/sdp-trace/internal/harnessobs/harnessobs_109_validateprofiledegradationrules.go:16.34,18.4 1 1
github.com/fall_out_bug/sdp-trace/internal/harnessobs/harnessobs_109_validateprofiledegradationrules.go:20.2,20.12 1 1
github.com/fall_out_bug/sdp-trace/internal/harnessobs/harnessobs_110_validdegradationrule.go:3.43,5.2 1 1
github.com/fall_out_bug/sdp-trace/internal/harnessobs/harnessobs_111_readevents.go:7.78,12.16 2 1
github.com/fall_out_bug/sdp-trace/internal/harnessobs/harnessobs_111_readevents.go:12.16,14.3 1 0
github.com/fall_out_bug/sdp-trace/internal/harnessobs/harnessobs_111_readevents.go:15.2,18.54 3 1
github.com/fall_out_bug/sdp-trace/internal/harnessobs/harnessobs_112_scanevents.go:10.99,21.2 6 1
github.com/fall_out_bug/sdp-trace/internal/harnessobs/harnessobs_113_scaneventlines.go:9.148,13.21 1 1
github.com/fall_out_bug/sdp-trace/internal/harnessobs/harnessobs_113_scaneventlines.go:13.21,18.17 4 1
github.com/fall_out_bug/sdp-trace/internal/harnessobs/harnessobs_113_scaneventlines.go:18.17,20.4 1 1
github.com/fall_out_bug/sdp-trace/internal/harnessobs/harnessobs_113_scaneventlines.go:21.3,21.49 1 1
github.com/fall_out_bug/sdp-trace/internal/harnessobs/harnessobs_113_scaneventlines.go:23.2,23.57 1 1
github.com/fall_out_bug/sdp-trace/internal/harnessobs/harnessobs_114_appendscannedevent.go:3.71,7.8 1 1
github.com/fall_out_bug/sdp-trace/internal/harnessobs/harnessobs_114_appendscannedevent.go:7.8,10.3 1 1
github.com/fall_out_bug/sdp-trace/internal/harnessobs/harnessobs_114_appendscannedevent.go:11.2,11.15 1 0
github.com/fall_out_bug/sdp-trace/internal/harnessobs/harnessobs_115_scannedevents.go:9.98,13.20 1 1
github.com/fall_out_bug/sdp-trace/internal/harnessobs/harnessobs_115_scannedevents.go:13.20,15.3 1 0
github.com/fall_out_bug/sdp-trace/internal/harnessobs/harnessobs_115_scannedevents.go:17.2,17.61 1 1
github.com/fall_out_bug/sdp-trace/internal/harnessobs/harnessobs_116_readeventline.go:9.128,13.50 1 1
github.com/fall_out_bug/sdp-trace/internal/harnessobs/harnessobs_116_readeventline.go:13.50,15.3 1 0
github.com/fall_out_bug/sdp-trace/internal/harnessobs/harnessobs_116_readeventline.go:16.2,16.26 1 1
github.com/fall_out_bug/sdp-trace/internal/harnessobs/harnessobs_116_readeventline.go:16.26,19.3 1 0
github.com/fall_out_bug/sdp-trace/internal/harnessobs/harnessobs_116_readeventline.go:20.2,20.29 1 1
github.com/fall_out_bug/sdp-trace/internal/harnessobs/harnessobs_116_readeventline.go:20.29,23.3 1 0
github.com/fall_out_bug/sdp-trace/internal/harnessobs/harnessobs_116_readeventline.go:24.2,25.31 2 1
github.com/fall_out_bug/sdp-trace/internal/harnessobs/harnessobs_117_effectiveeventlimits.go:3.53,8.18 2 1
github.com/fall_out_bug/sdp-trace/internal/harnessobs/harnessobs_117_effectiveeventlimits.go:8.18,10.3 1 1
github.com/fall_out_bug/sdp-trace/internal/harnessobs/harnessobs_117_effectiveeventlimits.go:11.2,12.20 2 1
github.com/fall_out_bug/sdp-trace/internal/harnessobs/harnessobs_117_effectiveeventlimits.go:12.20,15.3 1 1
github.com/fall_out_bug/sdp-trace/internal/harnessobs/harnessobs_117_effectiveeventlimits.go:16.2,16.27 1 1
github.com/fall_out_bug/sdp-trace/internal/harnessobs/harnessobs_118_parseevent.go:3.74,8.16 2 1
github.com/fall_out_bug/sdp-trace/internal/harnessobs/harnessobs_118_parseevent.go:8.16,10.3 1 1
github.com/fall_out_bug/sdp-trace/internal/harnessobs/harnessobs_118_parseevent.go:12.2,12.65 1 1
github.com/fall_out_bug/sdp-trace/internal/harnessobs/harnessobs_119_decodesafeeventline.go:3.66,8.16 2 1
github.com/fall_out_bug/sdp-trace/internal/harnessobs/harnessobs_119_decodesafeeventline.go:8.16,10.3 1 0
github.com/fall_out_bug/sdp-trace/internal/harnessobs/harnessobs_119_decodesafeeventline.go:12.2,12.55 1 1
github.com/fall_out_bug/sdp-trace/internal/harnessobs/harnessobs_119_decodesafeeventline.go:12.55,14.3 1 1
github.com/fall_out_bug/sdp-trace/internal/harnessobs/harnessobs_119_decodesafeeventline.go:15.2,15.38 1 1
github.com/fall_out_bug/sdp-trace/internal/harnessobs/harnessobs_120_decoderaweventline.go:9.74,14.51 2 1
github.com/fall_out_bug/sdp-trace/internal/harnessobs/harnessobs_120_decoderaweventline.go:14.51,17.3 1 0
github.com/fall_out_bug/sdp-trace/internal/harnessobs/harnessobs_120_decoderaweventline.go:18.2,18.17 1 1
github.com/fall_out_bug/sdp-trace/internal/harnessobs/harnessobs_121_decodeeventline.go:9.62,14.53 2 1
github.com/fall_out_bug/sdp-trace/internal/harnessobs/harnessobs_121_decodeeventline.go:14.53,17.3 1 0
github.com/fall_out_bug/sdp-trace/internal/harnessobs/harnessobs_121_decodeeventline.go:18.2,18.19 1 1
github.com/fall_out_bug/sdp-trace/internal/harnessobs/harnessobs_122_rejectunsafeevent.go:7.62,11.63 1 1
github.com/fall_out_bug/sdp-trace/internal/harnessobs/harnessobs_122_rejectunsafeevent.go:11.63,14.3 1 1
github.com/fall_out_bug/sdp-trace/internal/harnessobs/harnessobs_122_rejectunsafeevent.go:15.2,15.12 1 1
github.com/fall_out_bug/sdp-trace/internal/harnessobs/harnessobs_123_validateparsedevent.go:7.87,12.36 2 1
github.com/fall_out_bug/sdp-trace/internal/harnessobs/harnessobs_123_validateparsedevent.go:12.36,14.3 1 1
github.com/fall_out_bug/sdp-trace/internal/harnessobs/harnessobs_123_validateparsedevent.go:16.2,16.54 1 1
github.com/fall_out_bug/sdp-trace/internal/harnessobs/harnessobs_123_validateparsedevent.go:16.54,18.3 1 1
github.com/fall_out_bug/sdp-trace/internal/harnessobs/harnessobs_123_validateparsedevent.go:19.2,19.12 1 1
github.com/fall_out_bug/sdp-trace/internal/harnessobs/harnessobs_124_validateevent.go:3.56,7.62 1 1
github.com/fall_out_bug/sdp-trace/internal/harnessobs/harnessobs_124_validateevent.go:7.62,9.3 1 1
github.com/fall_out_bug/sdp-trace/internal/harnessobs/harnessobs_124_validateevent.go:11.2,11.49 1 1
github.com/fall_out_bug/sdp-trace/internal/harnessobs/harnessobs_124_validateevent.go:11.49,13.3 1 1
github.com/fall_out_bug/sdp-trace/internal/harnessobs/harnessobs_124_validateevent.go:14.2,14.52 1 1
github.com/fall_out_bug/sdp-trace/internal/harnessobs/harnessobs_124_validateevent.go:14.52,16.3 1 1
github.com/fall_out_bug/sdp-trace/internal/harnessobs/harnessobs_124_validateevent.go:17.2,17.59 1 1
github.com/fall_out_bug/sdp-trace/internal/harnessobs/harnessobs_125_validateeventidentity.go:7.64,11.60 1 1
github.com/fall_out_bug/sdp-trace/internal/harnessobs/harnessobs_125_validateeventidentity.go:11.60,13.16 1 1
github.com/fall_out_bug/sdp-trace/internal/harnessobs/harnessobs_125_validateeventidentity.go:13.16,15.4 1 1
github.com/fall_out_bug/sdp-trace/internal/harnessobs/harnessobs_125_validateeventidentity.go:17.2,17.45 1 1
github.com/fall_out_bug/sdp-trace/internal/harnessobs/harnessobs_126_eventidentitychecks.go:3.72,14.2 1 1
github.com/fall_out_bug/sdp-trace/internal/harnessobs/harnessobs_127_validateobservedat.go:9.45,13.17 1 1
github.com/fall_out_bug/sdp-trace/internal/harnessobs/harnessobs_127_validateobservedat.go:13.17,16.3 1 0
github.com/fall_out_bug/sdp-trace/internal/harnessobs/harnessobs_127_validateobservedat.go:17.2,17.59 1 1
github.com/fall_out_bug/sdp-trace/internal/harnessobs/harnessobs_127_validateobservedat.go:17.59,19.3 1 1
github.com/fall_out_bug/sdp-trace/internal/harnessobs/harnessobs_127_validateobservedat.go:20.2,20.12 1 1
github.com/fall_out_bug/sdp-trace/internal/harnessobs/harnessobs_128_validateeventrefs.go:7.43,11.46 1 1
github.com/fall_out_bug/sdp-trace/internal/harnessobs/harnessobs_128_validateeventrefs.go:11.46,13.16 1 1
github.com/fall_out_bug/sdp-trace/internal/harnessobs/harnessobs_128_validateeventrefs.go:13.16,15.4 1 1
github.com/fall_out_bug/sdp-trace/internal/harnessobs/harnessobs_128_validateeventrefs.go:17.2,17.12 1 1
github.com/fall_out_bug/sdp-trace/internal/harnessobs/harnessobs_129_eventrefchecks.go:3.50,15.2 1 1
github.com/fall_out_bug/sdp-trace/internal/harnessobs/harnessobs_130_validateeventcontent.go:7.46,11.44 1 1
github.com/fall_out_bug/sdp-trace/internal/harnessobs/harnessobs_130_validateeventcontent.go:11.44,14.3 1 1
github.com/fall_out_bug/sdp-trace/internal/harnessobs/harnessobs_130_validateeventcontent.go:15.2,15.12 1 1
github.com/fall_out_bug/sdp-trace/internal/harnessobs/harnessobs_131_validateunavailablefields.go:7.65,11.31 1 1
github.com/fall_out_bug/sdp-trace/internal/harnessobs/harnessobs_131_validateunavailablefields.go:11.31,13.36 1 1
github.com/fall_out_bug/sdp-trace/internal/harnessobs/harnessobs_131_validateunavailablefields.go:13.36,15.4 1 1
github.com/fall_out_bug/sdp-trace/internal/harnessobs/harnessobs_131_validateunavailablefields.go:17.2,17.12 1 1
github.com/fall_out_bug/sdp-trace/internal/harnessobs/harnessobs_132_validunavailablefield.go:3.57,11.2 1 1
github.com/fall_out_bug/sdp-trace/internal/harnessobs/harnessobs_133_evaluate.go:3.68,9.58 3 1
github.com/fall_out_bug/sdp-trace/internal/harnessobs/harnessobs_133_evaluate.go:9.58,12.3 1 0
github.com/fall_out_bug/sdp-trace/internal/harnessobs/harnessobs_133_evaluate.go:13.2,13.82 1 1
github.com/fall_out_bug/sdp-trace/internal/harnessobs/harnessobs_134_validationfromevaluation.go:3.121,23.2 3 1
github.com/fall_out_bug/sdp-trace/internal/harnessobs/harnessobs_135_evaluationdimensions.go:3.72,13.2 5 1
github.com/fall_out_bug/sdp-trace/internal/harnessobs/harnessobs_136_eventfamilycounts.go:3.55,8.31 2 1
github.com/fall_out_bug/sdp-trace/internal/harnessobs/harnessobs_136_eventfamilycounts.go:8.31,11.3 1 1
github.com/fall_out_bug/sdp-trace/internal/harnessobs/harnessobs_136_eventfamilycounts.go:12.2,12.15 1 1
github.com/fall_out_bug/sdp-trace/internal/harnessobs/harnessobs_137_requireddimensions.go:3.98,9.34 3 1
github.com/fall_out_bug/sdp-trace/internal/harnessobs/harnessobs_137_requireddimensions.go:9.34,13.3 2 1
github.com/fall_out_bug/sdp-trace/internal/harnessobs/harnessobs_137_requireddimensions.go:14.2,14.29 1 1
github.com/fall_out_bug/sdp-trace/internal/harnessobs/harnessobs_138_optionaldimensions.go:3.105,8.34 2 1
github.com/fall_out_bug/sdp-trace/internal/harnessobs/harnessobs_138_optionaldimensions.go:8.34,9.24 1 1
github.com/fall_out_bug/sdp-trace/internal/harnessobs/harnessobs_138_optionaldimensions.go:9.24,12.4 1 1
github.com/fall_out_bug/sdp-trace/internal/harnessobs/harnessobs_138_optionaldimensions.go:14.2,14.19 1 1
github.com/fall_out_bug/sdp-trace/internal/harnessobs/harnessobs_139_sortdimensions.go:7.45,12.45 1 1
github.com/fall_out_bug/sdp-trace/internal/harnessobs/harnessobs_139_sortdimensions.go:12.45,13.55 1 1
github.com/fall_out_bug/sdp-trace/internal/harnessobs/harnessobs_139_sortdimensions.go:13.55,15.4 1 1
github.com/fall_out_bug/sdp-trace/internal/harnessobs/harnessobs_139_sortdimensions.go:16.3,16.53 1 1
github.com/fall_out_bug/sdp-trace/internal/harnessobs/harnessobs_140_dimension.go:3.67,7.15 1 1
github.com/fall_out_bug/sdp-trace/internal/harnessobs/harnessobs_140_dimension.go:7.15,9.3 1 1
github.com/fall_out_bug/sdp-trace/internal/harnessobs/harnessobs_140_dimension.go:11.2,12.14 2 1
github.com/fall_out_bug/sdp-trace/internal/harnessobs/harnessobs_140_dimension.go:12.14,14.3 1 1
github.com/fall_out_bug/sdp-trace/internal/harnessobs/harnessobs_140_dimension.go:15.2,15.99 1 1
github.com/fall_out_bug/sdp-trace/internal/harnessobs/harnessobs_141_compose.go:3.55,9.33 3 1
github.com/fall_out_bug/sdp-trace/internal/harnessobs/harnessobs_141_compose.go:9.33,10.20 1 1
github.com/fall_out_bug/sdp-trace/internal/harnessobs/harnessobs_141_compose.go:10.20,12.12 1 1
github.com/fall_out_bug/sdp-trace/internal/harnessobs/harnessobs_141_compose.go:15.3,15.36 1 1
github.com/fall_out_bug/sdp-trace/internal/harnessobs/harnessobs_141_compose.go:15.36,18.4 2 1
github.com/fall_out_bug/sdp-trace/internal/harnessobs/harnessobs_141_compose.go:20.2,20.22 1 1
github.com/fall_out_bug/sdp-trace/internal/harnessobs/harnessobs_142_rank.go:3.29,6.2 1 1
github.com/fall_out_bug/sdp-trace/internal/harnessobs/harnessobs_143_safeexistingfile.go:3.52,13.2 1 1
github.com/fall_out_bug/sdp-trace/internal/harnessobs/harnessobs_144_safeexistingdir.go:3.51,13.2 1 1
github.com/fall_out_bug/sdp-trace/internal/harnessobs/harnessobs_145_safeexistingpath.go:3.75,9.16 2 1
github.com/fall_out_bug/sdp-trace/internal/harnessobs/harnessobs_145_safeexistingpath.go:9.16,11.3 1 1
github.com/fall_out_bug/sdp-trace/internal/harnessobs/harnessobs_145_safeexistingpath.go:13.2,14.16 2 1
github.com/fall_out_bug/sdp-trace/internal/harnessobs/harnessobs_145_safeexistingpath.go:14.16,16.3 1 1
github.com/fall_out_bug/sdp-trace/internal/harnessobs/harnessobs_145_safeexistingpath.go:17.2,18.16 2 1
github.com/fall_out_bug/sdp-trace/internal/harnessobs/harnessobs_145_safeexistingpath.go:18.16,20.3 1 1
github.com/fall_out_bug/sdp-trace/internal/harnessobs/harnessobs_145_safeexistingpath.go:21.2,21.47 1 1
github.com/fall_out_bug/sdp-trace/internal/harnessobs/harnessobs_146_resolveexistingabsolutepath.go:7.63,12.16 2 1
github.com/fall_out_bug/sdp-trace/internal/harnessobs/harnessobs_146_resolveexistingabsolutepath.go:12.16,14.3 1 1
github.com/fall_out_bug/sdp-trace/internal/harnessobs/harnessobs_146_resolveexistingabsolutepath.go:16.2,16.31 1 1
github.com/fall_out_bug/sdp-trace/internal/harnessobs/harnessobs_147_sanitizeexistingpath.go:11.72,15.91 1 1
github.com/fall_out_bug/sdp-trace/internal/harnessobs/harnessobs_147_sanitizeexistingpath.go:15.91,17.3 1 1
github.com/fall_out_bug/sdp-trace/internal/harnessobs/harnessobs_147_sanitizeexistingpath.go:19.2,19.34 1 1
github.com/fall_out_bug/sdp-trace/internal/harnessobs/harnessobs_148_relativeworkingdirectorypath.go:7.63,12.16 2 1
github.com/fall_out_bug/sdp-trace/internal/harnessobs/harnessobs_148_relativeworkingdirectorypath.go:12.16,14.3 1 0
github.com/fall_out_bug/sdp-trace/internal/harnessobs/harnessobs_148_relativeworkingdirectorypath.go:15.2,15.38 1 1
github.com/fall_out_bug/sdp-trace/internal/harnessobs/harnessobs_148_relativeworkingdirectorypath.go:15.38,18.3 1 1
github.com/fall_out_bug/sdp-trace/internal/harnessobs/harnessobs_148_relativeworkingdirectorypath.go:19.2,19.17 1 1
github.com/fall_out_bug/sdp-trace/internal/harnessobs/harnessobs_149_ensureexpectedpathtype.go:9.71,14.16 2 1
github.com/fall_out_bug/sdp-trace/internal/harnessobs/harnessobs_149_ensureexpectedpathtype.go:14.16,16.3 1 0
github.com/fall_out_bug/sdp-trace/internal/harnessobs/harnessobs_149_ensureexpectedpathtype.go:17.2,17.37 1 1
github.com/fall_out_bug/sdp-trace/internal/harnessobs/harnessobs_149_ensureexpectedpathtype.go:17.37,19.3 1 1
github.com/fall_out_bug/sdp-trace/internal/harnessobs/harnessobs_149_ensureexpectedpathtype.go:21.2,21.35 1 1
github.com/fall_out_bug/sdp-trace/internal/harnessobs/harnessobs_150_safeoutfile.go:9.47,13.28 1 1
github.com/fall_out_bug/sdp-trace/internal/harnessobs/harnessobs_150_safeoutfile.go:13.28,15.3 1 1
github.com/fall_out_bug/sdp-trace/internal/harnessobs/harnessobs_150_safeoutfile.go:17.2,18.16 2 1
github.com/fall_out_bug/sdp-trace/internal/harnessobs/harnessobs_150_safeoutfile.go:18.16,20.3 1 0
github.com/fall_out_bug/sdp-trace/internal/harnessobs/harnessobs_150_safeoutfile.go:21.2,22.31 2 1
github.com/fall_out_bug/sdp-trace/internal/harnessobs/harnessobs_150_safeoutfile.go:22.31,24.3 1 0
github.com/fall_out_bug/sdp-trace/internal/harnessobs/harnessobs_150_safeoutfile.go:26.2,26.41 1 1
github.com/fall_out_bug/sdp-trace/internal/harnessobs/harnessobs_151_unsafeoutputpath.go:9.41,11.2 1 1
github.com/fall_out_bug/sdp-trace/internal/harnessobs/harnessobs_152_safeoutputbasename.go:9.43,16.2 2 1
github.com/fall_out_bug/sdp-trace/internal/harnessobs/harnessobs_153_safeparentdir.go:3.49,9.16 2 1
github.com/fall_out_bug/sdp-trace/internal/harnessobs/harnessobs_153_safeparentdir.go:9.16,11.3 1 1
github.com/fall_out_bug/sdp-trace/internal/harnessobs/harnessobs_153_safeparentdir.go:13.2,14.16 2 1
github.com/fall_out_bug/sdp-trace/internal/harnessobs/harnessobs_153_safeparentdir.go:14.16,16.3 1 0
github.com/fall_out_bug/sdp-trace/internal/harnessobs/harnessobs_153_safeparentdir.go:18.2,18.51 1 1
github.com/fall_out_bug/sdp-trace/internal/harnessobs/harnessobs_154_normalizepotentialparentpath.go:7.64,11.16 1 1
github.com/fall_out_bug/sdp-trace/internal/harnessobs/harnessobs_154_normalizepotentialparentpath.go:11.16,14.3 1 1
github.com/fall_out_bug/sdp-trace/internal/harnessobs/harnessobs_154_normalizepotentialparentpath.go:15.2,15.58 1 1
github.com/fall_out_bug/sdp-trace/internal/harnessobs/harnessobs_154_normalizepotentialparentpath.go:15.58,17.3 1 1
github.com/fall_out_bug/sdp-trace/internal/harnessobs/harnessobs_154_normalizepotentialparentpath.go:18.2,18.34 1 1
github.com/fall_out_bug/sdp-trace/internal/harnessobs/harnessobs_155_validatepotentialparentpath.go:7.53,11.37 1 1
github.com/fall_out_bug/sdp-trace/internal/harnessobs/harnessobs_155_validatepotentialparentpath.go:11.37,14.3 1 1
github.com/fall_out_bug/sdp-trace/internal/harnessobs/harnessobs_155_validatepotentialparentpath.go:15.2,15.12 1 1
github.com/fall_out_bug/sdp-trace/internal/harnessobs/harnessobs_156_unsafepotentialparentpath.go:9.50,11.2 1 1
github.com/fall_out_bug/sdp-trace/internal/harnessobs/harnessobs_157_resolveparentpathwithinworkingdirectory.go:10.76,15.16 2 1
github.com/fall_out_bug/sdp-trace/internal/harnessobs/harnessobs_157_resolveparentpathwithinworkingdirectory.go:15.16,16.38 1 1
github.com/fall_out_bug/sdp-trace/internal/harnessobs/harnessobs_157_resolveparentpathwithinworkingdirectory.go:16.38,18.4 1 0
github.com/fall_out_bug/sdp-trace/internal/harnessobs/harnessobs_157_resolveparentpathwithinworkingdirectory.go:20.3,20.37 1 1
github.com/fall_out_bug/sdp-trace/internal/harnessobs/harnessobs_157_resolveparentpathwithinworkingdirectory.go:22.2,22.22 1 1
github.com/fall_out_bug/sdp-trace/internal/harnessobs/harnessobs_158_resolvemissingparent.go:8.57,13.21 2 1
github.com/fall_out_bug/sdp-trace/internal/harnessobs/harnessobs_158_resolvemissingparent.go:13.21,16.3 1 0
github.com/fall_out_bug/sdp-trace/internal/harnessobs/harnessobs_158_resolvemissingparent.go:17.2,17.56 1 1
github.com/fall_out_bug/sdp-trace/internal/harnessobs/harnessobs_159_ensurepathinsideworkingdirectory.go:7.68,12.16 2 1
github.com/fall_out_bug/sdp-trace/internal/harnessobs/harnessobs_159_ensurepathinsideworkingdirectory.go:12.16,14.3 1 0
github.com/fall_out_bug/sdp-trace/internal/harnessobs/harnessobs_159_ensurepathinsideworkingdirectory.go:15.2,16.16 2 1
github.com/fall_out_bug/sdp-trace/internal/harnessobs/harnessobs_159_ensurepathinsideworkingdirectory.go:16.16,18.3 1 0
github.com/fall_out_bug/sdp-trace/internal/harnessobs/harnessobs_159_ensurepathinsideworkingdirectory.go:19.2,19.38 1 1
github.com/fall_out_bug/sdp-trace/internal/harnessobs/harnessobs_159_ensurepathinsideworkingdirectory.go:19.38,22.3 1 1
github.com/fall_out_bug/sdp-trace/internal/harnessobs/harnessobs_159_ensurepathinsideworkingdirectory.go:24.2,24.17 1 1
github.com/fall_out_bug/sdp-trace/internal/harnessobs/harnessobs_160_absolutepath.go:7.48,9.2 1 1
github.com/fall_out_bug/sdp-trace/internal/harnessobs/harnessobs_161_relativepathfromworkingdirectory.go:8.68,13.16 2 1
github.com/fall_out_bug/sdp-trace/internal/harnessobs/harnessobs_161_relativepathfromworkingdirectory.go:13.16,15.3 1 0
github.com/fall_out_bug/sdp-trace/internal/harnessobs/harnessobs_161_relativepathfromworkingdirectory.go:17.2,17.32 1 1
github.com/fall_out_bug/sdp-trace/internal/harnessobs/harnessobs_162_safeoutdir.go:9.46,13.28 1 1
github.com/fall_out_bug/sdp-trace/internal/harnessobs/harnessobs_162_safeoutdir.go:13.28,15.3 1 1
github.com/fall_out_bug/sdp-trace/internal/harnessobs/harnessobs_162_safeoutdir.go:17.2,18.31 2 1
github.com/fall_out_bug/sdp-trace/internal/harnessobs/harnessobs_163_safecleanoutdir.go:3.52,9.16 2 1
github.com/fall_out_bug/sdp-trace/internal/harnessobs/harnessobs_163_safecleanoutdir.go:9.16,11.3 1 0
github.com/fall_out_bug/sdp-trace/internal/harnessobs/harnessobs_163_safecleanoutdir.go:12.2,12.12 1 1
github.com/fall_out_bug/sdp-trace/internal/harnessobs/harnessobs_163_safecleanoutdir.go:12.12,14.3 1 1
github.com/fall_out_bug/sdp-trace/internal/harnessobs/harnessobs_163_safecleanoutdir.go:16.2,16.69 1 1
github.com/fall_out_bug/sdp-trace/internal/harnessobs/harnessobs_163_safecleanoutdir.go:16.69,18.3 1 1
github.com/fall_out_bug/sdp-trace/internal/harnessobs/harnessobs_163_safecleanoutdir.go:19.2,19.42 1 1
github.com/fall_out_bug/sdp-trace/internal/harnessobs/harnessobs_164_pathexistsforlstat.go:9.52,13.42 1 1
github.com/fall_out_bug/sdp-trace/internal/harnessobs/harnessobs_164_pathexistsforlstat.go:13.42,15.3 1 1
github.com/fall_out_bug/sdp-trace/internal/harnessobs/harnessobs_164_pathexistsforlstat.go:15.8,15.43 1 1
github.com/fall_out_bug/sdp-trace/internal/harnessobs/harnessobs_164_pathexistsforlstat.go:15.43,17.3 1 1
github.com/fall_out_bug/sdp-trace/internal/harnessobs/harnessobs_164_pathexistsforlstat.go:17.8,20.3 1 0
github.com/fall_out_bug/sdp-trace/internal/harnessobs/harnessobs_165_ensureoutparentinsideworkingdirectory.go:7.64,12.16 2 1
github.com/fall_out_bug/sdp-trace/internal/harnessobs/harnessobs_165_ensureoutparentinsideworkingdirectory.go:12.16,14.3 1 0
github.com/fall_out_bug/sdp-trace/internal/harnessobs/harnessobs_165_ensureoutparentinsideworkingdirectory.go:15.2,15.19 1 1
github.com/fall_out_bug/sdp-trace/internal/harnessobs/harnessobs_165_ensureoutparentinsideworkingdirectory.go:15.19,18.3 1 1
github.com/fall_out_bug/sdp-trace/internal/harnessobs/harnessobs_165_ensureoutparentinsideworkingdirectory.go:19.2,19.12 1 1
github.com/fall_out_bug/sdp-trace/internal/harnessobs/harnessobs_166_safeexistingoutdir.go:7.55,12.16 2 1
github.com/fall_out_bug/sdp-trace/internal/harnessobs/harnessobs_166_safeexistingoutdir.go:12.16,14.3 1 0
github.com/fall_out_bug/sdp-trace/internal/harnessobs/harnessobs_166_safeexistingoutdir.go:15.2,15.38 1 1
github.com/fall_out_bug/sdp-trace/internal/harnessobs/harnessobs_166_safeexistingoutdir.go:15.38,18.3 1 1
github.com/fall_out_bug/sdp-trace/internal/harnessobs/harnessobs_166_safeexistingoutdir.go:20.2,20.40 1 1
github.com/fall_out_bug/sdp-trace/internal/harnessobs/harnessobs_167_outparentescapes.go:7.51,12.60 2 1
github.com/fall_out_bug/sdp-trace/internal/harnessobs/harnessobs_167_outparentescapes.go:12.60,15.12 2 1
github.com/fall_out_bug/sdp-trace/internal/harnessobs/harnessobs_167_outparentescapes.go:15.12,17.4 1 1
github.com/fall_out_bug/sdp-trace/internal/harnessobs/harnessobs_167_outparentescapes.go:18.3,18.32 1 1
github.com/fall_out_bug/sdp-trace/internal/harnessobs/harnessobs_167_outparentescapes.go:20.2,20.19 1 1
github.com/fall_out_bug/sdp-trace/internal/harnessobs/harnessobs_168_existingparentescapes.go:7.63,11.52 1 1
github.com/fall_out_bug/sdp-trace/internal/harnessobs/harnessobs_168_existingparentescapes.go:11.52,14.3 1 1
github.com/fall_out_bug/sdp-trace/internal/harnessobs/harnessobs_168_existingparentescapes.go:15.2,16.16 2 1
github.com/fall_out_bug/sdp-trace/internal/harnessobs/harnessobs_168_existingparentescapes.go:16.16,18.3 1 0
github.com/fall_out_bug/sdp-trace/internal/harnessobs/harnessobs_168_existingparentescapes.go:19.2,19.52 1 1
github.com/fall_out_bug/sdp-trace/internal/harnessobs/harnessobs_169_relativesymlinktarget.go:8.57,13.16 2 1
github.com/fall_out_bug/sdp-trace/internal/harnessobs/harnessobs_169_relativesymlinktarget.go:13.16,15.3 1 0
github.com/fall_out_bug/sdp-trace/internal/harnessobs/harnessobs_169_relativesymlinktarget.go:17.2,18.16 2 1
github.com/fall_out_bug/sdp-trace/internal/harnessobs/harnessobs_169_relativesymlinktarget.go:18.16,20.3 1 0
github.com/fall_out_bug/sdp-trace/internal/harnessobs/harnessobs_169_relativesymlinktarget.go:22.2,23.16 2 1
github.com/fall_out_bug/sdp-trace/internal/harnessobs/harnessobs_169_relativesymlinktarget.go:23.16,25.3 1 0
github.com/fall_out_bug/sdp-trace/internal/harnessobs/harnessobs_169_relativesymlinktarget.go:26.2,26.31 1 1
github.com/fall_out_bug/sdp-trace/internal/harnessobs/harnessobs_170_pathescapesworkingdirectory.go:9.51,11.2 1 1
github.com/fall_out_bug/sdp-trace/internal/harnessobs/harnessobs_171_ensureoutdiremptyormissing.go:7.63,12.60 2 1
github.com/fall_out_bug/sdp-trace/internal/harnessobs/harnessobs_171_ensureoutdiremptyormissing.go:12.60,14.3 1 1
github.com/fall_out_bug/sdp-trace/internal/harnessobs/harnessobs_171_ensureoutdiremptyormissing.go:16.2,16.19 1 1
github.com/fall_out_bug/sdp-trace/internal/harnessobs/harnessobs_172_validateoutdirentries.go:9.68,13.36 1 1
github.com/fall_out_bug/sdp-trace/internal/harnessobs/harnessobs_172_validateoutdirentries.go:13.36,15.3 1 1
github.com/fall_out_bug/sdp-trace/internal/harnessobs/harnessobs_172_validateoutdirentries.go:17.2,17.36 1 1
github.com/fall_out_bug/sdp-trace/internal/harnessobs/harnessobs_173_ignorablemissingoutdir.go:9.46,13.50 1 1
github.com/fall_out_bug/sdp-trace/internal/harnessobs/harnessobs_173_ignorablemissingoutdir.go:13.50,16.3 1 1
github.com/fall_out_bug/sdp-trace/internal/harnessobs/harnessobs_173_ignorablemissingoutdir.go:17.2,17.12 1 0
github.com/fall_out_bug/sdp-trace/internal/harnessobs/harnessobs_174_writejson.go:10.46,14.63 1 1
github.com/fall_out_bug/sdp-trace/internal/harnessobs/harnessobs_174_writejson.go:14.63,16.3 1 0
github.com/fall_out_bug/sdp-trace/internal/harnessobs/harnessobs_174_writejson.go:18.2,19.16 2 1
github.com/fall_out_bug/sdp-trace/internal/harnessobs/harnessobs_174_writejson.go:19.16,21.3 1 0
github.com/fall_out_bug/sdp-trace/internal/harnessobs/harnessobs_174_writejson.go:22.2,23.40 2 1
github.com/fall_out_bug/sdp-trace/internal/harnessobs/harnessobs_175_eventrefs.go:9.41,14.31 2 1
github.com/fall_out_bug/sdp-trace/internal/harnessobs/harnessobs_175_eventrefs.go:14.31,17.3 1 1
github.com/fall_out_bug/sdp-trace/internal/harnessobs/harnessobs_175_eventrefs.go:18.2,19.13 2 1
github.com/fall_out_bug/sdp-trace/internal/harnessobs/harnessobs_176_safeeventref.go:7.36,11.29 1 1
github.com/fall_out_bug/sdp-trace/internal/harnessobs/harnessobs_176_safeeventref.go:11.29,13.3 1 1
github.com/fall_out_bug/sdp-trace/internal/harnessobs/harnessobs_176_safeeventref.go:14.2,14.76 1 1
github.com/fall_out_bug/sdp-trace/internal/harnessobs/harnessobs_176_safeeventref.go:14.76,16.3 1 0
github.com/fall_out_bug/sdp-trace/internal/harnessobs/harnessobs_176_safeeventref.go:18.2,19.42 2 1
github.com/fall_out_bug/sdp-trace/internal/harnessobs/harnessobs_177_unsafeeventrefpath.go:9.42,12.2 1 1
github.com/fall_out_bug/sdp-trace/internal/harnessobs/harnessobs_178_digestline.go:9.37,14.51 2 1
github.com/fall_out_bug/sdp-trace/internal/harnessobs/harnessobs_178_digestline.go:14.51,17.17 3 1
github.com/fall_out_bug/sdp-trace/internal/harnessobs/harnessobs_178_digestline.go:17.17,21.4 2 1
github.com/fall_out_bug/sdp-trace/internal/harnessobs/harnessobs_178_digestline.go:24.2,25.35 2 0
github.com/fall_out_bug/sdp-trace/internal/harnessobs/harnessobs_179_validationdigest.go:9.53,19.2 5 1
github.com/fall_out_bug/sdp-trace/internal/harnessobs/harnessobs_180_digestcommand.go:9.45,17.2 3 1
github.com/fall_out_bug/sdp-trace/internal/harnessobs/harnessobs_181_extractcommandmodel.go:3.51,7.69 1 1
github.com/fall_out_bug/sdp-trace/internal/harnessobs/harnessobs_181_extractcommandmodel.go:7.69,9.79 1 1
github.com/fall_out_bug/sdp-trace/internal/harnessobs/harnessobs_181_extractcommandmodel.go:9.79,11.4 1 1
github.com/fall_out_bug/sdp-trace/internal/harnessobs/harnessobs_181_extractcommandmodel.go:13.2,13.41 1 1
github.com/fall_out_bug/sdp-trace/internal/harnessobs/harnessobs_182_shellcommandstring.go:7.50,11.33 1 1
github.com/fall_out_bug/sdp-trace/internal/harnessobs/harnessobs_182_shellcommandstring.go:11.33,13.3 1 1
github.com/fall_out_bug/sdp-trace/internal/harnessobs/harnessobs_182_shellcommandstring.go:14.2,15.36 2 1
github.com/fall_out_bug/sdp-trace/internal/harnessobs/harnessobs_182_shellcommandstring.go:15.36,17.3 1 0
github.com/fall_out_bug/sdp-trace/internal/harnessobs/harnessobs_182_shellcommandstring.go:19.2,19.19 1 1
github.com/fall_out_bug/sdp-trace/internal/harnessobs/harnessobs_183_shellcommandshape.go:3.47,5.2 1 1
github.com/fall_out_bug/sdp-trace/internal/harnessobs/harnessobs_184_extractcommandmodelargs.go:3.52,7.27 1 1
github.com/fall_out_bug/sdp-trace/internal/harnessobs/harnessobs_184_extractcommandmodelargs.go:7.27,9.63 1 1
github.com/fall_out_bug/sdp-trace/internal/harnessobs/harnessobs_184_extractcommandmodelargs.go:9.63,11.4 1 1
github.com/fall_out_bug/sdp-trace/internal/harnessobs/harnessobs_184_extractcommandmodelargs.go:13.2,13.11 1 1
github.com/fall_out_bug/sdp-trace/internal/harnessobs/harnessobs_185_commandmodelarg.go:3.71,7.37 1 1
github.com/fall_out_bug/sdp-trace/internal/harnessobs/harnessobs_185_commandmodelarg.go:7.37,10.3 1 1
github.com/fall_out_bug/sdp-trace/internal/harnessobs/harnessobs_185_commandmodelarg.go:11.2,11.51 1 1
github.com/fall_out_bug/sdp-trace/internal/harnessobs/harnessobs_185_commandmodelarg.go:11.51,13.3 1 1
github.com/fall_out_bug/sdp-trace/internal/harnessobs/harnessobs_185_commandmodelarg.go:14.2,14.18 1 1
github.com/fall_out_bug/sdp-trace/internal/harnessobs/harnessobs_186_nextcommandmodelarg.go:3.55,7.22 1 1
github.com/fall_out_bug/sdp-trace/internal/harnessobs/harnessobs_186_nextcommandmodelarg.go:7.22,9.3 1 1
github.com/fall_out_bug/sdp-trace/internal/harnessobs/harnessobs_186_nextcommandmodelarg.go:11.2,11.36 1 1
github.com/fall_out_bug/sdp-trace/internal/harnessobs/harnessobs_187_prefixedcommandmodelarg.go:7.57,11.53 1 1
github.com/fall_out_bug/sdp-trace/internal/harnessobs/harnessobs_187_prefixedcommandmodelarg.go:11.53,12.37 1 1
github.com/fall_out_bug/sdp-trace/internal/harnessobs/harnessobs_187_prefixedcommandmodelarg.go:12.37,15.4 1 1
github.com/fall_out_bug/sdp-trace/internal/harnessobs/harnessobs_187_prefixedcommandmodelarg.go:17.2,17.18 1 1
github.com/fall_out_bug/sdp-trace/internal/harnessobs/harnessobs_188_shellfields.go:3.43,9.28 2 1
github.com/fall_out_bug/sdp-trace/internal/harnessobs/harnessobs_188_shellfields.go:9.28,11.3 1 1
github.com/fall_out_bug/sdp-trace/internal/harnessobs/harnessobs_188_shellfields.go:12.2,12.25 1 1
github.com/fall_out_bug/sdp-trace/internal/harnessobs/harnessobs_189_scan.go:3.48,7.31 1 1
github.com/fall_out_bug/sdp-trace/internal/harnessobs/harnessobs_189_scan.go:7.31,9.3 1 1
github.com/fall_out_bug/sdp-trace/internal/harnessobs/harnessobs_189_scan.go:10.2,10.29 1 1
github.com/fall_out_bug/sdp-trace/internal/harnessobs/harnessobs_189_scan.go:10.29,14.3 2 1
github.com/fall_out_bug/sdp-trace/internal/harnessobs/harnessobs_189_scan.go:15.2,15.30 1 1
github.com/fall_out_bug/sdp-trace/internal/harnessobs/harnessobs_189_scan.go:15.30,17.3 1 1
github.com/fall_out_bug/sdp-trace/internal/harnessobs/harnessobs_189_scan.go:19.2,19.28 1 1
github.com/fall_out_bug/sdp-trace/internal/harnessobs/harnessobs_190_consumeescaped.go:3.63,7.22 1 1
github.com/fall_out_bug/sdp-trace/internal/harnessobs/harnessobs_190_consumeescaped.go:7.22,9.3 1 1
github.com/fall_out_bug/sdp-trace/internal/harnessobs/harnessobs_190_consumeescaped.go:10.2,10.15 1 1
github.com/fall_out_bug/sdp-trace/internal/harnessobs/harnessobs_190_consumeescaped.go:10.15,14.3 2 1
github.com/fall_out_bug/sdp-trace/internal/harnessobs/harnessobs_190_consumeescaped.go:15.2,16.13 2 1
github.com/fall_out_bug/sdp-trace/internal/harnessobs/harnessobs_191_startsescape.go:3.61,5.2 1 1
github.com/fall_out_bug/sdp-trace/internal/harnessobs/harnessobs_192_consumequoted.go:3.62,7.24 1 1
github.com/fall_out_bug/sdp-trace/internal/harnessobs/harnessobs_192_consumequoted.go:7.24,9.3 1 1
github.com/fall_out_bug/sdp-trace/internal/harnessobs/harnessobs_192_consumequoted.go:10.2,10.24 1 1
github.com/fall_out_bug/sdp-trace/internal/harnessobs/harnessobs_192_consumequoted.go:10.24,14.3 2 1
github.com/fall_out_bug/sdp-trace/internal/harnessobs/harnessobs_192_consumequoted.go:15.2,16.13 2 1
github.com/fall_out_bug/sdp-trace/internal/harnessobs/harnessobs_193_consumeunquoted.go:3.59,7.9 1 1
github.com/fall_out_bug/sdp-trace/internal/harnessobs/harnessobs_193_consumeunquoted.go:8.21,10.20 1 1
github.com/fall_out_bug/sdp-trace/internal/harnessobs/harnessobs_193_consumeunquoted.go:11.30,12.18 1 1
github.com/fall_out_bug/sdp-trace/internal/harnessobs/harnessobs_193_consumeunquoted.go:13.10,14.31 1 1
github.com/fall_out_bug/sdp-trace/internal/harnessobs/harnessobs_194_shellquote.go:3.30,5.2 1 1
github.com/fall_out_bug/sdp-trace/internal/harnessobs/harnessobs_195_finish.go:3.53,7.21 1 1
github.com/fall_out_bug/sdp-trace/internal/harnessobs/harnessobs_195_finish.go:7.21,10.3 1 1
github.com/fall_out_bug/sdp-trace/internal/harnessobs/harnessobs_195_finish.go:11.2,12.23 2 1
github.com/fall_out_bug/sdp-trace/internal/harnessobs/harnessobs_196_flush.go:3.43,7.32 1 1
github.com/fall_out_bug/sdp-trace/internal/harnessobs/harnessobs_196_flush.go:7.32,9.3 1 0
github.com/fall_out_bug/sdp-trace/internal/harnessobs/harnessobs_196_flush.go:11.2,12.25 2 1
github.com/fall_out_bug/sdp-trace/internal/harnessobs/harnessobs_197_shellfieldseparator.go:3.39,5.2 1 1
github.com/fall_out_bug/sdp-trace/internal/harnessobs/harnessobs_198_safecommandmodel.go:7.44,12.39 2 1
github.com/fall_out_bug/sdp-trace/internal/harnessobs/harnessobs_198_safecommandmodel.go:12.39,14.3 1 1
github.com/fall_out_bug/sdp-trace/internal/harnessobs/harnessobs_198_safecommandmodel.go:15.2,15.35 1 1
github.com/fall_out_bug/sdp-trace/internal/harnessobs/harnessobs_198_safecommandmodel.go:15.35,17.3 1 1
github.com/fall_out_bug/sdp-trace/internal/harnessobs/harnessobs_198_safecommandmodel.go:18.2,18.22 1 1
github.com/fall_out_bug/sdp-trace/internal/harnessobs/harnessobs_198_safecommandmodel.go:18.22,21.3 1 1
github.com/fall_out_bug/sdp-trace/internal/harnessobs/harnessobs_198_safecommandmodel.go:22.2,22.14 1 1
github.com/fall_out_bug/sdp-trace/internal/harnessobs/harnessobs_199_unsafecommandmodelchars.go:7.49,9.2 1 1
github.com/fall_out_bug/sdp-trace/internal/harnessobs/harnessobs_200_unsafecommandmodelidentity.go:3.52,5.2 1 1
github.com/fall_out_bug/sdp-trace/internal/harnessobs/harnessobs_201_unsafecommandmodelpath.go:7.48,9.2 1 1
github.com/fall_out_bug/sdp-trace/internal/harnessobs/harnessobs_202_digestfile.go:10.37,16.16 2 1
github.com/fall_out_bug/sdp-trace/internal/harnessobs/harnessobs_202_digestfile.go:16.16,18.3 1 0
github.com/fall_out_bug/sdp-trace/internal/harnessobs/harnessobs_202_digestfile.go:19.2,20.35 2 1
github.com/fall_out_bug/sdp-trace/internal/harnessobs/harnessobs_203_sourcecommit.go:10.28,16.16 3 1
github.com/fall_out_bug/sdp-trace/internal/harnessobs/harnessobs_203_sourcecommit.go:16.16,18.3 1 1
github.com/fall_out_bug/sdp-trace/internal/harnessobs/harnessobs_203_sourcecommit.go:20.2,21.62 2 1
github.com/fall_out_bug/sdp-trace/internal/harnessobs/harnessobs_203_sourcecommit.go:21.62,24.3 1 1
github.com/fall_out_bug/sdp-trace/internal/harnessobs/harnessobs_203_sourcecommit.go:25.2,25.11 1 0
github.com/fall_out_bug/sdp-trace/internal/harnessobs/harnessobs_204_findunsafe.go:3.45,6.2 1 1
github.com/fall_out_bug/sdp-trace/internal/harnessobs/harnessobs_205_findunsaferawevent.go:3.53,6.2 1 1
github.com/fall_out_bug/sdp-trace/internal/harnessobs/harnessobs_206_findunsaferaweventat.go:3.68,5.2 1 1
github.com/fall_out_bug/sdp-trace/internal/harnessobs/harnessobs_207_findunsafeat.go:3.60,5.2 1 1
github.com/fall_out_bug/sdp-trace/internal/harnessobs/harnessobs_208_findunsafevalueat.go:3.80,7.27 1 1
github.com/fall_out_bug/sdp-trace/internal/harnessobs/harnessobs_208_findunsafevalueat.go:8.22,9.44 1 1
github.com/fall_out_bug/sdp-trace/internal/harnessobs/harnessobs_208_findunsafevalueat.go:10.13,11.46 1 1
github.com/fall_out_bug/sdp-trace/internal/harnessobs/harnessobs_208_findunsafevalueat.go:12.14,13.47 1 1
github.com/fall_out_bug/sdp-trace/internal/harnessobs/harnessobs_208_findunsafevalueat.go:16.2,16.15 1 0
github.com/fall_out_bug/sdp-trace/internal/harnessobs/harnessobs_209_resolvesessionsetupprofilepath.go:10.73,14.42 1 1
github.com/fall_out_bug/sdp-trace/internal/harnessobs/harnessobs_209_resolvesessionsetupprofilepath.go:14.42,16.3 1 1
github.com/fall_out_bug/sdp-trace/internal/harnessobs/harnessobs_209_resolvesessionsetupprofilepath.go:18.2,19.16 2 1
github.com/fall_out_bug/sdp-trace/internal/harnessobs/harnessobs_209_resolvesessionsetupprofilepath.go:19.16,21.3 1 1
github.com/fall_out_bug/sdp-trace/internal/harnessobs/harnessobs_209_resolvesessionsetupprofilepath.go:22.2,22.22 1 1
github.com/fall_out_bug/sdp-trace/internal/harnessobs/harnessobs_210_resolvesessionsetupoutdir.go:9.63,13.37 1 1
github.com/fall_out_bug/sdp-trace/internal/harnessobs/harnessobs_210_resolvesessionsetupoutdir.go:13.37,15.3 1 1
github.com/fall_out_bug/sdp-trace/internal/harnessobs/harnessobs_210_resolvesessionsetupoutdir.go:17.2,17.27 1 1
github.com/fall_out_bug/sdp-trace/internal/harnessobs/harnessobs_211_setupsessionrun.go:9.104,14.16 2 1
github.com/fall_out_bug/sdp-trace/internal/harnessobs/harnessobs_211_setupsessionrun.go:14.16,16.3 1 1
github.com/fall_out_bug/sdp-trace/internal/harnessobs/harnessobs_211_setupsessionrun.go:18.2,20.16 3 1
github.com/fall_out_bug/sdp-trace/internal/harnessobs/harnessobs_211_setupsessionrun.go:20.16,22.3 1 0
github.com/fall_out_bug/sdp-trace/internal/harnessobs/harnessobs_211_setupsessionrun.go:23.2,25.85 2 1
github.com/fall_out_bug/sdp-trace/internal/harnessobs/harnessobs_211_setupsessionrun.go:25.85,27.3 1 0
github.com/fall_out_bug/sdp-trace/internal/harnessobs/harnessobs_211_setupsessionrun.go:28.2,28.17 1 1
github.com/fall_out_bug/sdp-trace/internal/harnessobs/harnessobs_212_preparesessionrun.go:7.76,12.16 2 1
github.com/fall_out_bug/sdp-trace/internal/harnessobs/harnessobs_212_preparesessionrun.go:12.16,14.3 1 1
github.com/fall_out_bug/sdp-trace/internal/harnessobs/harnessobs_212_preparesessionrun.go:16.2,16.51 1 1
github.com/fall_out_bug/sdp-trace/internal/harnessobs/harnessobs_212_preparesessionrun.go:16.51,18.3 1 0
github.com/fall_out_bug/sdp-trace/internal/harnessobs/harnessobs_212_preparesessionrun.go:19.2,19.21 1 1
github.com/fall_out_bug/sdp-trace/internal/harnessobs/harnessobs_213_newsessionrunwithcommand.go:7.100,15.2 3 1
github.com/fall_out_bug/sdp-trace/internal/harnessobs/harnessobs_214_setsessioncommand.go:7.60,11.41 1 1
github.com/fall_out_bug/sdp-trace/internal/harnessobs/harnessobs_214_setsessioncommand.go:11.41,13.3 1 1
github.com/fall_out_bug/sdp-trace/internal/harnessobs/harnessobs_214_setsessioncommand.go:15.2,18.56 4 1
github.com/fall_out_bug/sdp-trace/internal/harnessobs/harnessobs_214_setsessioncommand.go:18.56,21.3 2 1
github.com/fall_out_bug/sdp-trace/internal/harnessobs/harnessobs_215_sessionruntime.go:7.46,11.18 1 1
github.com/fall_out_bug/sdp-trace/internal/harnessobs/harnessobs_215_sessionruntime.go:11.18,14.3 1 0
github.com/fall_out_bug/sdp-trace/internal/harnessobs/harnessobs_215_sessionruntime.go:15.2,15.12 1 1
github.com/fall_out_bug/sdp-trace/internal/harnessobs/harnessobs_216_writesessionjson.go:3.58,5.2 1 1
github.com/fall_out_bug/sdp-trace/internal/harnessobs/harnessobs_217_collectsession.go:7.74,12.16 2 1
github.com/fall_out_bug/sdp-trace/internal/harnessobs/harnessobs_217_collectsession.go:12.16,14.3 1 0
github.com/fall_out_bug/sdp-trace/internal/harnessobs/harnessobs_217_collectsession.go:16.2,17.16 2 1
github.com/fall_out_bug/sdp-trace/internal/harnessobs/harnessobs_217_collectsession.go:17.16,18.51 1 1
github.com/fall_out_bug/sdp-trace/internal/harnessobs/harnessobs_217_collectsession.go:18.51,20.4 1 1
github.com/fall_out_bug/sdp-trace/internal/harnessobs/harnessobs_217_collectsession.go:21.3,21.43 1 1
github.com/fall_out_bug/sdp-trace/internal/harnessobs/harnessobs_217_collectsession.go:23.2,23.46 1 1
github.com/fall_out_bug/sdp-trace/internal/harnessobs/harnessobs_218_preparesessioncollection.go:3.93,8.16 2 1
github.com/fall_out_bug/sdp-trace/internal/harnessobs/harnessobs_218_preparesessioncollection.go:8.16,10.3 1 0
github.com/fall_out_bug/sdp-trace/internal/harnessobs/harnessobs_218_preparesessioncollection.go:12.2,12.61 1 1
github.com/fall_out_bug/sdp-trace/internal/harnessobs/harnessobs_219_loadsessioncollection.go:7.105,12.16 2 1
github.com/fall_out_bug/sdp-trace/internal/harnessobs/harnessobs_219_loadsessioncollection.go:12.16,14.3 1 1
github.com/fall_out_bug/sdp-trace/internal/harnessobs/harnessobs_219_loadsessioncollection.go:16.2,17.16 2 1
github.com/fall_out_bug/sdp-trace/internal/harnessobs/harnessobs_219_loadsessioncollection.go:17.16,19.3 1 0
github.com/fall_out_bug/sdp-trace/internal/harnessobs/harnessobs_219_loadsessioncollection.go:20.2,21.121 2 1
github.com/fall_out_bug/sdp-trace/internal/harnessobs/harnessobs_220_newsessioncollectioncontext.go:7.197,21.2 1 1
github.com/fall_out_bug/sdp-trace/internal/harnessobs/harnessobs_221_sessioncollectiontime.go:7.53,11.18 1 1
github.com/fall_out_bug/sdp-trace/internal/harnessobs/harnessobs_221_sessioncollectiontime.go:11.18,14.3 1 0
github.com/fall_out_bug/sdp-trace/internal/harnessobs/harnessobs_221_sessioncollectiontime.go:15.2,15.12 1 1
github.com/fall_out_bug/sdp-trace/internal/harnessobs/harnessobs_222_loadsessioncollectioninputs.go:9.98,14.16 2 1
github.com/fall_out_bug/sdp-trace/internal/harnessobs/harnessobs_222_loadsessioncollectioninputs.go:14.16,16.3 1 0
github.com/fall_out_bug/sdp-trace/internal/harnessobs/harnessobs_222_loadsessioncollectioninputs.go:18.2,19.16 2 1
github.com/fall_out_bug/sdp-trace/internal/harnessobs/harnessobs_222_loadsessioncollectioninputs.go:19.16,21.3 1 0
github.com/fall_out_bug/sdp-trace/internal/harnessobs/harnessobs_222_loadsessioncollectioninputs.go:22.2,22.44 1 1
github.com/fall_out_bug/sdp-trace/internal/harnessobs/harnessobs_222_loadsessioncollectioninputs.go:22.44,25.3 1 1
github.com/fall_out_bug/sdp-trace/internal/harnessobs/harnessobs_222_loadsessioncollectioninputs.go:27.2,27.30 1 1
github.com/fall_out_bug/sdp-trace/internal/harnessobs/harnessobs_223_findunsafemapat.go:3.90,7.33 1 1
github.com/fall_out_bug/sdp-trace/internal/harnessobs/harnessobs_223_findunsafemapat.go:7.33,9.83 1 1
github.com/fall_out_bug/sdp-trace/internal/harnessobs/harnessobs_223_findunsafemapat.go:9.83,11.4 1 1
github.com/fall_out_bug/sdp-trace/internal/harnessobs/harnessobs_223_findunsafemapat.go:13.2,13.15 1 1
github.com/fall_out_bug/sdp-trace/internal/harnessobs/harnessobs_224_findunsafemapchild.go:7.86,13.18 3 1
github.com/fall_out_bug/sdp-trace/internal/harnessobs/harnessobs_224_findunsafemapchild.go:13.18,15.3 1 1
github.com/fall_out_bug/sdp-trace/internal/harnessobs/harnessobs_224_findunsafemapchild.go:16.2,16.10 1 1
github.com/fall_out_bug/sdp-trace/internal/harnessobs/harnessobs_224_findunsafemapchild.go:16.10,19.3 1 1
github.com/fall_out_bug/sdp-trace/internal/harnessobs/harnessobs_224_findunsafemapchild.go:20.2,20.54 1 1
github.com/fall_out_bug/sdp-trace/internal/harnessobs/harnessobs_225_childpath.go:3.43,7.18 1 1
github.com/fall_out_bug/sdp-trace/internal/harnessobs/harnessobs_225_childpath.go:7.18,10.3 1 1
github.com/fall_out_bug/sdp-trace/internal/harnessobs/harnessobs_225_childpath.go:11.2,11.27 1 1
github.com/fall_out_bug/sdp-trace/internal/harnessobs/harnessobs_226_unsafemapfieldreason.go:3.86,7.56 1 1
github.com/fall_out_bug/sdp-trace/internal/harnessobs/harnessobs_226_unsafemapfieldreason.go:7.56,9.3 1 1
github.com/fall_out_bug/sdp-trace/internal/harnessobs/harnessobs_226_unsafemapfieldreason.go:10.2,10.24 1 1
github.com/fall_out_bug/sdp-trace/internal/harnessobs/harnessobs_226_unsafemapfieldreason.go:10.24,13.3 1 1
github.com/fall_out_bug/sdp-trace/internal/harnessobs/harnessobs_226_unsafemapfieldreason.go:14.2,14.30 1 1
github.com/fall_out_bug/sdp-trace/internal/harnessobs/harnessobs_226_unsafemapfieldreason.go:14.30,16.3 1 1
github.com/fall_out_bug/sdp-trace/internal/harnessobs/harnessobs_226_unsafemapfieldreason.go:17.2,17.18 1 1
github.com/fall_out_bug/sdp-trace/internal/harnessobs/harnessobs_227_skippableraweventfield.go:3.78,11.2 1 1
github.com/fall_out_bug/sdp-trace/internal/harnessobs/harnessobs_228_unretainedrawtoolinputfield.go:7.68,11.21 1 1
github.com/fall_out_bug/sdp-trace/internal/harnessobs/harnessobs_228_unretainedrawtoolinputfield.go:11.21,13.3 1 1
github.com/fall_out_bug/sdp-trace/internal/harnessobs/harnessobs_228_unretainedrawtoolinputfield.go:14.2,14.34 1 1
github.com/fall_out_bug/sdp-trace/internal/harnessobs/harnessobs_228_unretainedrawtoolinputfield.go:14.34,16.3 1 0
github.com/fall_out_bug/sdp-trace/internal/harnessobs/harnessobs_228_unretainedrawtoolinputfield.go:18.2,19.23 2 1
github.com/fall_out_bug/sdp-trace/internal/harnessobs/harnessobs_228_unretainedrawtoolinputfield.go:19.23,21.3 1 0
github.com/fall_out_bug/sdp-trace/internal/harnessobs/harnessobs_228_unretainedrawtoolinputfield.go:22.2,22.42 1 1
github.com/fall_out_bug/sdp-trace/internal/harnessobs/harnessobs_229_unretainedrawbodyfield.go:3.46,7.13 1 1
github.com/fall_out_bug/sdp-trace/internal/harnessobs/harnessobs_229_unretainedrawbodyfield.go:8.64,10.14 1 1
github.com/fall_out_bug/sdp-trace/internal/harnessobs/harnessobs_229_unretainedrawbodyfield.go:11.10,12.15 1 1
github.com/fall_out_bug/sdp-trace/internal/harnessobs/harnessobs_230_structuredrawbody.go:3.40,7.22 1 1
github.com/fall_out_bug/sdp-trace/internal/harnessobs/harnessobs_230_structuredrawbody.go:8.22,10.14 1 1
github.com/fall_out_bug/sdp-trace/internal/harnessobs/harnessobs_230_structuredrawbody.go:11.10,12.15 1 1
github.com/fall_out_bug/sdp-trace/internal/harnessobs/harnessobs_231_findunsafesliceat.go:7.83,11.31 1 1
github.com/fall_out_bug/sdp-trace/internal/harnessobs/harnessobs_231_findunsafesliceat.go:11.31,13.103 1 1
github.com/fall_out_bug/sdp-trace/internal/harnessobs/harnessobs_231_findunsafesliceat.go:13.103,15.4 1 1
github.com/fall_out_bug/sdp-trace/internal/harnessobs/harnessobs_231_findunsafesliceat.go:17.2,17.15 1 0
github.com/fall_out_bug/sdp-trace/internal/harnessobs/harnessobs_232_findunsafestringat.go:7.77,11.36 1 1
github.com/fall_out_bug/sdp-trace/internal/harnessobs/harnessobs_232_findunsafestringat.go:11.36,14.3 1 1
github.com/fall_out_bug/sdp-trace/internal/harnessobs/harnessobs_232_findunsafestringat.go:15.2,15.71 1 1
github.com/fall_out_bug/sdp-trace/internal/harnessobs/harnessobs_232_findunsafestringat.go:15.71,17.3 1 1
github.com/fall_out_bug/sdp-trace/internal/harnessobs/harnessobs_232_findunsafestringat.go:18.2,18.15 1 1
github.com/fall_out_bug/sdp-trace/internal/harnessobs/harnessobs_233_unsafestringreason.go:3.67,7.39 1 1
github.com/fall_out_bug/sdp-trace/internal/harnessobs/harnessobs_233_unsafestringreason.go:7.39,9.3 1 1
github.com/fall_out_bug/sdp-trace/internal/harnessobs/harnessobs_233_unsafestringreason.go:10.2,10.22 1 1
github.com/fall_out_bug/sdp-trace/internal/harnessobs/harnessobs_233_unsafestringreason.go:10.22,13.3 1 1
github.com/fall_out_bug/sdp-trace/internal/harnessobs/harnessobs_233_unsafestringreason.go:14.2,14.46 1 1
github.com/fall_out_bug/sdp-trace/internal/harnessobs/harnessobs_233_unsafestringreason.go:14.46,16.3 1 1
github.com/fall_out_bug/sdp-trace/internal/harnessobs/harnessobs_233_unsafestringreason.go:17.2,17.11 1 1
github.com/fall_out_bug/sdp-trace/internal/harnessobs/harnessobs_234_unsafestringtoken.go:3.64,5.2 1 1
github.com/fall_out_bug/sdp-trace/internal/harnessobs/harnessobs_235_unsafestringpath.go:3.57,5.2 1 1
github.com/fall_out_bug/sdp-trace/internal/harnessobs/harnessobs_236_unsafepathvalue.go:7.41,9.2 1 1
github.com/fall_out_bug/sdp-trace/internal/harnessobs/harnessobs_237_unsafeencodedtoken.go:3.65,7.54 1 1
github.com/fall_out_bug/sdp-trace/internal/harnessobs/harnessobs_237_unsafeencodedtoken.go:7.54,9.3 1 1
github.com/fall_out_bug/sdp-trace/internal/harnessobs/harnessobs_237_unsafeencodedtoken.go:11.2,11.46 1 1
github.com/fall_out_bug/sdp-trace/internal/harnessobs/harnessobs_238_safeencodedtokenexemption.go:3.72,5.2 1 1
github.com/fall_out_bug/sdp-trace/internal/harnessobs/harnessobs_239_raweventpathlikefield.go:3.61,5.2 1 1
github.com/fall_out_bug/sdp-trace/internal/harnessobs/harnessobs_240_rawpathlikefield.go:3.41,7.32 1 1
github.com/fall_out_bug/sdp-trace/internal/harnessobs/harnessobs_240_rawpathlikefield.go:8.74,10.14 1 1
github.com/fall_out_bug/sdp-trace/internal/harnessobs/harnessobs_240_rawpathlikefield.go:11.10,12.15 1 1
github.com/fall_out_bug/sdp-trace/internal/harnessobs/harnessobs_241_rawpathfieldname.go:7.43,12.52 2 1
github.com/fall_out_bug/sdp-trace/internal/harnessobs/harnessobs_241_rawpathfieldname.go:12.52,14.3 1 0
github.com/fall_out_bug/sdp-trace/internal/harnessobs/harnessobs_241_rawpathfieldname.go:15.2,15.52 1 1
github.com/fall_out_bug/sdp-trace/internal/harnessobs/harnessobs_241_rawpathfieldname.go:15.52,18.3 1 0
github.com/fall_out_bug/sdp-trace/internal/harnessobs/harnessobs_241_rawpathfieldname.go:19.2,19.31 1 1
github.com/fall_out_bug/sdp-trace/internal/harnessobs/harnessobs_242_unsafeurl.go:7.33,12.39 2 1
github.com/fall_out_bug/sdp-trace/internal/harnessobs/harnessobs_242_unsafeurl.go:12.39,14.3 1 1
github.com/fall_out_bug/sdp-trace/internal/harnessobs/harnessobs_242_unsafeurl.go:15.2,15.24 1 1
github.com/fall_out_bug/sdp-trace/internal/harnessobs/harnessobs_242_unsafeurl.go:15.24,18.3 1 0
github.com/fall_out_bug/sdp-trace/internal/harnessobs/harnessobs_242_unsafeurl.go:19.2,19.40 1 1
github.com/fall_out_bug/sdp-trace/internal/harnessobs/harnessobs_243_queryhasauthkey.go:9.46,13.26 1 1
github.com/fall_out_bug/sdp-trace/internal/harnessobs/harnessobs_243_queryhasauthkey.go:13.26,15.42 1 1
github.com/fall_out_bug/sdp-trace/internal/harnessobs/harnessobs_243_queryhasauthkey.go:15.42,17.4 1 1
github.com/fall_out_bug/sdp-trace/internal/harnessobs/harnessobs_243_queryhasauthkey.go:19.2,19.14 1 0
github.com/fall_out_bug/sdp-trace/internal/harnessobs/harnessobs_244_digestfield.go:7.36,12.51 2 1
github.com/fall_out_bug/sdp-trace/internal/harnessobs/harnessobs_244_digestfield.go:12.51,15.3 1 0
github.com/fall_out_bug/sdp-trace/internal/harnessobs/harnessobs_244_digestfield.go:16.2,16.31 1 1
github.com/fall_out_bug/sdp-trace/internal/harnessobs/harnessobs_245_validfamily.go:3.38,5.2 1 1
github.com/fall_out_bug/sdp-trace/internal/harnessobs/harnessobs_246_validstate.go:3.36,5.2 1 1
github.com/fall_out_bug/sdp-trace/internal/harnessobs/harnessobs_247_validcontentstate.go:3.43,5.2 1 1
github.com/fall_out_bug/sdp-trace/internal/harnessobs/harnessobs_248_validrulekey.go:3.36,5.2 1 1
github.com/fall_out_bug/sdp-trace/internal/harnessobs/harnessobs_249_saferef.go:3.31,5.2 1 1
github.com/fall_out_bug/sdp-trace/internal/harnessobs/harnessobs_250_safeoperationref.go:3.40,7.29 1 1
github.com/fall_out_bug/sdp-trace/internal/harnessobs/harnessobs_250_safeoperationref.go:7.29,10.3 1 1
github.com/fall_out_bug/sdp-trace/internal/harnessobs/harnessobs_250_safeoperationref.go:11.2,11.21 1 1
github.com/fall_out_bug/sdp-trace/internal/harnessobs/harnessobs_251_operationrefprefix.go:7.42,9.2 1 1
github.com/fall_out_bug/sdp-trace/internal/harnessobs/harnessobs_252_safeprefixedoperationref.go:7.48,9.2 1 1
github.com/fall_out_bug/sdp-trace/internal/harnessobs/harnessobs_253_safeevent.go:3.39,7.40 1 1
github.com/fall_out_bug/sdp-trace/internal/harnessobs/harnessobs_253_safeevent.go:7.40,9.3 1 1
github.com/fall_out_bug/sdp-trace/internal/harnessobs/harnessobs_253_safeevent.go:11.2,11.24 1 0
github.com/fall_out_bug/sdp-trace/internal/harnessobs/harnessobs_254_nonauthority.go:3.28,5.2 1 1
github.com/fall_out_bug/sdp-trace/internal/harnessobs/harnessobs_255_decodevalidation.go:9.56,14.63 2 1
github.com/fall_out_bug/sdp-trace/internal/harnessobs/harnessobs_255_decodevalidation.go:14.63,17.3 1 1
github.com/fall_out_bug/sdp-trace/internal/harnessobs/harnessobs_255_decodevalidation.go:18.2,18.24 1 1
github.com/fall_out_bug/sdp-trace/internal/harnessobs/harnessobs_256_validatesessioncollectoptions.go:7.88,11.59 1 1
github.com/fall_out_bug/sdp-trace/internal/harnessobs/harnessobs_256_validatesessioncollectoptions.go:11.59,13.3 1 1
github.com/fall_out_bug/sdp-trace/internal/harnessobs/harnessobs_256_validatesessioncollectoptions.go:15.2,16.16 2 1
github.com/fall_out_bug/sdp-trace/internal/harnessobs/harnessobs_256_validatesessioncollectoptions.go:16.16,18.3 1 0
github.com/fall_out_bug/sdp-trace/internal/harnessobs/harnessobs_256_validatesessioncollectoptions.go:20.2,21.16 2 1
github.com/fall_out_bug/sdp-trace/internal/harnessobs/harnessobs_256_validatesessioncollectoptions.go:21.16,23.3 1 0
github.com/fall_out_bug/sdp-trace/internal/harnessobs/harnessobs_256_validatesessioncollectoptions.go:24.2,24.33 1 1
github.com/fall_out_bug/sdp-trace/internal/harnessobs/harnessobs_257_requiresessioncollectoptions.go:3.69,7.96 1 1
github.com/fall_out_bug/sdp-trace/internal/harnessobs/harnessobs_257_requiresessioncollectoptions.go:7.96,9.3 1 1
github.com/fall_out_bug/sdp-trace/internal/harnessobs/harnessobs_257_requiresessioncollectoptions.go:11.2,11.87 1 1
github.com/fall_out_bug/sdp-trace/internal/harnessobs/harnessobs_257_requiresessioncollectoptions.go:11.87,13.3 1 1
github.com/fall_out_bug/sdp-trace/internal/harnessobs/harnessobs_257_requiresessioncollectoptions.go:14.2,14.12 1 1
github.com/fall_out_bug/sdp-trace/internal/harnessobs/harnessobs_258_loadharnessprofile.go:7.94,13.16 2 1
github.com/fall_out_bug/sdp-trace/internal/harnessobs/harnessobs_258_loadharnessprofile.go:13.16,15.3 1 0
github.com/fall_out_bug/sdp-trace/internal/harnessobs/harnessobs_258_loadharnessprofile.go:16.2,17.16 2 1
github.com/fall_out_bug/sdp-trace/internal/harnessobs/harnessobs_258_loadharnessprofile.go:17.16,19.3 1 0
github.com/fall_out_bug/sdp-trace/internal/harnessobs/harnessobs_258_loadharnessprofile.go:20.2,20.48 1 1
github.com/fall_out_bug/sdp-trace/internal/harnessobs/harnessobs_259_resolvesessioneventsource.go:3.79,9.16 2 1
github.com/fall_out_bug/sdp-trace/internal/harnessobs/harnessobs_259_resolvesessioneventsource.go:9.16,11.3 1 1
github.com/fall_out_bug/sdp-trace/internal/harnessobs/harnessobs_259_resolvesessioneventsource.go:12.2,12.46 1 1
github.com/fall_out_bug/sdp-trace/internal/harnessobs/harnessobs_260_resolvemissingsessioneventsource.go:3.86,7.38 1 1
github.com/fall_out_bug/sdp-trace/internal/harnessobs/harnessobs_260_resolvemissingsessioneventsource.go:7.38,10.3 1 1
github.com/fall_out_bug/sdp-trace/internal/harnessobs/harnessobs_260_resolvemissingsessioneventsource.go:11.2,11.51 1 1
github.com/fall_out_bug/sdp-trace/internal/harnessobs/harnessobs_261_normalizeandresolvesessioneventsource.go:3.91,8.73 1 1
github.com/fall_out_bug/sdp-trace/internal/harnessobs/harnessobs_261_normalizeandresolvesessioneventsource.go:8.73,10.3 1 1
github.com/fall_out_bug/sdp-trace/internal/harnessobs/harnessobs_261_normalizeandresolvesessioneventsource.go:11.2,12.9 2 1
github.com/fall_out_bug/sdp-trace/internal/harnessobs/harnessobs_261_normalizeandresolvesessioneventsource.go:12.9,14.3 1 0
github.com/fall_out_bug/sdp-trace/internal/harnessobs/harnessobs_261_normalizeandresolvesessioneventsource.go:15.2,15.24 1 1
github.com/fall_out_bug/sdp-trace/internal/harnessobs/harnessobs_262_resolvedsessioneventsource.go:3.79,10.2 2 1
github.com/fall_out_bug/sdp-trace/internal/harnessobs/harnessobs_263_normalizesessionrawevents.go:7.69,12.16 2 1
github.com/fall_out_bug/sdp-trace/internal/harnessobs/harnessobs_263_normalizesessionrawevents.go:12.16,14.3 1 1
github.com/fall_out_bug/sdp-trace/internal/harnessobs/harnessobs_263_normalizesessionrawevents.go:16.2,17.16 2 1
github.com/fall_out_bug/sdp-trace/internal/harnessobs/harnessobs_263_normalizesessionrawevents.go:17.16,19.3 1 0
github.com/fall_out_bug/sdp-trace/internal/harnessobs/harnessobs_263_normalizesessionrawevents.go:20.2,20.139 1 1
github.com/fall_out_bug/sdp-trace/internal/harnessobs/harnessobs_263_normalizesessionrawevents.go:20.139,22.3 1 1
github.com/fall_out_bug/sdp-trace/internal/harnessobs/harnessobs_263_normalizesessionrawevents.go:24.2,25.12 2 1
github.com/fall_out_bug/sdp-trace/internal/harnessobs/harnessobs_264_marksessionsourceunavailable.go:7.90,13.86 2 1
github.com/fall_out_bug/sdp-trace/internal/harnessobs/harnessobs_264_marksessionsourceunavailable.go:13.86,15.3 1 0
github.com/fall_out_bug/sdp-trace/internal/harnessobs/harnessobs_264_marksessionsourceunavailable.go:17.2,17.50 1 1
github.com/fall_out_bug/sdp-trace/internal/harnessobs/harnessobs_265_unavailablesession.go:7.66,17.2 5 1
github.com/fall_out_bug/sdp-trace/internal/harnessobs/harnessobs_266_unavailableobservedrun.go:9.63,23.2 1 1
github.com/fall_out_bug/sdp-trace/internal/harnessobs/harnessobs_267_collectsessionsource.go:8.101,13.56 2 1
github.com/fall_out_bug/sdp-trace/internal/harnessobs/harnessobs_267_collectsessionsource.go:13.56,15.3 1 0
github.com/fall_out_bug/sdp-trace/internal/harnessobs/harnessobs_267_collectsessionsource.go:17.2,18.16 2 1
github.com/fall_out_bug/sdp-trace/internal/harnessobs/harnessobs_267_collectsessionsource.go:18.16,20.3 1 0
github.com/fall_out_bug/sdp-trace/internal/harnessobs/harnessobs_267_collectsessionsource.go:21.2,22.72 2 1
github.com/fall_out_bug/sdp-trace/internal/harnessobs/harnessobs_267_collectsessionsource.go:22.72,24.3 1 0
github.com/fall_out_bug/sdp-trace/internal/harnessobs/harnessobs_267_collectsessionsource.go:25.2,25.61 1 1
github.com/fall_out_bug/sdp-trace/internal/harnessobs/harnessobs_268_writeobservedrun.go:7.79,12.65 1 1
github.com/fall_out_bug/sdp-trace/internal/harnessobs/harnessobs_268_writeobservedrun.go:12.65,14.3 1 0
github.com/fall_out_bug/sdp-trace/internal/harnessobs/harnessobs_268_writeobservedrun.go:15.2,15.68 1 1
github.com/fall_out_bug/sdp-trace/internal/harnessobs/harnessobs_269_writeobservedevents.go:7.68,11.31 1 1
github.com/fall_out_bug/sdp-trace/internal/harnessobs/harnessobs_269_writeobservedevents.go:11.31,13.103 1 1
github.com/fall_out_bug/sdp-trace/internal/harnessobs/harnessobs_269_writeobservedevents.go:13.103,15.4 1 0
github.com/fall_out_bug/sdp-trace/internal/harnessobs/harnessobs_269_writeobservedevents.go:17.2,17.12 1 1
github.com/fall_out_bug/sdp-trace/internal/harnessobs/harnessobs_270_observedrun.go:9.101,25.2 1 1
github.com/fall_out_bug/sdp-trace/internal/harnessobs/harnessobs_271_finalizecollectedsession.go:9.120,20.27 6 1
github.com/fall_out_bug/sdp-trace/internal/harnessobs/harnessobs_271_finalizecollectedsession.go:20.27,22.3 1 1
github.com/fall_out_bug/sdp-trace/internal/harnessobs/harnessobs_271_finalizecollectedsession.go:23.2,23.86 1 1
github.com/fall_out_bug/sdp-trace/internal/harnessobs/harnessobs_271_finalizecollectedsession.go:23.86,25.3 1 0
github.com/fall_out_bug/sdp-trace/internal/harnessobs/harnessobs_271_finalizecollectedsession.go:26.2,26.31 1 1
github.com/fall_out_bug/sdp-trace/internal/harnessobs/harnessobs_272_runsession.go:3.63,8.16 2 1
github.com/fall_out_bug/sdp-trace/internal/harnessobs/harnessobs_272_runsession.go:8.16,10.3 1 0
github.com/fall_out_bug/sdp-trace/internal/harnessobs/harnessobs_272_runsession.go:11.2,12.16 2 1
github.com/fall_out_bug/sdp-trace/internal/harnessobs/harnessobs_272_runsession.go:12.16,14.3 1 0
github.com/fall_out_bug/sdp-trace/internal/harnessobs/harnessobs_272_runsession.go:16.2,16.88 1 1
github.com/fall_out_bug/sdp-trace/internal/harnessobs/harnessobs_273_setuprunnablesession.go:3.68,7.60 1 1
github.com/fall_out_bug/sdp-trace/internal/harnessobs/harnessobs_273_setuprunnablesession.go:7.60,9.3 1 0
github.com/fall_out_bug/sdp-trace/internal/harnessobs/harnessobs_273_setuprunnablesession.go:11.2,11.109 1 1
github.com/fall_out_bug/sdp-trace/internal/harnessobs/harnessobs_274_runobservedcommand.go:7.95,14.58 3 1
github.com/fall_out_bug/sdp-trace/internal/harnessobs/harnessobs_274_runobservedcommand.go:14.58,16.3 1 0
github.com/fall_out_bug/sdp-trace/internal/harnessobs/harnessobs_274_runobservedcommand.go:17.2,20.63 3 1
github.com/fall_out_bug/sdp-trace/internal/harnessobs/harnessobs_275_requiresessioncommand.go:7.52,11.23 1 1
github.com/fall_out_bug/sdp-trace/internal/harnessobs/harnessobs_275_requiresessioncommand.go:11.23,14.3 1 0
github.com/fall_out_bug/sdp-trace/internal/harnessobs/harnessobs_275_requiresessioncommand.go:15.2,15.12 1 1
github.com/fall_out_bug/sdp-trace/internal/harnessobs/harnessobs_276_collectfinishedsession.go:7.125,11.73 1 1
github.com/fall_out_bug/sdp-trace/internal/harnessobs/harnessobs_276_collectfinishedsession.go:11.73,13.3 1 0
github.com/fall_out_bug/sdp-trace/internal/harnessobs/harnessobs_276_collectfinishedsession.go:15.2,16.16 2 1
github.com/fall_out_bug/sdp-trace/internal/harnessobs/harnessobs_276_collectfinishedsession.go:16.16,18.3 1 0
github.com/fall_out_bug/sdp-trace/internal/harnessobs/harnessobs_276_collectfinishedsession.go:19.2,19.20 1 1
github.com/fall_out_bug/sdp-trace/internal/harnessobs/harnessobs_276_collectfinishedsession.go:19.20,21.3 1 1
github.com/fall_out_bug/sdp-trace/internal/harnessobs/harnessobs_276_collectfinishedsession.go:22.2,22.33 1 1
github.com/fall_out_bug/sdp-trace/internal/harnessobs/harnessobs_277_writefinishedsession.go:9.84,12.2 2 1
github.com/fall_out_bug/sdp-trace/internal/harnessobs/harnessobs_278_discardedcommand.go:9.51,19.2 5 1
github.com/fall_out_bug/sdp-trace/internal/harnessobs/harnessobs_279_setsessionprocesscommand.go:7.87,14.56 3 1
github.com/fall_out_bug/sdp-trace/internal/harnessobs/harnessobs_279_setsessionprocesscommand.go:14.56,17.3 2 0
github.com/fall_out_bug/sdp-trace/internal/harnessobs/harnessobs_279_setsessionprocesscommand.go:18.2,18.48 1 1
github.com/fall_out_bug/sdp-trace/internal/harnessobs/harnessobs_280_startsessionprocess.go:7.68,11.36 1 1
github.com/fall_out_bug/sdp-trace/internal/harnessobs/harnessobs_280_startsessionprocess.go:11.36,13.3 1 0
github.com/fall_out_bug/sdp-trace/internal/harnessobs/harnessobs_280_startsessionprocess.go:15.2,17.12 3 1
github.com/fall_out_bug/sdp-trace/internal/harnessobs/harnessobs_281_validate.go:3.57,8.16 2 1
github.com/fall_out_bug/sdp-trace/internal/harnessobs/harnessobs_281_validate.go:8.16,10.3 1 1
github.com/fall_out_bug/sdp-trace/internal/harnessobs/harnessobs_281_validate.go:12.2,13.16 2 1
github.com/fall_out_bug/sdp-trace/internal/harnessobs/harnessobs_281_validate.go:13.16,15.3 1 0
github.com/fall_out_bug/sdp-trace/internal/harnessobs/harnessobs_281_validate.go:16.2,18.72 2 1
github.com/fall_out_bug/sdp-trace/internal/harnessobs/harnessobs_281_validate.go:18.72,20.3 1 0
github.com/fall_out_bug/sdp-trace/internal/harnessobs/harnessobs_281_validate.go:21.2,21.24 1 1
github.com/fall_out_bug/sdp-trace/internal/harnessobs/harnessobs_282_validatevalidateinputs.go:3.83,7.53 1 1
github.com/fall_out_bug/sdp-trace/internal/harnessobs/harnessobs_282_validatevalidateinputs.go:7.53,9.3 1 0
github.com/fall_out_bug/sdp-trace/internal/harnessobs/harnessobs_282_validatevalidateinputs.go:11.2,11.36 1 1
github.com/fall_out_bug/sdp-trace/internal/harnessobs/harnessobs_283_requirevalidateoptions.go:3.57,7.97 1 1
github.com/fall_out_bug/sdp-trace/internal/harnessobs/harnessobs_283_requirevalidateoptions.go:7.97,9.3 1 0
github.com/fall_out_bug/sdp-trace/internal/harnessobs/harnessobs_283_requirevalidateoptions.go:11.2,11.88 1 1
github.com/fall_out_bug/sdp-trace/internal/harnessobs/harnessobs_283_requirevalidateoptions.go:11.88,13.3 1 0
github.com/fall_out_bug/sdp-trace/internal/harnessobs/harnessobs_283_requirevalidateoptions.go:14.2,14.12 1 1
github.com/fall_out_bug/sdp-trace/internal/harnessobs/harnessobs_284_requirenonblank.go:9.51,13.36 1 1
github.com/fall_out_bug/sdp-trace/internal/harnessobs/harnessobs_284_requirenonblank.go:13.36,16.3 1 1
github.com/fall_out_bug/sdp-trace/internal/harnessobs/harnessobs_284_requirenonblank.go:17.2,17.12 1 1
github.com/fall_out_bug/sdp-trace/internal/harnessobs/harnessobs_285_resolvevalidateinputs.go:3.82,8.16 2 1
github.com/fall_out_bug/sdp-trace/internal/harnessobs/harnessobs_285_resolvevalidateinputs.go:8.16,10.3 1 1
github.com/fall_out_bug/sdp-trace/internal/harnessobs/harnessobs_285_resolvevalidateinputs.go:12.2,13.16 2 1
github.com/fall_out_bug/sdp-trace/internal/harnessobs/harnessobs_285_resolvevalidateinputs.go:13.16,15.3 1 1
github.com/fall_out_bug/sdp-trace/internal/harnessobs/harnessobs_285_resolvevalidateinputs.go:16.2,16.42 1 1
github.com/fall_out_bug/sdp-trace/internal/harnessobs/harnessobs_286_resolvevalidatesourcepaths.go:7.79,13.16 2 1
github.com/fall_out_bug/sdp-trace/internal/harnessobs/harnessobs_286_resolvevalidatesourcepaths.go:13.16,15.3 1 1
github.com/fall_out_bug/sdp-trace/internal/harnessobs/harnessobs_286_resolvevalidatesourcepaths.go:16.2,17.16 2 1
github.com/fall_out_bug/sdp-trace/internal/harnessobs/harnessobs_286_resolvevalidatesourcepaths.go:17.16,19.3 1 1
github.com/fall_out_bug/sdp-trace/internal/harnessobs/harnessobs_286_resolvevalidatesourcepaths.go:20.2,20.33 1 1
github.com/fall_out_bug/sdp-trace/internal/harnessobs/harnessobs_287_resolvevalidateoutpath.go:7.61,11.19 1 1
github.com/fall_out_bug/sdp-trace/internal/harnessobs/harnessobs_287_resolvevalidateoutpath.go:11.19,14.3 1 1
github.com/fall_out_bug/sdp-trace/internal/harnessobs/harnessobs_287_resolvevalidateoutpath.go:15.2,16.16 2 1
github.com/fall_out_bug/sdp-trace/internal/harnessobs/harnessobs_287_resolvevalidateoutpath.go:16.16,18.3 1 1
github.com/fall_out_bug/sdp-trace/internal/harnessobs/harnessobs_287_resolvevalidateoutpath.go:19.2,19.21 1 1
github.com/fall_out_bug/sdp-trace/internal/harnessobs/harnessobs_288_evaluationfromrun.go:3.67,8.16 2 1
github.com/fall_out_bug/sdp-trace/internal/harnessobs/harnessobs_288_evaluationfromrun.go:8.16,11.3 1 1
github.com/fall_out_bug/sdp-trace/internal/harnessobs/harnessobs_288_evaluationfromrun.go:12.2,12.39 1 1
github.com/fall_out_bug/sdp-trace/internal/harnessobs/harnessobs_289_fallbacksourceunavailable.go:3.60,20.2 3 1
github.com/fall_out_bug/sdp-trace/internal/harnessobs/harnessobs_290_writevalidationifrequested.go:3.78,7.19 1 1
github.com/fall_out_bug/sdp-trace/internal/harnessobs/harnessobs_290_writevalidationifrequested.go:7.19,10.3 1 1
github.com/fall_out_bug/sdp-trace/internal/harnessobs/harnessobs_290_writevalidationifrequested.go:11.2,11.39 1 1
github.com/fall_out_bug/sdp-trace/internal/harnessobs/harnessobs_291_loadprofile.go:3.48,9.57 2 1
github.com/fall_out_bug/sdp-trace/internal/harnessobs/harnessobs_291_loadprofile.go:9.57,11.3 1 0
github.com/fall_out_bug/sdp-trace/internal/harnessobs/harnessobs_291_loadprofile.go:12.2,12.49 1 1
github.com/fall_out_bug/sdp-trace/internal/harnessobs/harnessobs_291_loadprofile.go:12.49,14.3 1 0
github.com/fall_out_bug/sdp-trace/internal/harnessobs/harnessobs_291_loadprofile.go:15.2,15.21 1 1
github.com/fall_out_bug/sdp-trace/internal/harnessobs/harnessobs_292_loadsessionprofile.go:3.62,9.63 2 1
github.com/fall_out_bug/sdp-trace/internal/harnessobs/harnessobs_292_loadsessionprofile.go:9.63,11.3 1 1
github.com/fall_out_bug/sdp-trace/internal/harnessobs/harnessobs_292_loadsessionprofile.go:12.2,12.57 1 1
github.com/fall_out_bug/sdp-trace/internal/harnessobs/harnessobs_292_loadsessionprofile.go:12.57,14.3 1 1
github.com/fall_out_bug/sdp-trace/internal/harnessobs/harnessobs_292_loadsessionprofile.go:15.2,15.21 1 1
github.com/fall_out_bug/sdp-trace/internal/harnessobs/harnessobs_293_validatesessionprofile.go:3.60,8.65 1 1
github.com/fall_out_bug/sdp-trace/internal/harnessobs/harnessobs_293_validatesessionprofile.go:8.65,10.3 1 1
github.com/fall_out_bug/sdp-trace/internal/harnessobs/harnessobs_293_validatesessionprofile.go:12.2,12.63 1 1
github.com/fall_out_bug/sdp-trace/internal/harnessobs/harnessobs_293_validatesessionprofile.go:12.63,14.3 1 0
github.com/fall_out_bug/sdp-trace/internal/harnessobs/harnessobs_293_validatesessionprofile.go:15.2,15.74 1 1
github.com/fall_out_bug/sdp-trace/internal/harnessobs/harnessobs_293_validatesessionprofile.go:15.74,17.3 1 1
github.com/fall_out_bug/sdp-trace/internal/harnessobs/harnessobs_293_validatesessionprofile.go:18.2,18.62 1 1
github.com/fall_out_bug/sdp-trace/internal/harnessobs/harnessobs_294_validatesessionprofileidentity.go:8.67,12.58 1 1
github.com/fall_out_bug/sdp-trace/internal/harnessobs/harnessobs_294_validatesessionprofileidentity.go:12.58,14.3 1 1
github.com/fall_out_bug/sdp-trace/internal/harnessobs/harnessobs_294_validatesessionprofileidentity.go:16.2,16.51 1 1
github.com/fall_out_bug/sdp-trace/internal/harnessobs/harnessobs_294_validatesessionprofileidentity.go:16.51,18.3 1 0
github.com/fall_out_bug/sdp-trace/internal/harnessobs/harnessobs_294_validatesessionprofileidentity.go:19.2,19.45 1 1
github.com/fall_out_bug/sdp-trace/internal/harnessobs/harnessobs_295_validatesessionprofilepaths.go:3.64,7.62 1 1
github.com/fall_out_bug/sdp-trace/internal/harnessobs/harnessobs_295_validatesessionprofilepaths.go:7.62,9.3 1 0
github.com/fall_out_bug/sdp-trace/internal/harnessobs/harnessobs_295_validatesessionprofilepaths.go:11.2,11.40 1 1
github.com/fall_out_bug/sdp-trace/internal/harnessobs/harnessobs_296_validaterequiredsessionpaths.go:3.65,7.117 1 1
github.com/fall_out_bug/sdp-trace/internal/harnessobs/harnessobs_296_validaterequiredsessionpaths.go:7.117,9.3 1 0
github.com/fall_out_bug/sdp-trace/internal/harnessobs/harnessobs_296_validaterequiredsessionpaths.go:11.2,11.111 1 1
github.com/fall_out_bug/sdp-trace/internal/harnessobs/harnessobs_296_validaterequiredsessionpaths.go:11.111,13.3 1 0
github.com/fall_out_bug/sdp-trace/internal/harnessobs/harnessobs_296_validaterequiredsessionpaths.go:14.2,14.12 1 1
github.com/fall_out_bug/sdp-trace/internal/harnessobs/harnessobs_297_validateraweventconfig.go:9.59,16.55 3 1
github.com/fall_out_bug/sdp-trace/internal/harnessobs/harnessobs_297_validateraweventconfig.go:16.55,18.3 1 0
github.com/fall_out_bug/sdp-trace/internal/harnessobs/harnessobs_297_validateraweventconfig.go:20.2,20.51 1 1
github.com/fall_out_bug/sdp-trace/internal/harnessobs/harnessobs_298_validateraweventpair.go:7.60,12.9 1 1
github.com/fall_out_bug/sdp-trace/internal/harnessobs/harnessobs_298_validateraweventpair.go:13.30,14.13 1 1
github.com/fall_out_bug/sdp-trace/internal/harnessobs/harnessobs_298_validateraweventpair.go:15.17,16.75 1 1
github.com/fall_out_bug/sdp-trace/internal/harnessobs/harnessobs_298_validateraweventpair.go:17.10,18.75 1 0
github.com/fall_out_bug/sdp-trace/internal/harnessobs/harnessobs_299_unsupportedraweventformat.go:3.52,5.2 1 1
github.com/fall_out_bug/sdp-trace/internal/harnessobs/harnessobs_300_normalizesessionstreamcapture.go:3.67,8.41 2 1
github.com/fall_out_bug/sdp-trace/internal/harnessobs/harnessobs_300_normalizesessionstreamcapture.go:8.41,10.3 1 1
github.com/fall_out_bug/sdp-trace/internal/harnessobs/harnessobs_300_normalizesessionstreamcapture.go:12.2,12.63 1 1
github.com/fall_out_bug/sdp-trace/internal/harnessobs/harnessobs_301_defaultsessionstreamcapture.go:3.59,7.33 1 1
github.com/fall_out_bug/sdp-trace/internal/harnessobs/harnessobs_301_defaultsessionstreamcapture.go:7.33,10.3 1 1
github.com/fall_out_bug/sdp-trace/internal/harnessobs/harnessobs_302_unsupportedsessionstreamcapture.go:7.57,11.14 1 1
github.com/fall_out_bug/sdp-trace/internal/harnessobs/harnessobs_302_unsupportedsessionstreamcapture.go:12.46,14.59 1 1
github.com/fall_out_bug/sdp-trace/internal/harnessobs/harnessobs_302_unsupportedsessionstreamcapture.go:15.10,16.50 1 1
github.com/fall_out_bug/sdp-trace/internal/harnessobs/harnessobs_303_validatesessionsetupactions.go:7.70,11.22 1 1
github.com/fall_out_bug/sdp-trace/internal/harnessobs/harnessobs_303_validatesessionsetupactions.go:11.22,13.3 1 0
github.com/fall_out_bug/sdp-trace/internal/harnessobs/harnessobs_303_validatesessionsetupactions.go:15.2,15.33 1 1
github.com/fall_out_bug/sdp-trace/internal/harnessobs/harnessobs_303_validatesessionsetupactions.go:15.33,16.60 1 1
github.com/fall_out_bug/sdp-trace/internal/harnessobs/harnessobs_303_validatesessionsetupactions.go:16.60,18.4 1 1
github.com/fall_out_bug/sdp-trace/internal/harnessobs/harnessobs_303_validatesessionsetupactions.go:20.2,20.12 1 1
github.com/fall_out_bug/sdp-trace/internal/harnessobs/harnessobs_304_validatesessionsetupaction.go:7.66,11.43 1 1
github.com/fall_out_bug/sdp-trace/internal/harnessobs/harnessobs_304_validatesessionsetupaction.go:11.43,13.3 1 1
github.com/fall_out_bug/sdp-trace/internal/harnessobs/harnessobs_304_validatesessionsetupaction.go:15.2,15.21 1 1
github.com/fall_out_bug/sdp-trace/internal/harnessobs/harnessobs_304_validatesessionsetupaction.go:16.65,17.13 1 1
github.com/fall_out_bug/sdp-trace/internal/harnessobs/harnessobs_304_validatesessionsetupaction.go:18.10,19.53 1 1
github.com/fall_out_bug/sdp-trace/internal/harnessobs/harnessobs_305_validatesessionisolationrules.go:3.72,7.29 1 1
github.com/fall_out_bug/sdp-trace/internal/harnessobs/harnessobs_305_validatesessionisolationrules.go:7.29,9.60 1 1
github.com/fall_out_bug/sdp-trace/internal/harnessobs/harnessobs_305_validatesessionisolationrules.go:9.60,11.4 1 0
github.com/fall_out_bug/sdp-trace/internal/harnessobs/harnessobs_305_validatesessionisolationrules.go:13.2,13.12 1 1
github.com/fall_out_bug/sdp-trace/internal/harnessobs/harnessobs_306_validatesessionisolationrule.go:7.68,11.41 1 1
github.com/fall_out_bug/sdp-trace/internal/harnessobs/harnessobs_306_validatesessionisolationrule.go:11.41,13.3 1 1
github.com/fall_out_bug/sdp-trace/internal/harnessobs/harnessobs_306_validatesessionisolationrule.go:15.2,15.67 1 1
github.com/fall_out_bug/sdp-trace/internal/harnessobs/harnessobs_306_validatesessionisolationrule.go:15.67,17.3 1 1
github.com/fall_out_bug/sdp-trace/internal/harnessobs/harnessobs_306_validatesessionisolationrule.go:18.2,18.48 1 1
github.com/fall_out_bug/sdp-trace/internal/harnessobs/harnessobs_306_validatesessionisolationrule.go:18.48,20.3 1 1
github.com/fall_out_bug/sdp-trace/internal/harnessobs/harnessobs_306_validatesessionisolationrule.go:21.2,21.45 1 1
github.com/fall_out_bug/sdp-trace/internal/harnessobs/harnessobs_307_validateisolationrulepattern.go:7.57,11.41 1 1
github.com/fall_out_bug/sdp-trace/internal/harnessobs/harnessobs_307_validateisolationrulepattern.go:11.41,14.3 1 1
github.com/fall_out_bug/sdp-trace/internal/harnessobs/harnessobs_307_validateisolationrulepattern.go:15.2,15.12 1 1
github.com/fall_out_bug/sdp-trace/internal/harnessobs/harnessobs_308_unsafeisolationrulepattern.go:7.54,9.2 1 1
github.com/fall_out_bug/sdp-trace/internal/harnessobs/harnessobs_309_validateisolationrulekind.go:7.51,12.14 1 1
github.com/fall_out_bug/sdp-trace/internal/harnessobs/harnessobs_309_validateisolationrulekind.go:13.39,14.13 1 1
github.com/fall_out_bug/sdp-trace/internal/harnessobs/harnessobs_309_validateisolationrulekind.go:15.10,16.55 1 1
github.com/fall_out_bug/sdp-trace/internal/harnessobs/harnessobs_310_installisolationrules.go:3.112,8.29 2 1
github.com/fall_out_bug/sdp-trace/internal/harnessobs/harnessobs_310_installisolationrules.go:8.29,11.17 2 1
github.com/fall_out_bug/sdp-trace/internal/harnessobs/harnessobs_310_installisolationrules.go:11.17,13.4 1 0
github.com/fall_out_bug/sdp-trace/internal/harnessobs/harnessobs_310_installisolationrules.go:15.3,16.17 2 1
github.com/fall_out_bug/sdp-trace/internal/harnessobs/harnessobs_310_installisolationrules.go:16.17,18.4 1 0
github.com/fall_out_bug/sdp-trace/internal/harnessobs/harnessobs_310_installisolationrules.go:19.3,19.36 1 1
github.com/fall_out_bug/sdp-trace/internal/harnessobs/harnessobs_310_installisolationrules.go:21.2,21.21 1 1
github.com/fall_out_bug/sdp-trace/internal/harnessobs/harnessobs_311_resolveisolationruletarget.go:3.110,9.16 2 1
github.com/fall_out_bug/sdp-trace/internal/harnessobs/harnessobs_311_resolveisolationruletarget.go:9.16,11.3 1 0
github.com/fall_out_bug/sdp-trace/internal/harnessobs/harnessobs_311_resolveisolationruletarget.go:12.2,13.18 2 1
github.com/fall_out_bug/sdp-trace/internal/harnessobs/harnessobs_312_safeprofilerelativeisolationfile.go:9.84,13.40 1 1
github.com/fall_out_bug/sdp-trace/internal/harnessobs/harnessobs_312_safeprofilerelativeisolationfile.go:13.40,15.3 1 1
github.com/fall_out_bug/sdp-trace/internal/harnessobs/harnessobs_312_safeprofilerelativeisolationfile.go:17.2,18.55 2 1
github.com/fall_out_bug/sdp-trace/internal/harnessobs/harnessobs_312_safeprofilerelativeisolationfile.go:18.55,20.3 1 1
github.com/fall_out_bug/sdp-trace/internal/harnessobs/harnessobs_312_safeprofilerelativeisolationfile.go:21.2,21.72 1 1
github.com/fall_out_bug/sdp-trace/internal/harnessobs/harnessobs_312_safeprofilerelativeisolationfile.go:21.72,23.3 1 1
github.com/fall_out_bug/sdp-trace/internal/harnessobs/harnessobs_312_safeprofilerelativeisolationfile.go:24.2,24.19 1 1
github.com/fall_out_bug/sdp-trace/internal/harnessobs/harnessobs_313_cleanprofilerelativepath.go:7.67,13.20 2 1
github.com/fall_out_bug/sdp-trace/internal/harnessobs/harnessobs_313_cleanprofilerelativepath.go:13.20,15.3 1 1
github.com/fall_out_bug/sdp-trace/internal/harnessobs/harnessobs_313_cleanprofilerelativepath.go:16.2,16.56 1 1
github.com/fall_out_bug/sdp-trace/internal/harnessobs/harnessobs_314_validateisolationparent.go:7.50,12.60 2 1
github.com/fall_out_bug/sdp-trace/internal/harnessobs/harnessobs_314_validateisolationparent.go:12.60,14.3 1 0
github.com/fall_out_bug/sdp-trace/internal/harnessobs/harnessobs_314_validateisolationparent.go:16.2,16.54 1 1
github.com/fall_out_bug/sdp-trace/internal/harnessobs/harnessobs_315_validateisolationfilename.go:9.51,13.70 1 1
github.com/fall_out_bug/sdp-trace/internal/harnessobs/harnessobs_315_validateisolationfilename.go:13.70,16.3 1 1
github.com/fall_out_bug/sdp-trace/internal/harnessobs/harnessobs_315_validateisolationfilename.go:17.2,17.12 1 1
github.com/fall_out_bug/sdp-trace/internal/harnessobs/harnessobs_316_installisolationrule.go:3.86,7.50 1 1
github.com/fall_out_bug/sdp-trace/internal/harnessobs/harnessobs_316_installisolationrule.go:7.50,9.3 1 0
github.com/fall_out_bug/sdp-trace/internal/harnessobs/harnessobs_316_installisolationrule.go:11.2,11.34 1 1
github.com/fall_out_bug/sdp-trace/internal/harnessobs/harnessobs_317_ensureisolationrule.go:7.59,12.9 2 1
github.com/fall_out_bug/sdp-trace/internal/harnessobs/harnessobs_317_ensureisolationrule.go:12.9,15.3 1 1
github.com/fall_out_bug/sdp-trace/internal/harnessobs/harnessobs_317_ensureisolationrule.go:16.2,16.49 1 1
github.com/fall_out_bug/sdp-trace/internal/harnessobs/harnessobs_318_ensurelinefilerule.go:3.50,8.16 2 1
github.com/fall_out_bug/sdp-trace/internal/harnessobs/harnessobs_318_ensurelinefilerule.go:8.16,10.3 1 0
github.com/fall_out_bug/sdp-trace/internal/harnessobs/harnessobs_318_ensurelinefilerule.go:12.2,12.33 1 1
github.com/fall_out_bug/sdp-trace/internal/harnessobs/harnessobs_318_ensurelinefilerule.go:12.33,13.23 1 0
github.com/fall_out_bug/sdp-trace/internal/harnessobs/harnessobs_318_ensurelinefilerule.go:13.23,15.4 1 0
github.com/fall_out_bug/sdp-trace/internal/harnessobs/harnessobs_318_ensurelinefilerule.go:17.2,18.32 2 1
github.com/fall_out_bug/sdp-trace/internal/harnessobs/harnessobs_319_readoptionallines.go:11.55,16.36 2 1
github.com/fall_out_bug/sdp-trace/internal/harnessobs/harnessobs_319_readoptionallines.go:16.36,19.3 1 1
github.com/fall_out_bug/sdp-trace/internal/harnessobs/harnessobs_319_readoptionallines.go:20.2,20.16 1 1
github.com/fall_out_bug/sdp-trace/internal/harnessobs/harnessobs_319_readoptionallines.go:20.16,22.3 1 0
github.com/fall_out_bug/sdp-trace/internal/harnessobs/harnessobs_319_readoptionallines.go:23.2,24.16 2 1
github.com/fall_out_bug/sdp-trace/internal/harnessobs/harnessobs_319_readoptionallines.go:24.16,26.3 1 0
github.com/fall_out_bug/sdp-trace/internal/harnessobs/harnessobs_319_readoptionallines.go:27.2,27.39 1 1
github.com/fall_out_bug/sdp-trace/internal/harnessobs/harnessobs_320_writelines.go:10.52,14.63 1 1
github.com/fall_out_bug/sdp-trace/internal/harnessobs/harnessobs_320_writelines.go:14.63,16.3 1 0
github.com/fall_out_bug/sdp-trace/internal/harnessobs/harnessobs_320_writelines.go:18.2,18.74 1 1
github.com/fall_out_bug/sdp-trace/internal/harnessobs/harnessobs_321_ensurejsonreaddenyrule.go:3.57,9.16 2 1
github.com/fall_out_bug/sdp-trace/internal/harnessobs/harnessobs_321_ensurejsonreaddenyrule.go:9.16,11.3 1 1
github.com/fall_out_bug/sdp-trace/internal/harnessobs/harnessobs_321_ensurejsonreaddenyrule.go:12.2,13.32 2 1
github.com/fall_out_bug/sdp-trace/internal/harnessobs/harnessobs_322_readoptionaljsonobject.go:7.66,12.16 2 1
github.com/fall_out_bug/sdp-trace/internal/harnessobs/harnessobs_322_readoptionaljsonobject.go:12.16,14.3 1 1
github.com/fall_out_bug/sdp-trace/internal/harnessobs/harnessobs_322_readoptionaljsonobject.go:16.2,16.38 1 1
github.com/fall_out_bug/sdp-trace/internal/harnessobs/harnessobs_323_optionaljsonobjectreaderror.go:9.69,13.36 1 1
github.com/fall_out_bug/sdp-trace/internal/harnessobs/harnessobs_323_optionaljsonobjectreaderror.go:13.36,16.3 1 1
github.com/fall_out_bug/sdp-trace/internal/harnessobs/harnessobs_323_optionaljsonobjectreaderror.go:17.2,17.17 1 0
github.com/fall_out_bug/sdp-trace/internal/harnessobs/harnessobs_324_parseoptionaljsonobject.go:7.67,12.21 2 1
github.com/fall_out_bug/sdp-trace/internal/harnessobs/harnessobs_324_parseoptionaljsonobject.go:12.21,15.3 1 1
github.com/fall_out_bug/sdp-trace/internal/harnessobs/harnessobs_324_parseoptionaljsonobject.go:16.2,16.54 1 1
github.com/fall_out_bug/sdp-trace/internal/harnessobs/harnessobs_324_parseoptionaljsonobject.go:16.54,18.3 1 1
github.com/fall_out_bug/sdp-trace/internal/harnessobs/harnessobs_324_parseoptionaljsonobject.go:19.2,19.20 1 1
github.com/fall_out_bug/sdp-trace/internal/harnessobs/harnessobs_325_blankjson.go:7.34,9.2 1 1
github.com/fall_out_bug/sdp-trace/internal/harnessobs/harnessobs_326_setjsonreaddeny.go:3.61,11.2 3 1
github.com/fall_out_bug/sdp-trace/internal/harnessobs/harnessobs_327_ensureobject.go:3.69,7.51 1 1
github.com/fall_out_bug/sdp-trace/internal/harnessobs/harnessobs_327_ensureobject.go:7.51,9.3 1 0
github.com/fall_out_bug/sdp-trace/internal/harnessobs/harnessobs_327_ensureobject.go:11.2,13.14 3 1
github.com/fall_out_bug/sdp-trace/internal/harnessobs/harnessobs_328_verifyisolationrule.go:3.85,10.16 3 1
github.com/fall_out_bug/sdp-trace/internal/harnessobs/harnessobs_328_verifyisolationrule.go:10.16,12.3 1 0
github.com/fall_out_bug/sdp-trace/internal/harnessobs/harnessobs_328_verifyisolationrule.go:13.2,15.20 3 1
github.com/fall_out_bug/sdp-trace/internal/harnessobs/harnessobs_329_applyisolationreadback.go:3.70,7.9 1 1
github.com/fall_out_bug/sdp-trace/internal/harnessobs/harnessobs_329_applyisolationreadback.go:7.9,11.3 2 0
github.com/fall_out_bug/sdp-trace/internal/harnessobs/harnessobs_330_setisolationdigest.go:3.70,7.46 1 1
github.com/fall_out_bug/sdp-trace/internal/harnessobs/harnessobs_330_setisolationdigest.go:7.46,10.3 1 1
github.com/fall_out_bug/sdp-trace/internal/harnessobs/harnessobs_331_initialisolationresult.go:7.79,20.2 1 1
github.com/fall_out_bug/sdp-trace/internal/harnessobs/harnessobs_332_isolationrulepresent.go:7.68,11.19 1 1
github.com/fall_out_bug/sdp-trace/internal/harnessobs/harnessobs_332_isolationrulepresent.go:12.21,13.65 1 1
github.com/fall_out_bug/sdp-trace/internal/harnessobs/harnessobs_332_isolationrulepresent.go:14.24,15.64 1 0
github.com/fall_out_bug/sdp-trace/internal/harnessobs/harnessobs_332_isolationrulepresent.go:16.10,18.62 1 1
github.com/fall_out_bug/sdp-trace/internal/harnessobs/harnessobs_333_lineisolationrulepresent.go:3.67,8.16 2 1
github.com/fall_out_bug/sdp-trace/internal/harnessobs/harnessobs_333_lineisolationrulepresent.go:8.16,10.3 1 0
github.com/fall_out_bug/sdp-trace/internal/harnessobs/harnessobs_333_lineisolationrulepresent.go:12.2,12.29 1 1
github.com/fall_out_bug/sdp-trace/internal/harnessobs/harnessobs_333_lineisolationrulepresent.go:12.29,13.22 1 1
github.com/fall_out_bug/sdp-trace/internal/harnessobs/harnessobs_333_lineisolationrulepresent.go:13.22,15.4 1 1
github.com/fall_out_bug/sdp-trace/internal/harnessobs/harnessobs_333_lineisolationrulepresent.go:17.2,17.19 1 1
github.com/fall_out_bug/sdp-trace/internal/harnessobs/harnessobs_334_jsonreaddenyrulepresent.go:3.66,10.56 2 1
github.com/fall_out_bug/sdp-trace/internal/harnessobs/harnessobs_334_jsonreaddenyrulepresent.go:10.56,12.3 1 0
github.com/fall_out_bug/sdp-trace/internal/harnessobs/harnessobs_334_jsonreaddenyrulepresent.go:13.2,13.55 1 1
github.com/fall_out_bug/sdp-trace/internal/harnessobs/harnessobs_335_loadsessionrun.go:3.54,9.53 2 1
github.com/fall_out_bug/sdp-trace/internal/harnessobs/harnessobs_335_loadsessionrun.go:9.53,11.3 1 0
github.com/fall_out_bug/sdp-trace/internal/harnessobs/harnessobs_335_loadsessionrun.go:12.2,12.54 1 1
github.com/fall_out_bug/sdp-trace/internal/harnessobs/harnessobs_335_loadsessionrun.go:12.54,14.3 1 0
github.com/fall_out_bug/sdp-trace/internal/harnessobs/harnessobs_335_loadsessionrun.go:15.2,15.17 1 1
github.com/fall_out_bug/sdp-trace/internal/harnessobs/harnessobs_336_validateloadedsessionrun.go:8.53,12.50 1 1
github.com/fall_out_bug/sdp-trace/internal/harnessobs/harnessobs_336_validateloadedsessionrun.go:12.50,14.3 1 0
github.com/fall_out_bug/sdp-trace/internal/harnessobs/harnessobs_336_validateloadedsessionrun.go:16.2,16.47 1 1
github.com/fall_out_bug/sdp-trace/internal/harnessobs/harnessobs_336_validateloadedsessionrun.go:16.47,18.3 1 0
github.com/fall_out_bug/sdp-trace/internal/harnessobs/harnessobs_336_validateloadedsessionrun.go:19.2,19.12 1 1
github.com/fall_out_bug/sdp-trace/internal/harnessobs/harnessobs_337_readexistingjson.go:9.54,14.16 2 1
github.com/fall_out_bug/sdp-trace/internal/harnessobs/harnessobs_337_readexistingjson.go:14.16,16.3 1 1
github.com/fall_out_bug/sdp-trace/internal/harnessobs/harnessobs_337_readexistingjson.go:18.2,19.16 2 1
github.com/fall_out_bug/sdp-trace/internal/harnessobs/harnessobs_337_readexistingjson.go:19.16,21.3 1 0
github.com/fall_out_bug/sdp-trace/internal/harnessobs/harnessobs_337_readexistingjson.go:22.2,22.37 1 1
github.com/fall_out_bug/sdp-trace/internal/harnessobs/harnessobs_338_readexistingjsonstrict.go:7.60,12.16 2 1
github.com/fall_out_bug/sdp-trace/internal/harnessobs/harnessobs_338_readexistingjsonstrict.go:12.16,14.3 1 0
github.com/fall_out_bug/sdp-trace/internal/harnessobs/harnessobs_338_readexistingjsonstrict.go:16.2,17.16 2 1
github.com/fall_out_bug/sdp-trace/internal/harnessobs/harnessobs_338_readexistingjsonstrict.go:17.16,19.3 1 0
github.com/fall_out_bug/sdp-trace/internal/harnessobs/harnessobs_338_readexistingjsonstrict.go:20.2,20.39 1 1
github.com/fall_out_bug/sdp-trace/internal/harnessobs/harnessobs_339_decodestrictjson.go:12.54,19.47 3 1
github.com/fall_out_bug/sdp-trace/internal/harnessobs/harnessobs_339_decodestrictjson.go:19.47,21.3 1 1
github.com/fall_out_bug/sdp-trace/internal/harnessobs/harnessobs_339_decodestrictjson.go:23.2,24.63 2 1
github.com/fall_out_bug/sdp-trace/internal/harnessobs/harnessobs_339_decodestrictjson.go:24.63,26.3 1 1
github.com/fall_out_bug/sdp-trace/internal/harnessobs/harnessobs_339_decodestrictjson.go:27.2,27.12 1 1
github.com/fall_out_bug/sdp-trace/internal/harnessobs/harnessobs_340_newsessionrun.go:7.70,15.2 3 1
github.com/fall_out_bug/sdp-trace/internal/harnessobs/harnessobs_341_newsessionrunrecord.go:7.124,31.2 1 1
github.com/fall_out_bug/sdp-trace/internal/harnessobs/harnessobs_342_sessionsetupactionids.go:7.61,12.46 2 1
github.com/fall_out_bug/sdp-trace/internal/harnessobs/harnessobs_342_sessionsetupactionids.go:12.46,15.3 1 1
github.com/fall_out_bug/sdp-trace/internal/harnessobs/harnessobs_342_sessionsetupactionids.go:17.2,18.18 2 1
github.com/fall_out_bug/sdp-trace/internal/harnessobs/harnessobs_343_currentsourcecommitstate.go:3.50,8.18 2 1
github.com/fall_out_bug/sdp-trace/internal/harnessobs/harnessobs_343_currentsourcecommitstate.go:8.18,11.3 1 1
github.com/fall_out_bug/sdp-trace/internal/harnessobs/harnessobs_343_currentsourcecommitstate.go:12.2,12.26 1 0
github.com/fall_out_bug/sdp-trace/internal/harnessobs/harnessobs_344_readeventsfrompath.go:3.82,9.16 2 1
github.com/fall_out_bug/sdp-trace/internal/harnessobs/harnessobs_344_readeventsfrompath.go:9.16,11.3 1 0
github.com/fall_out_bug/sdp-trace/internal/harnessobs/harnessobs_344_readeventsfrompath.go:12.2,12.40 1 1
github.com/fall_out_bug/sdp-trace/internal/harnessobs/harnessobs_345_safeprofilerelativefile.go:9.75,13.40 1 1
github.com/fall_out_bug/sdp-trace/internal/harnessobs/harnessobs_345_safeprofilerelativefile.go:13.40,15.3 1 1
github.com/fall_out_bug/sdp-trace/internal/harnessobs/harnessobs_345_safeprofilerelativefile.go:17.2,18.20 2 1
github.com/fall_out_bug/sdp-trace/internal/harnessobs/harnessobs_345_safeprofilerelativefile.go:18.20,20.3 1 1
github.com/fall_out_bug/sdp-trace/internal/harnessobs/harnessobs_345_safeprofilerelativefile.go:21.2,21.58 1 0
github.com/fall_out_bug/sdp-trace/internal/harnessobs/harnessobs_346_safeprofilerelativeoutfile.go:9.78,13.40 1 1
github.com/fall_out_bug/sdp-trace/internal/harnessobs/harnessobs_346_safeprofilerelativeoutfile.go:13.40,15.3 1 0
github.com/fall_out_bug/sdp-trace/internal/harnessobs/harnessobs_346_safeprofilerelativeoutfile.go:17.2,18.20 2 1
github.com/fall_out_bug/sdp-trace/internal/harnessobs/harnessobs_346_safeprofilerelativeoutfile.go:18.20,20.3 1 1
github.com/fall_out_bug/sdp-trace/internal/harnessobs/harnessobs_346_safeprofilerelativeoutfile.go:21.2,21.53 1 0
github.com/fall_out_bug/sdp-trace/internal/harnessobs/harnessobs_347_unsafeprofilerelativepath.go:9.50,12.2 1 1
github.com/fall_out_bug/sdp-trace/internal/harnessobs/harnessobs_348_normalizerawevents.go:7.101,12.81 1 1
github.com/fall_out_bug/sdp-trace/internal/harnessobs/harnessobs_348_normalizerawevents.go:12.81,14.3 1 1
github.com/fall_out_bug/sdp-trace/internal/harnessobs/harnessobs_348_normalizerawevents.go:15.2,16.16 2 1
github.com/fall_out_bug/sdp-trace/internal/harnessobs/harnessobs_348_normalizerawevents.go:16.16,18.3 1 1
github.com/fall_out_bug/sdp-trace/internal/harnessobs/harnessobs_348_normalizerawevents.go:19.2,19.47 1 1
github.com/fall_out_bug/sdp-trace/internal/harnessobs/harnessobs_349_validaterawnormalizationinputs.go:9.76,13.38 1 1
github.com/fall_out_bug/sdp-trace/internal/harnessobs/harnessobs_349_validaterawnormalizationinputs.go:13.38,15.3 1 1
github.com/fall_out_bug/sdp-trace/internal/harnessobs/harnessobs_349_validaterawnormalizationinputs.go:17.2,17.56 1 1
github.com/fall_out_bug/sdp-trace/internal/harnessobs/harnessobs_349_validaterawnormalizationinputs.go:17.56,19.3 1 1
github.com/fall_out_bug/sdp-trace/internal/harnessobs/harnessobs_349_validaterawnormalizationinputs.go:20.2,20.12 1 1
github.com/fall_out_bug/sdp-trace/internal/harnessobs/harnessobs_350_rawnormalizationtime.go:7.52,11.18 1 1
github.com/fall_out_bug/sdp-trace/internal/harnessobs/harnessobs_350_rawnormalizationtime.go:11.18,14.3 1 0
github.com/fall_out_bug/sdp-trace/internal/harnessobs/harnessobs_350_rawnormalizationtime.go:15.2,15.12 1 1
github.com/fall_out_bug/sdp-trace/internal/harnessobs/harnessobs_351_normalizedopencoderawevents.go:9.104,14.16 2 1
github.com/fall_out_bug/sdp-trace/internal/harnessobs/harnessobs_351_normalizedopencoderawevents.go:14.16,16.3 1 0
github.com/fall_out_bug/sdp-trace/internal/harnessobs/harnessobs_351_normalizedopencoderawevents.go:17.2,19.55 2 1
github.com/fall_out_bug/sdp-trace/internal/harnessobs/harnessobs_352_scanopencoderawevents.go:11.98,20.21 5 1
github.com/fall_out_bug/sdp-trace/internal/harnessobs/harnessobs_352_scanopencoderawevents.go:20.21,25.17 4 1
github.com/fall_out_bug/sdp-trace/internal/harnessobs/harnessobs_352_scanopencoderawevents.go:25.17,27.4 1 1
github.com/fall_out_bug/sdp-trace/internal/harnessobs/harnessobs_352_scanopencoderawevents.go:30.2,30.30 1 1
github.com/fall_out_bug/sdp-trace/internal/harnessobs/harnessobs_353_appendnormalizedrawline.go:7.103,12.16 2 1
github.com/fall_out_bug/sdp-trace/internal/harnessobs/harnessobs_353_appendnormalizedrawline.go:12.16,14.3 1 1
github.com/fall_out_bug/sdp-trace/internal/harnessobs/harnessobs_353_appendnormalizedrawline.go:16.2,16.43 1 1
github.com/fall_out_bug/sdp-trace/internal/harnessobs/harnessobs_354_normalizeopencoderawlinebytes.go:11.93,15.26 1 1
github.com/fall_out_bug/sdp-trace/internal/harnessobs/harnessobs_354_normalizeopencoderawlinebytes.go:15.26,17.3 1 1
github.com/fall_out_bug/sdp-trace/internal/harnessobs/harnessobs_354_normalizeopencoderawlinebytes.go:20.2,21.51 2 1
github.com/fall_out_bug/sdp-trace/internal/harnessobs/harnessobs_354_normalizeopencoderawlinebytes.go:21.51,23.3 1 1
github.com/fall_out_bug/sdp-trace/internal/harnessobs/harnessobs_354_normalizeopencoderawlinebytes.go:25.2,25.58 1 1
github.com/fall_out_bug/sdp-trace/internal/harnessobs/harnessobs_354_normalizeopencoderawlinebytes.go:25.58,27.3 1 1
github.com/fall_out_bug/sdp-trace/internal/harnessobs/harnessobs_354_normalizeopencoderawlinebytes.go:28.2,29.43 2 1
github.com/fall_out_bug/sdp-trace/internal/harnessobs/harnessobs_355_rejectunsaferawevent.go:7.65,11.71 1 1
github.com/fall_out_bug/sdp-trace/internal/harnessobs/harnessobs_355_rejectunsaferawevent.go:11.71,14.3 1 1
github.com/fall_out_bug/sdp-trace/internal/harnessobs/harnessobs_355_rejectunsaferawevent.go:15.2,15.12 1 1
github.com/fall_out_bug/sdp-trace/internal/harnessobs/harnessobs_356_addnormalizedsourcedigests.go:7.66,11.24 1 1
github.com/fall_out_bug/sdp-trace/internal/harnessobs/harnessobs_356_addnormalizedsourcedigests.go:11.24,13.17 2 1
github.com/fall_out_bug/sdp-trace/internal/harnessobs/harnessobs_356_addnormalizedsourcedigests.go:13.17,15.4 1 0
github.com/fall_out_bug/sdp-trace/internal/harnessobs/harnessobs_356_addnormalizedsourcedigests.go:17.3,17.44 1 1
github.com/fall_out_bug/sdp-trace/internal/harnessobs/harnessobs_356_addnormalizedsourcedigests.go:19.2,19.20 1 1
github.com/fall_out_bug/sdp-trace/internal/harnessobs/harnessobs_357_blankjsonlline.go:7.39,9.2 1 1
github.com/fall_out_bug/sdp-trace/internal/harnessobs/harnessobs_358_writenormalizedevents.go:3.66,8.16 2 1
github.com/fall_out_bug/sdp-trace/internal/harnessobs/harnessobs_358_writenormalizedevents.go:8.16,10.3 1 1
github.com/fall_out_bug/sdp-trace/internal/harnessobs/harnessobs_358_writenormalizedevents.go:11.2,12.31 2 1
github.com/fall_out_bug/sdp-trace/internal/harnessobs/harnessobs_358_writenormalizedevents.go:12.31,14.58 1 1
github.com/fall_out_bug/sdp-trace/internal/harnessobs/harnessobs_358_writenormalizedevents.go:14.58,16.4 1 0
github.com/fall_out_bug/sdp-trace/internal/harnessobs/harnessobs_358_writenormalizedevents.go:18.2,18.12 1 1
github.com/fall_out_bug/sdp-trace/internal/harnessobs/harnessobs_359_createnormalizedeventsfile.go:8.67,13.66 1 1
github.com/fall_out_bug/sdp-trace/internal/harnessobs/harnessobs_359_createnormalizedeventsfile.go:13.66,15.3 1 1
github.com/fall_out_bug/sdp-trace/internal/harnessobs/harnessobs_359_createnormalizedeventsfile.go:16.2,16.27 1 1
github.com/fall_out_bug/sdp-trace/internal/harnessobs/harnessobs_360_writenormalizedevent.go:9.61,14.16 2 1
github.com/fall_out_bug/sdp-trace/internal/harnessobs/harnessobs_360_writenormalizedevent.go:14.16,16.3 1 0
github.com/fall_out_bug/sdp-trace/internal/harnessobs/harnessobs_360_writenormalizedevent.go:18.2,19.12 2 1
github.com/fall_out_bug/sdp-trace/internal/query/capture_depth.go:17.50,21.16 2 1
github.com/fall_out_bug/sdp-trace/internal/query/capture_depth.go:21.16,23.3 1 0
github.com/fall_out_bug/sdp-trace/internal/query/capture_depth.go:24.2,26.46 3 1
github.com/fall_out_bug/sdp-trace/internal/query/capture_depth.go:29.65,37.16 4 1
github.com/fall_out_bug/sdp-trace/internal/query/capture_depth.go:37.16,39.3 1 0
github.com/fall_out_bug/sdp-trace/internal/query/capture_depth.go:40.2,41.17 2 1
github.com/fall_out_bug/sdp-trace/internal/query/capture_depth_claims.go:5.71,11.39 2 1
github.com/fall_out_bug/sdp-trace/internal/query/capture_depth_claims.go:11.39,12.26 1 1
github.com/fall_out_bug/sdp-trace/internal/query/capture_depth_claims.go:18.41,19.35 1 1
github.com/fall_out_bug/sdp-trace/internal/query/capture_depth_claims.go:22.2,22.12 1 1
github.com/fall_out_bug/sdp-trace/internal/query/capture_depth_events.go:7.68,11.42 2 1
github.com/fall_out_bug/sdp-trace/internal/query/capture_depth_events.go:11.42,13.3 1 1
github.com/fall_out_bug/sdp-trace/internal/query/capture_depth_events.go:14.2,15.50 2 1
github.com/fall_out_bug/sdp-trace/internal/query/capture_depth_events.go:15.50,16.22 1 1
github.com/fall_out_bug/sdp-trace/internal/query/capture_depth_events.go:16.22,18.4 1 1
github.com/fall_out_bug/sdp-trace/internal/query/capture_depth_events.go:20.2,20.16 1 1
github.com/fall_out_bug/sdp-trace/internal/query/capture_depth_summary.go:21.121,33.2 3 1
github.com/fall_out_bug/sdp-trace/internal/query/capture_depth_summary.go:35.114,43.2 5 1
github.com/fall_out_bug/sdp-trace/internal/query/missing_evidence.go:17.53,22.16 3 1
github.com/fall_out_bug/sdp-trace/internal/query/missing_evidence.go:22.16,24.3 1 0
github.com/fall_out_bug/sdp-trace/internal/query/missing_evidence.go:25.2,25.25 1 1
github.com/fall_out_bug/sdp-trace/internal/query/missing_evidence.go:25.25,27.3 1 1
github.com/fall_out_bug/sdp-trace/internal/query/missing_evidence.go:28.2,28.39 1 1
github.com/fall_out_bug/sdp-trace/internal/query/missing_evidence.go:31.60,35.16 2 1
github.com/fall_out_bug/sdp-trace/internal/query/missing_evidence.go:35.16,37.3 1 0
github.com/fall_out_bug/sdp-trace/internal/query/missing_evidence.go:38.2,38.44 1 1
github.com/fall_out_bug/sdp-trace/internal/query/querypack.go:5.65,7.2 1 1
github.com/fall_out_bug/sdp-trace/internal/query/querypack.go:9.80,13.16 1 1
github.com/fall_out_bug/sdp-trace/internal/query/querypack.go:13.16,15.3 1 0
github.com/fall_out_bug/sdp-trace/internal/query/querypack.go:16.2,16.45 1 1
github.com/fall_out_bug/sdp-trace/internal/query/querypack.go:19.65,24.26 2 1
github.com/fall_out_bug/sdp-trace/internal/query/querypack.go:24.26,27.3 2 1
github.com/fall_out_bug/sdp-trace/internal/query/querypack.go:28.2,34.25 7 1
github.com/fall_out_bug/sdp-trace/internal/query/querypack.go:37.58,42.39 2 1
github.com/fall_out_bug/sdp-trace/internal/query/querypack.go:42.39,44.28 2 1
github.com/fall_out_bug/sdp-trace/internal/query/querypack.go:44.28,46.4 1 1
github.com/fall_out_bug/sdp-trace/internal/query/querypack.go:48.2,48.41 1 1
github.com/fall_out_bug/sdp-trace/internal/query/querypack_artifact_digest.go:8.39,11.2 2 1
github.com/fall_out_bug/sdp-trace/internal/query/querypack_artifact_schema.go:5.55,12.59 2 1
github.com/fall_out_bug/sdp-trace/internal/query/querypack_artifact_schema.go:12.59,14.3 1 1
github.com/fall_out_bug/sdp-trace/internal/query/querypack_artifact_schema.go:15.2,15.11 1 1
github.com/fall_out_bug/sdp-trace/internal/query/querypack_artifacts.go:9.127,13.41 1 1
github.com/fall_out_bug/sdp-trace/internal/query/querypack_artifacts.go:13.41,15.3 1 1
github.com/fall_out_bug/sdp-trace/internal/query/querypack_artifacts.go:16.2,17.28 2 1
github.com/fall_out_bug/sdp-trace/internal/query/querypack_artifacts.go:20.122,24.36 1 1
github.com/fall_out_bug/sdp-trace/internal/query/querypack_artifacts.go:24.36,26.3 1 1
github.com/fall_out_bug/sdp-trace/internal/query/querypack_artifacts.go:27.2,31.14 1 0
github.com/fall_out_bug/sdp-trace/internal/query/querypack_artifacts.go:34.113,44.16 3 1
github.com/fall_out_bug/sdp-trace/internal/query/querypack_artifacts.go:44.16,46.3 1 1
github.com/fall_out_bug/sdp-trace/internal/query/querypack_artifacts.go:47.2,49.56 3 1
github.com/fall_out_bug/sdp-trace/internal/query/querypack_artifacts.go:49.56,51.3 1 1
github.com/fall_out_bug/sdp-trace/internal/query/querypack_artifacts.go:52.2,52.22 1 1
github.com/fall_out_bug/sdp-trace/internal/query/querypack_builder.go:11.53,16.39 2 1
github.com/fall_out_bug/sdp-trace/internal/query/querypack_builder.go:16.39,18.3 1 1
github.com/fall_out_bug/sdp-trace/internal/query/querypack_builder.go:19.2,19.77 1 1
github.com/fall_out_bug/sdp-trace/internal/query/querypack_builder.go:22.48,37.2 1 1
github.com/fall_out_bug/sdp-trace/internal/query/querypack_builder.go:39.65,46.44 4 1
github.com/fall_out_bug/sdp-trace/internal/query/querypack_builder.go:46.44,46.92 1 1
github.com/fall_out_bug/sdp-trace/internal/query/querypack_builder.go:47.2,47.18 1 1
github.com/fall_out_bug/sdp-trace/internal/query/querypack_builder.go:50.124,54.21 1 1
github.com/fall_out_bug/sdp-trace/internal/query/querypack_builder.go:54.21,56.3 1 1
github.com/fall_out_bug/sdp-trace/internal/query/querypack_builder.go:57.2,57.37 1 1
github.com/fall_out_bug/sdp-trace/internal/query/querypack_builder.go:60.60,68.2 1 1
github.com/fall_out_bug/sdp-trace/internal/query/querypack_condition_family.go:5.51,9.9 1 1
github.com/fall_out_bug/sdp-trace/internal/query/querypack_condition_family.go:10.41,11.33 1 1
github.com/fall_out_bug/sdp-trace/internal/query/querypack_condition_family.go:12.123,13.33 1 1
github.com/fall_out_bug/sdp-trace/internal/query/querypack_condition_family.go:14.10,15.29 1 0
github.com/fall_out_bug/sdp-trace/internal/query/querypack_condition_family.go:19.50,23.34 1 1
github.com/fall_out_bug/sdp-trace/internal/query/querypack_condition_family.go:23.34,25.3 1 1
github.com/fall_out_bug/sdp-trace/internal/query/querypack_condition_family.go:26.2,26.33 1 1
github.com/fall_out_bug/sdp-trace/internal/query/querypack_condition_family.go:29.45,33.9 1 1
github.com/fall_out_bug/sdp-trace/internal/query/querypack_condition_family.go:34.36,35.37 1 1
github.com/fall_out_bug/sdp-trace/internal/query/querypack_condition_family.go:36.36,37.28 1 1
github.com/fall_out_bug/sdp-trace/internal/query/querypack_condition_family.go:38.10,39.38 1 1
github.com/fall_out_bug/sdp-trace/internal/query/querypack_condition_rows.go:3.121,7.45 1 1
github.com/fall_out_bug/sdp-trace/internal/query/querypack_condition_rows.go:7.45,12.3 4 1
github.com/fall_out_bug/sdp-trace/internal/query/querypack_condition_rows.go:13.2,17.12 5 1
github.com/fall_out_bug/sdp-trace/internal/query/querypack_condition_rows.go:20.71,26.2 1 1
github.com/fall_out_bug/sdp-trace/internal/query/querypack_condition_rows.go:28.56,32.64 1 1
github.com/fall_out_bug/sdp-trace/internal/query/querypack_condition_rows.go:32.64,34.3 1 1
github.com/fall_out_bug/sdp-trace/internal/query/querypack_condition_rows.go:35.2,35.15 1 1
github.com/fall_out_bug/sdp-trace/internal/query/querypack_condition_rows.go:38.71,42.90 1 1
github.com/fall_out_bug/sdp-trace/internal/query/querypack_condition_rows.go:42.90,44.3 1 0
github.com/fall_out_bug/sdp-trace/internal/query/querypack_condition_rows.go:45.2,45.12 1 1
github.com/fall_out_bug/sdp-trace/internal/query/querypack_condition_rows.go:48.27,51.2 2 1
github.com/fall_out_bug/sdp-trace/internal/query/querypack_conditions.go:3.42,7.31 1 1
github.com/fall_out_bug/sdp-trace/internal/query/querypack_conditions.go:7.31,10.3 2 1
github.com/fall_out_bug/sdp-trace/internal/query/querypack_conditions.go:11.2,11.33 1 1
github.com/fall_out_bug/sdp-trace/internal/query/querypack_conditions.go:11.33,14.3 2 1
github.com/fall_out_bug/sdp-trace/internal/query/querypack_conditions.go:15.2,15.65 1 1
github.com/fall_out_bug/sdp-trace/internal/query/querypack_conditions.go:15.65,19.3 3 1
github.com/fall_out_bug/sdp-trace/internal/query/querypack_conditions.go:22.40,26.30 1 1
github.com/fall_out_bug/sdp-trace/internal/query/querypack_conditions.go:26.30,29.3 2 1
github.com/fall_out_bug/sdp-trace/internal/query/querypack_conditions.go:30.2,30.32 1 1
github.com/fall_out_bug/sdp-trace/internal/query/querypack_conditions.go:30.32,33.3 2 1
github.com/fall_out_bug/sdp-trace/internal/query/querypack_conditions.go:34.2,34.70 1 1
github.com/fall_out_bug/sdp-trace/internal/query/querypack_conditions.go:34.70,36.3 1 1
github.com/fall_out_bug/sdp-trace/internal/query/querypack_conditions.go:39.53,41.2 1 1
github.com/fall_out_bug/sdp-trace/internal/query/querypack_conditions.go:43.55,45.2 1 1
github.com/fall_out_bug/sdp-trace/internal/query/querypack_conditions.go:47.84,54.2 3 1
github.com/fall_out_bug/sdp-trace/internal/query/querypack_explain.go:9.58,14.41 2 1
github.com/fall_out_bug/sdp-trace/internal/query/querypack_explain.go:14.41,14.79 1 1
github.com/fall_out_bug/sdp-trace/internal/query/querypack_explain.go:15.2,15.15 1 1
github.com/fall_out_bug/sdp-trace/internal/query/querypack_explain.go:18.65,26.32 5 1
github.com/fall_out_bug/sdp-trace/internal/query/querypack_explain.go:26.32,28.3 1 1
github.com/fall_out_bug/sdp-trace/internal/query/querypack_explain.go:29.2,30.33 2 1
github.com/fall_out_bug/sdp-trace/internal/query/querypack_explain.go:33.69,37.17 1 1
github.com/fall_out_bug/sdp-trace/internal/query/querypack_explain.go:37.17,39.3 1 1
github.com/fall_out_bug/sdp-trace/internal/query/querypack_explain.go:40.2,40.37 1 1
github.com/fall_out_bug/sdp-trace/internal/query/querypack_family.go:3.46,5.2 1 1
github.com/fall_out_bug/sdp-trace/internal/query/querypack_family.go:7.47,9.2 1 1
github.com/fall_out_bug/sdp-trace/internal/query/querypack_family_rules.go:29.84,33.29 1 1
github.com/fall_out_bug/sdp-trace/internal/query/querypack_family_rules.go:33.29,34.42 1 1
github.com/fall_out_bug/sdp-trace/internal/query/querypack_family_rules.go:34.42,36.4 1 1
github.com/fall_out_bug/sdp-trace/internal/query/querypack_family_rules.go:38.2,38.17 1 0
github.com/fall_out_bug/sdp-trace/internal/query/querypack_gaps.go:5.36,9.2 3 1
github.com/fall_out_bug/sdp-trace/internal/query/querypack_gaps.go:11.44,15.75 1 1
github.com/fall_out_bug/sdp-trace/internal/query/querypack_gaps.go:15.75,17.3 1 1
github.com/fall_out_bug/sdp-trace/internal/query/querypack_gaps.go:20.72,25.26 2 1
github.com/fall_out_bug/sdp-trace/internal/query/querypack_gaps.go:25.26,27.3 1 1
github.com/fall_out_bug/sdp-trace/internal/query/querypack_gaps.go:28.2,29.13 2 1
github.com/fall_out_bug/sdp-trace/internal/query/querypack_gaps.go:32.74,37.33 2 1
github.com/fall_out_bug/sdp-trace/internal/query/querypack_gaps.go:37.33,39.3 1 1
github.com/fall_out_bug/sdp-trace/internal/query/querypack_gaps.go:40.2,41.112 2 1
github.com/fall_out_bug/sdp-trace/internal/query/querypack_gaps.go:44.44,48.31 1 1
github.com/fall_out_bug/sdp-trace/internal/query/querypack_gaps.go:48.31,50.3 1 1
github.com/fall_out_bug/sdp-trace/internal/query/querypack_gaps.go:50.8,50.40 1 1
github.com/fall_out_bug/sdp-trace/internal/query/querypack_gaps.go:50.40,52.3 1 1
github.com/fall_out_bug/sdp-trace/internal/query/querypack_gaps.go:55.43,59.30 1 1
github.com/fall_out_bug/sdp-trace/internal/query/querypack_gaps.go:59.30,61.3 1 1
github.com/fall_out_bug/sdp-trace/internal/query/querypack_gaps.go:61.8,61.39 1 1
github.com/fall_out_bug/sdp-trace/internal/query/querypack_gaps.go:61.39,63.3 1 1
github.com/fall_out_bug/sdp-trace/internal/query/querypack_load.go:5.56,11.42 3 1
github.com/fall_out_bug/sdp-trace/internal/query/querypack_load.go:11.42,13.3 1 0
github.com/fall_out_bug/sdp-trace/internal/query/querypack_load.go:14.2,15.47 2 1
github.com/fall_out_bug/sdp-trace/internal/query/querypack_load.go:18.83,24.16 3 1
github.com/fall_out_bug/sdp-trace/internal/query/querypack_load.go:24.16,26.3 1 0
github.com/fall_out_bug/sdp-trace/internal/query/querypack_load.go:27.2,27.41 1 1
github.com/fall_out_bug/sdp-trace/internal/query/querypack_load_assessments.go:5.78,11.39 3 1
github.com/fall_out_bug/sdp-trace/internal/query/querypack_load_assessments.go:11.39,13.3 1 0
github.com/fall_out_bug/sdp-trace/internal/query/querypack_load_assessments.go:14.2,14.13 1 1
github.com/fall_out_bug/sdp-trace/internal/query/querypack_load_assessments.go:14.13,19.3 4 1
github.com/fall_out_bug/sdp-trace/internal/query/querypack_load_assessments.go:20.2,20.20 1 1
github.com/fall_out_bug/sdp-trace/internal/query/querypack_load_assessments.go:23.77,29.39 3 1
github.com/fall_out_bug/sdp-trace/internal/query/querypack_load_assessments.go:29.39,31.3 1 0
github.com/fall_out_bug/sdp-trace/internal/query/querypack_load_assessments.go:32.2,32.13 1 1
github.com/fall_out_bug/sdp-trace/internal/query/querypack_load_assessments.go:32.13,37.3 4 1
github.com/fall_out_bug/sdp-trace/internal/query/querypack_load_assessments.go:38.2,38.20 1 1
github.com/fall_out_bug/sdp-trace/internal/query/querypack_row_factory.go:5.120,11.2 2 1
github.com/fall_out_bug/sdp-trace/internal/query/querypack_row_factory.go:13.133,29.2 2 1
github.com/fall_out_bug/sdp-trace/internal/query/querypack_row_factory.go:31.46,33.2 1 1
github.com/fall_out_bug/sdp-trace/internal/query/querypack_rows.go:5.48,8.2 2 1
github.com/fall_out_bug/sdp-trace/internal/query/querypack_rows.go:10.64,14.69 1 1
github.com/fall_out_bug/sdp-trace/internal/query/querypack_rows.go:14.69,15.43 1 1
github.com/fall_out_bug/sdp-trace/internal/query/querypack_rows.go:15.43,17.4 1 1
github.com/fall_out_bug/sdp-trace/internal/query/querypack_rows.go:21.63,29.2 4 1
github.com/fall_out_bug/sdp-trace/internal/query/querypack_rows.go:31.58,34.2 2 1
github.com/fall_out_bug/sdp-trace/internal/query/querypack_safety.go:3.34,6.2 2 1
github.com/fall_out_bug/sdp-trace/internal/query/querypack_source_state.go:15.42,19.46 1 1
github.com/fall_out_bug/sdp-trace/internal/query/querypack_source_state.go:19.46,21.3 1 1
github.com/fall_out_bug/sdp-trace/internal/query/querypack_source_state.go:22.2,22.29 1 1
github.com/fall_out_bug/sdp-trace/internal/query/querypack_summary_rows.go:3.40,7.39 1 1
github.com/fall_out_bug/sdp-trace/internal/query/querypack_summary_rows.go:7.39,8.41 1 1
github.com/fall_out_bug/sdp-trace/internal/query/querypack_summary_rows.go:8.41,10.4 1 1
github.com/fall_out_bug/sdp-trace/internal/query/querypack_summary_rows.go:14.55,19.23 2 1
github.com/fall_out_bug/sdp-trace/internal/query/querypack_summary_rows.go:19.23,21.3 1 1
github.com/fall_out_bug/sdp-trace/internal/query/querypack_summary_rows.go:22.2,24.76 3 1
github.com/fall_out_bug/sdp-trace/internal/query/querypack_summary_rows.go:27.62,32.40 2 1
github.com/fall_out_bug/sdp-trace/internal/query/querypack_summary_rows.go:32.40,34.3 1 1
github.com/fall_out_bug/sdp-trace/internal/query/querypack_summary_rows.go:35.2,35.16 1 1
github.com/fall_out_bug/sdp-trace/internal/query/querypack_timeline.go:5.41,8.2 2 1
github.com/fall_out_bug/sdp-trace/internal/query/querypack_timeline.go:10.44,14.38 1 1
github.com/fall_out_bug/sdp-trace/internal/query/querypack_timeline.go:14.38,17.3 2 1
github.com/fall_out_bug/sdp-trace/internal/query/querypack_timeline.go:18.2,18.47 1 1
github.com/fall_out_bug/sdp-trace/internal/query/querypack_timeline.go:18.47,22.3 3 1
github.com/fall_out_bug/sdp-trace/internal/query/querypack_timeline.go:25.49,29.2 2 1
github.com/fall_out_bug/sdp-trace/internal/query/querypack_timeline.go:31.113,35.14 1 1
github.com/fall_out_bug/sdp-trace/internal/query/querypack_timeline.go:35.14,38.3 2 1
github.com/fall_out_bug/sdp-trace/internal/query/querypack_timeline.go:39.2,39.21 1 1
github.com/fall_out_bug/sdp-trace/internal/query/querypack_timeline.go:39.21,41.3 1 1
github.com/fall_out_bug/sdp-trace/internal/query/querypack_timeline.go:44.55,48.39 1 1
github.com/fall_out_bug/sdp-trace/internal/query/querypack_timeline.go:48.39,50.3 1 1
github.com/fall_out_bug/sdp-trace/internal/query/querypack_tokens.go:5.37,10.21 2 1
github.com/fall_out_bug/sdp-trace/internal/query/querypack_tokens.go:10.21,12.3 1 1
github.com/fall_out_bug/sdp-trace/internal/query/querypack_tokens.go:13.2,13.18 1 1
github.com/fall_out_bug/sdp-trace/internal/query/querypack_tokens.go:18.41,23.26 2 1
github.com/fall_out_bug/sdp-trace/internal/query/querypack_tokens.go:23.26,24.25 1 1
github.com/fall_out_bug/sdp-trace/internal/query/querypack_tokens.go:24.25,26.4 1 1
github.com/fall_out_bug/sdp-trace/internal/query/querypack_tokens.go:28.2,28.25 1 1
github.com/fall_out_bug/sdp-trace/internal/query/querypack_tokens.go:31.35,33.2 1 1
github.com/fall_out_bug/sdp-trace/internal/recorder/command.go:22.103,26.36 2 1
github.com/fall_out_bug/sdp-trace/internal/recorder/command.go:26.36,28.3 1 1
github.com/fall_out_bug/sdp-trace/internal/recorder/command.go:29.2,29.30 1 1
github.com/fall_out_bug/sdp-trace/internal/recorder/command.go:32.104,42.2 6 1
github.com/fall_out_bug/sdp-trace/internal/recorder/command.go:44.68,48.16 2 1
github.com/fall_out_bug/sdp-trace/internal/recorder/command.go:48.16,50.3 1 1
github.com/fall_out_bug/sdp-trace/internal/recorder/command.go:51.2,51.46 1 1
github.com/fall_out_bug/sdp-trace/internal/recorder/command.go:51.46,53.3 1 1
github.com/fall_out_bug/sdp-trace/internal/recorder/command.go:54.2,54.22 1 0
github.com/fall_out_bug/sdp-trace/internal/recorder/command.go:54.22,56.3 1 0
github.com/fall_out_bug/sdp-trace/internal/recorder/command.go:57.2,57.14 1 0
github.com/fall_out_bug/sdp-trace/internal/recorder/command.go:60.58,63.35 1 1
github.com/fall_out_bug/sdp-trace/internal/recorder/command.go:63.35,65.3 1 1
github.com/fall_out_bug/sdp-trace/internal/recorder/command.go:66.2,67.9 2 1
github.com/fall_out_bug/sdp-trace/internal/recorder/command.go:67.9,69.3 1 0
github.com/fall_out_bug/sdp-trace/internal/recorder/command.go:70.2,70.33 1 1
github.com/fall_out_bug/sdp-trace/internal/recorder/command.go:73.58,77.2 1 1
github.com/fall_out_bug/sdp-trace/internal/recorder/event_new.go:9.96,28.2 1 1
github.com/fall_out_bug/sdp-trace/internal/recorder/event_new.go:30.48,37.2 1 1
github.com/fall_out_bug/sdp-trace/internal/recorder/event_payload.go:14.68,18.2 1 1
github.com/fall_out_bug/sdp-trace/internal/recorder/event_payload.go:20.58,24.16 2 1
github.com/fall_out_bug/sdp-trace/internal/recorder/event_payload.go:24.16,26.3 1 0
github.com/fall_out_bug/sdp-trace/internal/recorder/event_payload.go:27.2,28.54 2 1
github.com/fall_out_bug/sdp-trace/internal/recorder/event_payload.go:28.54,30.3 1 0
github.com/fall_out_bug/sdp-trace/internal/recorder/event_payload.go:33.2,34.9 2 1
github.com/fall_out_bug/sdp-trace/internal/recorder/event_payload.go:34.9,36.3 1 0
github.com/fall_out_bug/sdp-trace/internal/recorder/event_payload.go:37.2,37.24 1 1
github.com/fall_out_bug/sdp-trace/internal/recorder/event_persist.go:9.86,14.2 2 1
github.com/fall_out_bug/sdp-trace/internal/recorder/event_persist.go:16.57,22.2 3 1
github.com/fall_out_bug/sdp-trace/internal/recorder/event_writer.go:20.79,24.16 2 1
github.com/fall_out_bug/sdp-trace/internal/recorder/event_writer.go:24.16,26.3 1 0
github.com/fall_out_bug/sdp-trace/internal/recorder/event_writer.go:27.2,29.16 3 1
github.com/fall_out_bug/sdp-trace/internal/recorder/event_writer.go:29.16,31.3 1 0
github.com/fall_out_bug/sdp-trace/internal/recorder/event_writer.go:32.2,32.60 1 1
github.com/fall_out_bug/sdp-trace/internal/recorder/event_writer.go:32.60,34.3 1 0
github.com/fall_out_bug/sdp-trace/internal/recorder/event_writer.go:35.2,37.26 2 1
github.com/fall_out_bug/sdp-trace/internal/recorder/events.go:26.102,33.17 1 1
github.com/fall_out_bug/sdp-trace/internal/recorder/events.go:33.17,35.3 1 0
github.com/fall_out_bug/sdp-trace/internal/recorder/events.go:39.2,45.4 1 1
github.com/fall_out_bug/sdp-trace/internal/recorder/events.go:48.95,61.2 1 1
github.com/fall_out_bug/sdp-trace/internal/recorder/events.go:63.125,76.2 1 1
github.com/fall_out_bug/sdp-trace/internal/recorder/events.go:78.79,88.2 1 1
github.com/fall_out_bug/sdp-trace/internal/recorder/finalize.go:8.57,13.42 3 1
github.com/fall_out_bug/sdp-trace/internal/recorder/finalize.go:13.42,15.3 1 0
github.com/fall_out_bug/sdp-trace/internal/recorder/finalize.go:17.2,17.112 1 1
github.com/fall_out_bug/sdp-trace/internal/recorder/finalize.go:17.112,19.3 1 0
github.com/fall_out_bug/sdp-trace/internal/recorder/finalize.go:21.2,21.96 1 1
github.com/fall_out_bug/sdp-trace/internal/recorder/finalize.go:24.43,28.2 1 1
github.com/fall_out_bug/sdp-trace/internal/recorder/finalize.go:30.43,34.2 1 1
github.com/fall_out_bug/sdp-trace/internal/recorder/finalize.go:36.44,40.2 1 1
github.com/fall_out_bug/sdp-trace/internal/recorder/finalize.go:42.38,45.2 1 1
github.com/fall_out_bug/sdp-trace/internal/recorder/finish.go:5.113,8.92 1 1
github.com/fall_out_bug/sdp-trace/internal/recorder/finish.go:8.92,10.3 1 0
github.com/fall_out_bug/sdp-trace/internal/recorder/finish.go:11.2,12.19 2 1
github.com/fall_out_bug/sdp-trace/internal/recorder/finish.go:12.19,14.3 1 1
github.com/fall_out_bug/sdp-trace/internal/recorder/finish.go:15.2,15.73 1 1
github.com/fall_out_bug/sdp-trace/internal/recorder/finish.go:15.73,17.3 1 0
github.com/fall_out_bug/sdp-trace/internal/recorder/finish.go:18.2,18.38 1 1
github.com/fall_out_bug/sdp-trace/internal/recorder/hash.go:15.51,22.2 3 1
github.com/fall_out_bug/sdp-trace/internal/recorder/hash.go:24.38,32.2 4 1
github.com/fall_out_bug/sdp-trace/internal/recorder/layout.go:11.54,14.21 1 1
github.com/fall_out_bug/sdp-trace/internal/recorder/layout.go:14.21,16.3 1 1
github.com/fall_out_bug/sdp-trace/internal/recorder/layout.go:17.2,17.65 1 0
github.com/fall_out_bug/sdp-trace/internal/recorder/layout.go:17.65,19.3 1 0
github.com/fall_out_bug/sdp-trace/internal/recorder/layout.go:20.2,20.51 1 0
github.com/fall_out_bug/sdp-trace/internal/recorder/layout.go:23.84,26.24 1 1
github.com/fall_out_bug/sdp-trace/internal/recorder/layout.go:26.24,27.17 1 1
github.com/fall_out_bug/sdp-trace/internal/recorder/layout.go:27.17,29.4 1 1
github.com/fall_out_bug/sdp-trace/internal/recorder/layout.go:30.3,30.96 1 0
github.com/fall_out_bug/sdp-trace/internal/recorder/layout.go:32.2,32.41 1 0
github.com/fall_out_bug/sdp-trace/internal/recorder/layout.go:35.48,39.24 2 1
github.com/fall_out_bug/sdp-trace/internal/recorder/layout.go:39.24,41.3 1 1
github.com/fall_out_bug/sdp-trace/internal/recorder/layout.go:42.2,42.16 1 1
github.com/fall_out_bug/sdp-trace/internal/recorder/layout.go:42.16,44.3 1 0
github.com/fall_out_bug/sdp-trace/internal/recorder/layout.go:45.2,45.22 1 1
github.com/fall_out_bug/sdp-trace/internal/recorder/layout.go:45.22,47.3 1 1
github.com/fall_out_bug/sdp-trace/internal/recorder/layout.go:48.2,48.12 1 1
github.com/fall_out_bug/sdp-trace/internal/recorder/manifest.go:10.81,16.2 3 1
github.com/fall_out_bug/sdp-trace/internal/recorder/manifest.go:18.65,38.2 1 1
github.com/fall_out_bug/sdp-trace/internal/recorder/manifest.go:40.43,44.20 2 1
github.com/fall_out_bug/sdp-trace/internal/recorder/manifest.go:44.20,47.3 2 1
github.com/fall_out_bug/sdp-trace/internal/recorder/manifest.go:48.2,48.75 1 1
github.com/fall_out_bug/sdp-trace/internal/recorder/prepare.go:22.63,27.16 2 1
github.com/fall_out_bug/sdp-trace/internal/recorder/prepare.go:27.16,29.3 1 0
github.com/fall_out_bug/sdp-trace/internal/recorder/prepare.go:31.2,33.16 3 1
github.com/fall_out_bug/sdp-trace/internal/recorder/prepare.go:33.16,35.3 1 0
github.com/fall_out_bug/sdp-trace/internal/recorder/prepare.go:36.2,36.117 1 1
github.com/fall_out_bug/sdp-trace/internal/recorder/prepare.go:39.91,43.16 2 1
github.com/fall_out_bug/sdp-trace/internal/recorder/prepare.go:43.16,45.3 1 0
github.com/fall_out_bug/sdp-trace/internal/recorder/prepare.go:47.2,48.16 2 1
github.com/fall_out_bug/sdp-trace/internal/recorder/prepare.go:48.16,50.3 1 0
github.com/fall_out_bug/sdp-trace/internal/recorder/prepare.go:53.2,54.16 2 1
github.com/fall_out_bug/sdp-trace/internal/recorder/prepare.go:54.16,56.3 1 0
github.com/fall_out_bug/sdp-trace/internal/recorder/prepare.go:57.2,57.38 1 1
github.com/fall_out_bug/sdp-trace/internal/recorder/prepare.go:60.112,64.16 2 1
github.com/fall_out_bug/sdp-trace/internal/recorder/prepare.go:64.16,66.3 1 0
github.com/fall_out_bug/sdp-trace/internal/recorder/prepare.go:68.2,68.71 1 1
github.com/fall_out_bug/sdp-trace/internal/recorder/prepare.go:68.71,70.3 1 0
github.com/fall_out_bug/sdp-trace/internal/recorder/prepare.go:71.2,71.20 1 1
github.com/fall_out_bug/sdp-trace/internal/recorder/prepare_command.go:8.112,11.72 1 1
github.com/fall_out_bug/sdp-trace/internal/recorder/prepare_command.go:11.72,13.3 1 0
github.com/fall_out_bug/sdp-trace/internal/recorder/prepare_command.go:16.2,17.73 2 1
github.com/fall_out_bug/sdp-trace/internal/recorder/prepare_command.go:17.73,19.3 1 0
github.com/fall_out_bug/sdp-trace/internal/recorder/prepare_command.go:20.2,20.23 1 1
github.com/fall_out_bug/sdp-trace/internal/recorder/prepare_contract.go:13.92,17.16 2 1
github.com/fall_out_bug/sdp-trace/internal/recorder/prepare_contract.go:17.16,19.3 1 0
github.com/fall_out_bug/sdp-trace/internal/recorder/prepare_contract.go:20.2,20.31 1 1
github.com/fall_out_bug/sdp-trace/internal/recorder/prepare_contract.go:20.31,22.3 1 0
github.com/fall_out_bug/sdp-trace/internal/recorder/prepare_contract.go:23.2,23.22 1 1
github.com/fall_out_bug/sdp-trace/internal/recorder/prepare_contract.go:26.101,29.32 1 1
github.com/fall_out_bug/sdp-trace/internal/recorder/prepare_contract.go:29.32,32.3 2 0
github.com/fall_out_bug/sdp-trace/internal/recorder/prepare_contract.go:33.2,33.31 1 1
github.com/fall_out_bug/sdp-trace/internal/recorder/recorder.go:39.80,42.31 1 1
github.com/fall_out_bug/sdp-trace/internal/recorder/recorder.go:42.31,44.3 1 0
github.com/fall_out_bug/sdp-trace/internal/recorder/recorder.go:46.2,47.16 2 1
github.com/fall_out_bug/sdp-trace/internal/recorder/recorder.go:47.16,49.3 1 0
github.com/fall_out_bug/sdp-trace/internal/recorder/recorder.go:51.2,52.107 2 1
github.com/fall_out_bug/sdp-trace/internal/recorder/recorder.go:52.107,54.3 1 0
github.com/fall_out_bug/sdp-trace/internal/recorder/recorder.go:55.2,55.48 1 1
github.com/fall_out_bug/sdp-trace/internal/recorder/recorder_result.go:3.72,11.2 1 1
github.com/fall_out_bug/sdp-trace/internal/recorder/util.go:30.43,33.23 1 1
github.com/fall_out_bug/sdp-trace/internal/recorder/util.go:33.23,35.3 1 0
github.com/fall_out_bug/sdp-trace/internal/recorder/util.go:37.2,37.34 1 1
github.com/fall_out_bug/sdp-trace/internal/recorder/util.go:40.33,45.2 2 1
github.com/fall_out_bug/sdp-trace/internal/recorder/util.go:47.40,51.16 2 1
github.com/fall_out_bug/sdp-trace/internal/recorder/util.go:51.16,53.3 1 0
github.com/fall_out_bug/sdp-trace/internal/recorder/util.go:54.2,54.13 1 1
github.com/fall_out_bug/sdp-trace/internal/recorder/util.go:57.54,61.16 2 1
github.com/fall_out_bug/sdp-trace/internal/recorder/util.go:61.16,63.3 1 0
github.com/fall_out_bug/sdp-trace/internal/recorder/util.go:65.2,65.40 1 1
github.com/fall_out_bug/sdp-trace/internal/recorder/util.go:68.49,72.2 1 1
github.com/fall_out_bug/sdp-trace/internal/recorder/util.go:74.42,77.19 1 1
github.com/fall_out_bug/sdp-trace/internal/recorder/util.go:77.19,79.3 1 0
github.com/fall_out_bug/sdp-trace/internal/recorder/util.go:80.2,80.38 1 1
github.com/fall_out_bug/sdp-trace/internal/recorder/util.go:83.35,88.21 3 1
github.com/fall_out_bug/sdp-trace/internal/recorder/util.go:88.21,90.17 2 1
github.com/fall_out_bug/sdp-trace/internal/recorder/util.go:90.17,92.4 1 0
github.com/fall_out_bug/sdp-trace/internal/recorder/util.go:93.3,93.31 1 1
github.com/fall_out_bug/sdp-trace/internal/recorder/util.go:95.2,95.20 1 1
github.com/fall_out_bug/sdp-trace/internal/recorder/writer.go:24.92,27.52 1 1
github.com/fall_out_bug/sdp-trace/internal/recorder/writer.go:27.52,29.3 1 0
github.com/fall_out_bug/sdp-trace/internal/recorder/writer.go:31.2,43.8 5 1
github.com/fall_out_bug/sdp-trace/internal/recorder/writer.go:46.47,49.76 1 1
github.com/fall_out_bug/sdp-trace/internal/recorder/writer.go:49.76,50.72 1 1
github.com/fall_out_bug/sdp-trace/internal/recorder/writer.go:50.72,52.4 1 0
github.com/fall_out_bug/sdp-trace/internal/recorder/writer.go:54.2,54.12 1 1
github.com/fall_out_bug/sdp-trace/internal/demo/demo_contract_helpers.go:7.70,12.49 1 1
github.com/fall_out_bug/sdp-trace/internal/demo/demo_contract_helpers.go:12.49,13.24 1 1
github.com/fall_out_bug/sdp-trace/internal/demo/demo_contract_helpers.go:13.24,15.4 1 1
github.com/fall_out_bug/sdp-trace/internal/demo/demo_contract_helpers.go:17.2,17.14 1 1
github.com/fall_out_bug/sdp-trace/internal/demo/demo_contract_helpers.go:20.67,25.53 1 1
github.com/fall_out_bug/sdp-trace/internal/demo/demo_contract_helpers.go:25.53,26.24 1 1
github.com/fall_out_bug/sdp-trace/internal/demo/demo_contract_helpers.go:26.24,28.4 1 0
github.com/fall_out_bug/sdp-trace/internal/demo/demo_contract_helpers.go:30.2,30.14 1 1
github.com/fall_out_bug/sdp-trace/internal/demo/demo_contract_helpers.go:33.50,37.48 1 1
github.com/fall_out_bug/sdp-trace/internal/demo/demo_contract_helpers.go:37.48,40.3 1 1
github.com/fall_out_bug/sdp-trace/internal/demo/demo_contract_helpers.go:41.2,41.16 1 1
github.com/fall_out_bug/sdp-trace/internal/demo/demo_contract_helpers.go:43.37,45.2 1 1
github.com/fall_out_bug/sdp-trace/internal/demo/demo_contract_helpers.go:47.58,51.31 1 1
github.com/fall_out_bug/sdp-trace/internal/demo/demo_contract_helpers.go:51.31,52.22 1 1
github.com/fall_out_bug/sdp-trace/internal/demo/demo_contract_helpers.go:52.22,55.4 1 1
github.com/fall_out_bug/sdp-trace/internal/demo/demo_contract_helpers.go:57.2,57.14 1 1
github.com/fall_out_bug/sdp-trace/internal/demo/demo_discovery.go:3.58,8.47 1 1
github.com/fall_out_bug/sdp-trace/internal/demo/demo_discovery.go:8.47,10.3 1 1
github.com/fall_out_bug/sdp-trace/internal/demo/demo_discovery.go:11.2,11.26 1 1
github.com/fall_out_bug/sdp-trace/internal/demo/demo_discovery.go:11.26,13.3 1 1
github.com/fall_out_bug/sdp-trace/internal/demo/demo_discovery.go:14.2,14.29 1 1
github.com/fall_out_bug/sdp-trace/internal/demo/demo_discovery_collect.go:8.52,14.16 2 1
github.com/fall_out_bug/sdp-trace/internal/demo/demo_discovery_collect.go:14.16,16.3 1 0
github.com/fall_out_bug/sdp-trace/internal/demo/demo_discovery_collect.go:17.2,18.32 2 1
github.com/fall_out_bug/sdp-trace/internal/demo/demo_discovery_collect.go:18.32,21.37 2 1
github.com/fall_out_bug/sdp-trace/internal/demo/demo_discovery_collect.go:21.37,23.4 1 1
github.com/fall_out_bug/sdp-trace/internal/demo/demo_discovery_collect.go:25.2,25.21 1 1
github.com/fall_out_bug/sdp-trace/internal/demo/demo_discovery_public.go:8.53,13.16 2 1
github.com/fall_out_bug/sdp-trace/internal/demo/demo_discovery_public.go:13.16,15.3 1 1
github.com/fall_out_bug/sdp-trace/internal/demo/demo_discovery_public.go:17.2,18.23 2 1
github.com/fall_out_bug/sdp-trace/internal/demo/demo_discovery_public.go:18.23,20.3 1 1
github.com/fall_out_bug/sdp-trace/internal/demo/demo_discovery_public.go:21.2,21.21 1 1
github.com/fall_out_bug/sdp-trace/internal/demo/demo_discovery_validate.go:9.42,15.16 2 1
github.com/fall_out_bug/sdp-trace/internal/demo/demo_discovery_validate.go:15.16,17.3 1 1
github.com/fall_out_bug/sdp-trace/internal/demo/demo_discovery_validate.go:18.2,18.19 1 1
github.com/fall_out_bug/sdp-trace/internal/demo/demo_discovery_validate.go:18.19,20.3 1 1
github.com/fall_out_bug/sdp-trace/internal/demo/demo_discovery_validate.go:21.2,21.12 1 1
github.com/fall_out_bug/sdp-trace/internal/demo/demo_discovery_validate.go:24.61,26.2 1 1
github.com/fall_out_bug/sdp-trace/internal/demo/demo_discovery_validate.go:27.39,30.2 2 1
github.com/fall_out_bug/sdp-trace/internal/demo/demo_events_commands.go:7.69,12.31 3 1
github.com/fall_out_bug/sdp-trace/internal/demo/demo_events_commands.go:12.31,13.26 1 1
github.com/fall_out_bug/sdp-trace/internal/demo/demo_events_commands.go:14.34,15.19 1 1
github.com/fall_out_bug/sdp-trace/internal/demo/demo_events_commands.go:16.35,17.20 1 1
github.com/fall_out_bug/sdp-trace/internal/demo/demo_events_commands.go:20.2,20.26 1 1
github.com/fall_out_bug/sdp-trace/internal/demo/demo_events_commands.go:23.96,28.43 1 1
github.com/fall_out_bug/sdp-trace/internal/demo/demo_events_commands.go:28.43,29.54 1 1
github.com/fall_out_bug/sdp-trace/internal/demo/demo_events_commands.go:29.54,31.4 1 1
github.com/fall_out_bug/sdp-trace/internal/demo/demo_events_commands.go:33.2,33.64 1 0
github.com/fall_out_bug/sdp-trace/internal/demo/demo_events_match.go:7.99,12.26 1 1
github.com/fall_out_bug/sdp-trace/internal/demo/demo_events_match.go:12.26,14.3 1 0
github.com/fall_out_bug/sdp-trace/internal/demo/demo_events_match.go:15.2,15.31 1 1
github.com/fall_out_bug/sdp-trace/internal/demo/demo_events_match.go:15.31,16.50 1 1
github.com/fall_out_bug/sdp-trace/internal/demo/demo_events_match.go:16.50,18.4 1 1
github.com/fall_out_bug/sdp-trace/internal/demo/demo_events_match.go:20.2,20.14 1 1
github.com/fall_out_bug/sdp-trace/internal/demo/demo_events_match.go:23.93,28.94 1 1
github.com/fall_out_bug/sdp-trace/internal/demo/demo_events_match.go:28.94,30.3 1 1
github.com/fall_out_bug/sdp-trace/internal/demo/demo_events_match.go:31.2,31.84 1 1
github.com/fall_out_bug/sdp-trace/internal/demo/demo_events_payload_int.go:8.60,14.18 2 1
github.com/fall_out_bug/sdp-trace/internal/demo/demo_events_payload_int.go:14.18,16.3 1 0
github.com/fall_out_bug/sdp-trace/internal/demo/demo_events_payload_int.go:17.2,17.29 1 1
github.com/fall_out_bug/sdp-trace/internal/demo/demo_events_payload_int.go:20.43,24.42 1 1
github.com/fall_out_bug/sdp-trace/internal/demo/demo_events_payload_int.go:24.42,27.3 1 1
github.com/fall_out_bug/sdp-trace/internal/demo/demo_events_payload_int.go:28.2,28.35 1 1
github.com/fall_out_bug/sdp-trace/internal/demo/demo_events_payload_int.go:31.49,36.31 1 1
github.com/fall_out_bug/sdp-trace/internal/demo/demo_events_payload_int.go:37.11,38.21 1 1
github.com/fall_out_bug/sdp-trace/internal/demo/demo_events_payload_int.go:39.15,40.26 1 1
github.com/fall_out_bug/sdp-trace/internal/demo/demo_events_payload_int.go:41.10,42.18 1 1
github.com/fall_out_bug/sdp-trace/internal/demo/demo_events_payload_int.go:46.51,49.2 2 1
github.com/fall_out_bug/sdp-trace/internal/demo/demo_events_payload_int.go:51.54,55.31 1 1
github.com/fall_out_bug/sdp-trace/internal/demo/demo_events_payload_int.go:55.31,58.3 1 0
github.com/fall_out_bug/sdp-trace/internal/demo/demo_events_payload_int.go:59.2,59.32 1 1
github.com/fall_out_bug/sdp-trace/internal/demo/demo_events_payload_string.go:8.58,14.18 2 1
github.com/fall_out_bug/sdp-trace/internal/demo/demo_events_payload_string.go:14.18,16.3 1 0
github.com/fall_out_bug/sdp-trace/internal/demo/demo_events_payload_string.go:17.2,17.31 1 1
github.com/fall_out_bug/sdp-trace/internal/demo/demo_events_payload_string.go:18.14,19.15 1 1
github.com/fall_out_bug/sdp-trace/internal/demo/demo_events_payload_string.go:20.10,21.27 1 0
github.com/fall_out_bug/sdp-trace/internal/demo/demo_gate_conditions.go:3.56,16.2 3 1
github.com/fall_out_bug/sdp-trace/internal/demo/demo_gate_conditions.go:18.69,24.35 2 1
github.com/fall_out_bug/sdp-trace/internal/demo/demo_gate_conditions.go:24.35,25.28 1 1
github.com/fall_out_bug/sdp-trace/internal/demo/demo_gate_conditions.go:25.28,27.4 1 1
github.com/fall_out_bug/sdp-trace/internal/demo/demo_gate_conditions.go:29.2,29.14 1 1
github.com/fall_out_bug/sdp-trace/internal/demo/demo_gate_conditions.go:32.84,37.38 1 1
github.com/fall_out_bug/sdp-trace/internal/demo/demo_gate_conditions.go:37.38,38.44 1 1
github.com/fall_out_bug/sdp-trace/internal/demo/demo_gate_conditions.go:38.44,40.4 1 1
github.com/fall_out_bug/sdp-trace/internal/demo/demo_gate_conditions.go:42.2,42.17 1 1
github.com/fall_out_bug/sdp-trace/internal/demo/demo_gate_evaluate.go:7.70,18.2 6 1
github.com/fall_out_bug/sdp-trace/internal/demo/demo_gate_finalize.go:7.45,13.30 2 1
github.com/fall_out_bug/sdp-trace/internal/demo/demo_gate_finalize.go:13.30,15.3 1 1
github.com/fall_out_bug/sdp-trace/internal/demo/demo_gate_finalize.go:16.2,18.34 3 1
github.com/fall_out_bug/sdp-trace/internal/demo/demo_gate_mode.go:7.47,13.49 2 1
github.com/fall_out_bug/sdp-trace/internal/demo/demo_gate_mode.go:13.49,14.27 1 1
github.com/fall_out_bug/sdp-trace/internal/demo/demo_gate_mode.go:15.32,16.34 1 1
github.com/fall_out_bug/sdp-trace/internal/demo/demo_gate_mode.go:17.27,18.29 1 0
github.com/fall_out_bug/sdp-trace/internal/demo/demo_gate_mode.go:21.2,21.13 1 1
github.com/fall_out_bug/sdp-trace/internal/demo/demo_gate_persist.go:8.65,13.66 1 1
github.com/fall_out_bug/sdp-trace/internal/demo/demo_gate_persist.go:13.66,15.3 1 0
github.com/fall_out_bug/sdp-trace/internal/demo/demo_gate_persist.go:16.2,16.35 1 1
github.com/fall_out_bug/sdp-trace/internal/demo/demo_gate_required_evidence.go:8.107,13.56 1 1
github.com/fall_out_bug/sdp-trace/internal/demo/demo_gate_required_evidence.go:13.56,14.39 1 1
github.com/fall_out_bug/sdp-trace/internal/demo/demo_gate_required_evidence.go:14.39,16.12 2 1
github.com/fall_out_bug/sdp-trace/internal/demo/demo_gate_required_evidence.go:18.3,19.120 2 1
github.com/fall_out_bug/sdp-trace/internal/demo/demo_gate_required_runs.go:8.84,14.50 2 1
github.com/fall_out_bug/sdp-trace/internal/demo/demo_gate_required_runs.go:14.50,16.3 1 1
github.com/fall_out_bug/sdp-trace/internal/demo/demo_gate_required_runs.go:19.74,24.27 1 1
github.com/fall_out_bug/sdp-trace/internal/demo/demo_gate_required_runs.go:25.28,29.166 3 1
github.com/fall_out_bug/sdp-trace/internal/demo/demo_gate_required_runs.go:30.24,33.66 2 1
github.com/fall_out_bug/sdp-trace/internal/demo/demo_gate_required_runs.go:34.16,36.66 2 0
github.com/fall_out_bug/sdp-trace/internal/demo/demo_gate_result.go:8.71,34.2 1 1
github.com/fall_out_bug/sdp-trace/internal/demo/demo_gate_rows.go:8.70,14.27 2 1
github.com/fall_out_bug/sdp-trace/internal/demo/demo_gate_rows.go:14.27,16.3 1 1
github.com/fall_out_bug/sdp-trace/internal/demo/demo_gate_rows.go:17.2,17.25 1 1
github.com/fall_out_bug/sdp-trace/internal/demo/demo_gate_rows.go:19.84,28.2 4 1
github.com/fall_out_bug/sdp-trace/internal/demo/demo_gate_rows.go:30.73,34.86 1 1
github.com/fall_out_bug/sdp-trace/internal/demo/demo_gate_rows.go:34.86,37.3 1 1
github.com/fall_out_bug/sdp-trace/internal/demo/demo_gate_rows.go:39.53,43.41 1 1
github.com/fall_out_bug/sdp-trace/internal/demo/demo_gate_rows.go:43.41,47.3 2 1
github.com/fall_out_bug/sdp-trace/internal/demo/demo_gate_rows.go:50.54,54.53 1 1
github.com/fall_out_bug/sdp-trace/internal/demo/demo_gate_rows.go:54.53,58.3 2 1
github.com/fall_out_bug/sdp-trace/internal/demo/demo_gate_witness_optional.go:8.95,14.9 2 1
github.com/fall_out_bug/sdp-trace/internal/demo/demo_gate_witness_optional.go:14.9,16.3 1 1
github.com/fall_out_bug/sdp-trace/internal/demo/demo_gate_witness_optional.go:17.2,18.16 2 1
github.com/fall_out_bug/sdp-trace/internal/demo/demo_gate_witness_optional.go:18.16,22.3 3 1
github.com/fall_out_bug/sdp-trace/internal/demo/demo_gate_witness_optional.go:23.2,23.67 1 0
github.com/fall_out_bug/sdp-trace/internal/demo/demo_gate_witness_optional.go:26.61,30.72 1 1
github.com/fall_out_bug/sdp-trace/internal/demo/demo_gate_witness_optional.go:30.72,33.3 1 1
github.com/fall_out_bug/sdp-trace/internal/demo/demo_gate_witness_optional.go:34.2,34.30 1 1
github.com/fall_out_bug/sdp-trace/internal/demo/demo_gate_write.go:8.98,13.38 1 1
github.com/fall_out_bug/sdp-trace/internal/demo/demo_gate_write.go:13.38,15.3 1 1
github.com/fall_out_bug/sdp-trace/internal/demo/demo_gate_write.go:16.2,17.16 2 1
github.com/fall_out_bug/sdp-trace/internal/demo/demo_gate_write.go:17.16,19.3 1 0
github.com/fall_out_bug/sdp-trace/internal/demo/demo_gate_write.go:20.2,23.59 3 1
github.com/fall_out_bug/sdp-trace/internal/demo/demo_gate_write.go:23.59,25.3 1 0
github.com/fall_out_bug/sdp-trace/internal/demo/demo_gate_write.go:26.2,26.20 1 1
github.com/fall_out_bug/sdp-trace/internal/demo/demo_hash.go:9.44,17.2 3 1
github.com/fall_out_bug/sdp-trace/internal/demo/demo_json.go:8.46,14.16 2 1
github.com/fall_out_bug/sdp-trace/internal/demo/demo_json.go:14.16,16.3 1 0
github.com/fall_out_bug/sdp-trace/internal/demo/demo_json.go:17.2,17.40 1 1
github.com/fall_out_bug/sdp-trace/internal/demo/demo_missing_evidence.go:7.79,14.56 3 1
github.com/fall_out_bug/sdp-trace/internal/demo/demo_missing_evidence.go:14.56,15.55 1 1
github.com/fall_out_bug/sdp-trace/internal/demo/demo_missing_evidence.go:15.55,16.12 1 1
github.com/fall_out_bug/sdp-trace/internal/demo/demo_missing_evidence.go:18.3,18.44 1 1
github.com/fall_out_bug/sdp-trace/internal/demo/demo_missing_evidence.go:20.2,20.16 1 1
github.com/fall_out_bug/sdp-trace/internal/demo/demo_missing_evidence.go:23.59,29.27 2 1
github.com/fall_out_bug/sdp-trace/internal/demo/demo_missing_evidence.go:29.27,30.38 1 1
github.com/fall_out_bug/sdp-trace/internal/demo/demo_missing_evidence.go:30.38,32.4 1 1
github.com/fall_out_bug/sdp-trace/internal/demo/demo_missing_evidence.go:34.2,34.17 1 1
github.com/fall_out_bug/sdp-trace/internal/demo/demo_missing_evidence.go:37.50,40.2 1 1
github.com/fall_out_bug/sdp-trace/internal/demo/demo_override_evidence.go:8.125,13.68 1 1
github.com/fall_out_bug/sdp-trace/internal/demo/demo_override_evidence.go:13.68,14.41 1 1
github.com/fall_out_bug/sdp-trace/internal/demo/demo_override_evidence.go:14.41,17.4 2 1
github.com/fall_out_bug/sdp-trace/internal/demo/demo_override_evidence.go:19.2,19.22 1 1
github.com/fall_out_bug/sdp-trace/internal/demo/demo_override_extract.go:7.98,13.31 2 1
github.com/fall_out_bug/sdp-trace/internal/demo/demo_override_extract.go:13.31,14.60 1 1
github.com/fall_out_bug/sdp-trace/internal/demo/demo_override_extract.go:14.60,15.12 1 1
github.com/fall_out_bug/sdp-trace/internal/demo/demo_override_extract.go:17.3,17.73 1 1
github.com/fall_out_bug/sdp-trace/internal/demo/demo_override_extract.go:19.2,20.17 2 1
github.com/fall_out_bug/sdp-trace/internal/demo/demo_override_extract.go:22.91,36.2 4 1
github.com/fall_out_bug/sdp-trace/internal/demo/demo_override_field_state.go:9.68,14.133 1 1
github.com/fall_out_bug/sdp-trace/internal/demo/demo_override_field_state.go:14.133,15.59 1 1
github.com/fall_out_bug/sdp-trace/internal/demo/demo_override_field_state.go:15.59,17.4 1 1
github.com/fall_out_bug/sdp-trace/internal/demo/demo_override_field_state.go:19.2,19.21 1 1
github.com/fall_out_bug/sdp-trace/internal/demo/demo_override_reference.go:7.126,14.2 2 1
github.com/fall_out_bug/sdp-trace/internal/demo/demo_override_required_run.go:8.128,13.73 1 1
github.com/fall_out_bug/sdp-trace/internal/demo/demo_override_required_run.go:13.73,14.44 1 1
github.com/fall_out_bug/sdp-trace/internal/demo/demo_override_required_run.go:14.44,17.4 2 1
github.com/fall_out_bug/sdp-trace/internal/demo/demo_override_required_run.go:19.2,19.22 1 1
github.com/fall_out_bug/sdp-trace/internal/demo/demo_override_sort.go:7.55,12.49 1 1
github.com/fall_out_bug/sdp-trace/internal/demo/demo_override_sort.go:12.49,13.53 1 1
github.com/fall_out_bug/sdp-trace/internal/demo/demo_override_sort.go:13.53,15.4 1 0
github.com/fall_out_bug/sdp-trace/internal/demo/demo_override_sort.go:16.3,16.57 1 1
github.com/fall_out_bug/sdp-trace/internal/demo/demo_payload_slices.go:7.65,13.18 2 1
github.com/fall_out_bug/sdp-trace/internal/demo/demo_payload_slices.go:13.18,15.3 1 1
github.com/fall_out_bug/sdp-trace/internal/demo/demo_payload_slices.go:16.2,16.37 1 1
github.com/fall_out_bug/sdp-trace/internal/demo/demo_payload_slices.go:19.48,24.31 1 1
github.com/fall_out_bug/sdp-trace/internal/demo/demo_payload_slices.go:25.16,26.15 1 1
github.com/fall_out_bug/sdp-trace/internal/demo/demo_payload_slices.go:27.13,28.28 1 0
github.com/fall_out_bug/sdp-trace/internal/demo/demo_payload_slices.go:29.10,30.13 1 1
github.com/fall_out_bug/sdp-trace/internal/demo/demo_payload_slices.go:34.40,40.29 2 1
github.com/fall_out_bug/sdp-trace/internal/demo/demo_payload_slices.go:40.29,42.3 1 1
github.com/fall_out_bug/sdp-trace/internal/demo/demo_payload_slices.go:43.2,43.15 1 1
github.com/fall_out_bug/sdp-trace/internal/demo/demo_payload_slices.go:46.59,50.35 1 1
github.com/fall_out_bug/sdp-trace/internal/demo/demo_payload_slices.go:50.35,53.3 1 1
github.com/fall_out_bug/sdp-trace/internal/demo/demo_payload_slices.go:54.2,54.15 1 1
github.com/fall_out_bug/sdp-trace/internal/demo/demo_protected_checkpoint.go:7.101,12.104 1 1
github.com/fall_out_bug/sdp-trace/internal/demo/demo_protected_checkpoint.go:12.104,14.3 1 1
github.com/fall_out_bug/sdp-trace/internal/demo/demo_protected_checkpoint.go:15.2,21.3 1 0
github.com/fall_out_bug/sdp-trace/internal/demo/demo_protected_checkpoint.go:24.99,30.140 2 1
github.com/fall_out_bug/sdp-trace/internal/demo/demo_protected_checkpoint.go:30.140,33.3 1 1
github.com/fall_out_bug/sdp-trace/internal/demo/demo_protected_checkpoint.go:34.2,34.23 1 1
github.com/fall_out_bug/sdp-trace/internal/demo/demo_protected_checkpoint.go:34.23,36.3 1 1
github.com/fall_out_bug/sdp-trace/internal/demo/demo_protected_checkpoint.go:37.2,43.3 1 0
github.com/fall_out_bug/sdp-trace/internal/demo/demo_protected_ci_witness_condition.go:7.79,12.26 1 1
github.com/fall_out_bug/sdp-trace/internal/demo/demo_protected_ci_witness_condition.go:12.26,14.3 1 1
github.com/fall_out_bug/sdp-trace/internal/demo/demo_protected_ci_witness_condition.go:15.2,17.117 3 1
github.com/fall_out_bug/sdp-trace/internal/demo/demo_protected_ci_witness_condition.go:20.88,24.23 1 1
github.com/fall_out_bug/sdp-trace/internal/demo/demo_protected_ci_witness_condition.go:24.23,27.3 1 1
github.com/fall_out_bug/sdp-trace/internal/demo/demo_protected_ci_witness_condition.go:28.2,28.56 1 1
github.com/fall_out_bug/sdp-trace/internal/demo/demo_protected_ci_witness_condition.go:31.95,37.23 2 1
github.com/fall_out_bug/sdp-trace/internal/demo/demo_protected_ci_witness_condition.go:37.23,39.3 1 1
github.com/fall_out_bug/sdp-trace/internal/demo/demo_protected_ci_witness_condition.go:40.2,40.100 1 1
github.com/fall_out_bug/sdp-trace/internal/demo/demo_protected_ci_witness_condition.go:43.53,55.2 1 1
github.com/fall_out_bug/sdp-trace/internal/demo/demo_protected_ci_witness_gate.go:8.62,13.26 1 1
github.com/fall_out_bug/sdp-trace/internal/demo/demo_protected_ci_witness_gate.go:13.26,15.3 1 1
github.com/fall_out_bug/sdp-trace/internal/demo/demo_protected_ci_witness_gate.go:16.2,17.14 2 1
github.com/fall_out_bug/sdp-trace/internal/demo/demo_protected_ci_witness_gate.go:20.79,25.90 1 1
github.com/fall_out_bug/sdp-trace/internal/demo/demo_protected_ci_witness_gate.go:25.90,27.3 1 1
github.com/fall_out_bug/sdp-trace/internal/demo/demo_protected_ci_witness_gate.go:28.2,28.83 1 0
github.com/fall_out_bug/sdp-trace/internal/demo/demo_protected_ci_witness_gate.go:30.88,35.31 1 1
github.com/fall_out_bug/sdp-trace/internal/demo/demo_protected_ci_witness_gate.go:35.31,37.3 1 1
github.com/fall_out_bug/sdp-trace/internal/demo/demo_protected_ci_witness_gate.go:38.2,38.32 1 1
github.com/fall_out_bug/sdp-trace/internal/demo/demo_protected_ci_witness_gate.go:38.32,40.3 1 1
github.com/fall_out_bug/sdp-trace/internal/demo/demo_protected_ci_witness_gate.go:41.2,41.46 1 1
github.com/fall_out_bug/sdp-trace/internal/demo/demo_protected_ci_witness_gate.go:44.60,49.102 1 1
github.com/fall_out_bug/sdp-trace/internal/demo/demo_protected_ci_witness_gate.go:49.102,50.30 1 1
github.com/fall_out_bug/sdp-trace/internal/demo/demo_protected_ci_witness_gate.go:50.30,52.4 1 1
github.com/fall_out_bug/sdp-trace/internal/demo/demo_protected_ci_witness_gate.go:54.2,54.11 1 0
github.com/fall_out_bug/sdp-trace/internal/demo/demo_protected_condition_from_gate.go:3.100,8.39 1 1
github.com/fall_out_bug/sdp-trace/internal/demo/demo_protected_condition_from_gate.go:8.39,9.25 1 1
github.com/fall_out_bug/sdp-trace/internal/demo/demo_protected_condition_from_gate.go:9.25,11.4 1 1
github.com/fall_out_bug/sdp-trace/internal/demo/demo_protected_condition_from_gate.go:13.2,19.3 1 0
github.com/fall_out_bug/sdp-trace/internal/demo/demo_protected_condition_from_gate.go:22.93,29.33 3 1
github.com/fall_out_bug/sdp-trace/internal/demo/demo_protected_condition_from_gate.go:29.33,33.3 2 1
github.com/fall_out_bug/sdp-trace/internal/demo/demo_protected_condition_from_gate.go:35.2,35.121 1 1
github.com/fall_out_bug/sdp-trace/internal/demo/demo_protected_condition_order.go:7.97,14.43 3 1
github.com/fall_out_bug/sdp-trace/internal/demo/demo_protected_condition_order.go:14.43,17.3 1 1
github.com/fall_out_bug/sdp-trace/internal/demo/demo_protected_condition_order.go:18.2,18.48 1 1
github.com/fall_out_bug/sdp-trace/internal/demo/demo_protected_condition_order.go:18.48,21.20 3 1
github.com/fall_out_bug/sdp-trace/internal/demo/demo_protected_condition_order.go:21.20,24.4 1 1
github.com/fall_out_bug/sdp-trace/internal/demo/demo_protected_condition_order.go:25.3,25.61 1 1
github.com/fall_out_bug/sdp-trace/internal/demo/demo_protected_condition_order.go:27.2,27.16 1 1
github.com/fall_out_bug/sdp-trace/internal/demo/demo_protected_conditions.go:3.92,23.2 1 1
github.com/fall_out_bug/sdp-trace/internal/demo/demo_protected_conditions.go:25.61,36.2 1 1
github.com/fall_out_bug/sdp-trace/internal/demo/demo_protected_conditions_apply.go:3.83,8.55 2 1
github.com/fall_out_bug/sdp-trace/internal/demo/demo_protected_conditions_apply.go:8.55,10.58 1 1
github.com/fall_out_bug/sdp-trace/internal/demo/demo_protected_conditions_apply.go:10.58,11.12 1 1
github.com/fall_out_bug/sdp-trace/internal/demo/demo_protected_conditions_apply.go:13.3,13.108 1 1
github.com/fall_out_bug/sdp-trace/internal/demo/demo_protected_conditions_apply.go:15.2,16.102 2 1
github.com/fall_out_bug/sdp-trace/internal/demo/demo_protected_entry.go:7.105,17.2 4 1
github.com/fall_out_bug/sdp-trace/internal/demo/demo_protected_entry.go:19.78,34.2 9 1
github.com/fall_out_bug/sdp-trace/internal/demo/demo_protected_freshness_entry.go:7.86,13.9 2 1
github.com/fall_out_bug/sdp-trace/internal/demo/demo_protected_freshness_entry.go:13.9,15.3 1 1
github.com/fall_out_bug/sdp-trace/internal/demo/demo_protected_freshness_entry.go:16.2,16.60 1 1
github.com/fall_out_bug/sdp-trace/internal/demo/demo_protected_freshness_entry.go:18.74,22.68 1 1
github.com/fall_out_bug/sdp-trace/internal/demo/demo_protected_freshness_entry.go:22.68,25.3 1 1
github.com/fall_out_bug/sdp-trace/internal/demo/demo_protected_freshness_entry.go:26.2,26.34 1 1
github.com/fall_out_bug/sdp-trace/internal/demo/demo_protected_freshness_result.go:3.81,5.2 1 1
github.com/fall_out_bug/sdp-trace/internal/demo/demo_protected_freshness_result.go:7.73,9.2 1 1
github.com/fall_out_bug/sdp-trace/internal/demo/demo_protected_freshness_result.go:10.85,22.2 1 1
github.com/fall_out_bug/sdp-trace/internal/demo/demo_protected_freshness_time.go:7.92,13.16 2 1
github.com/fall_out_bug/sdp-trace/internal/demo/demo_protected_freshness_time.go:13.16,16.3 1 0
github.com/fall_out_bug/sdp-trace/internal/demo/demo_protected_freshness_time.go:17.2,17.18 1 1
github.com/fall_out_bug/sdp-trace/internal/demo/demo_protected_freshness_time.go:17.18,20.3 1 0
github.com/fall_out_bug/sdp-trace/internal/demo/demo_protected_freshness_time.go:21.2,21.77 1 1
github.com/fall_out_bug/sdp-trace/internal/demo/demo_protected_freshness_time.go:21.77,23.3 1 1
github.com/fall_out_bug/sdp-trace/internal/demo/demo_protected_freshness_time.go:24.2,29.3 1 1
github.com/fall_out_bug/sdp-trace/internal/demo/demo_protected_freshness_time.go:32.94,37.49 1 1
github.com/fall_out_bug/sdp-trace/internal/demo/demo_protected_freshness_time.go:37.49,39.3 1 0
github.com/fall_out_bug/sdp-trace/internal/demo/demo_protected_freshness_time.go:40.2,40.41 1 1
github.com/fall_out_bug/sdp-trace/internal/demo/demo_protected_freshness_time.go:40.41,42.3 1 1
github.com/fall_out_bug/sdp-trace/internal/demo/demo_protected_freshness_time.go:43.2,43.36 1 1
github.com/fall_out_bug/sdp-trace/internal/demo/demo_protected_insufficient_trust.go:7.85,12.52 2 1
github.com/fall_out_bug/sdp-trace/internal/demo/demo_protected_insufficient_trust.go:12.52,15.3 1 1
github.com/fall_out_bug/sdp-trace/internal/demo/demo_protected_insufficient_trust.go:16.2,22.3 1 1
github.com/fall_out_bug/sdp-trace/internal/demo/demo_protected_next_actions.go:7.69,14.36 3 1
github.com/fall_out_bug/sdp-trace/internal/demo/demo_protected_next_actions.go:14.36,15.52 1 1
github.com/fall_out_bug/sdp-trace/internal/demo/demo_protected_next_actions.go:15.52,17.4 1 1
github.com/fall_out_bug/sdp-trace/internal/demo/demo_protected_next_actions.go:19.2,19.16 1 1
github.com/fall_out_bug/sdp-trace/internal/demo/demo_protected_override.go:3.81,8.25 1 1
github.com/fall_out_bug/sdp-trace/internal/demo/demo_protected_override.go:8.25,10.3 1 1
github.com/fall_out_bug/sdp-trace/internal/demo/demo_protected_override.go:11.2,11.37 1 1
github.com/fall_out_bug/sdp-trace/internal/demo/demo_protected_override.go:11.37,13.33 1 1
github.com/fall_out_bug/sdp-trace/internal/demo/demo_protected_override.go:13.33,22.4 1 1
github.com/fall_out_bug/sdp-trace/internal/demo/demo_protected_override.go:24.2,24.188 1 1
github.com/fall_out_bug/sdp-trace/internal/demo/demo_protected_reasons.go:7.65,14.36 3 1
github.com/fall_out_bug/sdp-trace/internal/demo/demo_protected_reasons.go:14.36,15.33 1 1
github.com/fall_out_bug/sdp-trace/internal/demo/demo_protected_reasons.go:15.33,16.12 1 0
github.com/fall_out_bug/sdp-trace/internal/demo/demo_protected_reasons.go:18.3,18.91 1 1
github.com/fall_out_bug/sdp-trace/internal/demo/demo_protected_reasons.go:20.2,20.16 1 1
github.com/fall_out_bug/sdp-trace/internal/demo/demo_protected_signer.go:3.76,8.27 1 1
github.com/fall_out_bug/sdp-trace/internal/demo/demo_protected_signer.go:8.27,10.3 1 1
github.com/fall_out_bug/sdp-trace/internal/demo/demo_protected_signer.go:11.2,13.61 2 1
github.com/fall_out_bug/sdp-trace/internal/demo/demo_protected_signer.go:13.61,16.3 1 1
github.com/fall_out_bug/sdp-trace/internal/demo/demo_protected_signer.go:17.2,17.66 1 1
github.com/fall_out_bug/sdp-trace/internal/demo/demo_protected_signer.go:17.66,20.3 1 1
github.com/fall_out_bug/sdp-trace/internal/demo/demo_protected_signer.go:21.2,27.3 1 1
github.com/fall_out_bug/sdp-trace/internal/demo/demo_protected_signer_missing.go:3.56,15.2 1 1
github.com/fall_out_bug/sdp-trace/internal/demo/demo_protected_signer_predicates.go:5.57,8.2 1 1
github.com/fall_out_bug/sdp-trace/internal/demo/demo_protected_signer_predicates.go:10.62,13.2 1 1
github.com/fall_out_bug/sdp-trace/internal/demo/demo_protected_state.go:3.46,7.51 1 1
github.com/fall_out_bug/sdp-trace/internal/demo/demo_protected_state.go:7.51,9.3 1 1
github.com/fall_out_bug/sdp-trace/internal/demo/demo_protected_state.go:11.2,11.25 1 1
github.com/fall_out_bug/sdp-trace/internal/demo/demo_protected_state.go:14.55,18.58 1 1
github.com/fall_out_bug/sdp-trace/internal/demo/demo_protected_state.go:18.58,21.3 1 1
github.com/fall_out_bug/sdp-trace/internal/demo/demo_protected_state.go:22.2,22.16 1 1
github.com/fall_out_bug/sdp-trace/internal/demo/demo_protected_state.go:25.50,29.15 1 1
github.com/fall_out_bug/sdp-trace/internal/demo/demo_protected_state.go:30.46,32.26 1 1
github.com/fall_out_bug/sdp-trace/internal/demo/demo_protected_state.go:33.10,34.15 1 1
github.com/fall_out_bug/sdp-trace/internal/demo/demo_protected_state.go:38.42,51.2 1 1
github.com/fall_out_bug/sdp-trace/internal/demo/demo_protected_state.go:52.63,55.2 1 1
github.com/fall_out_bug/sdp-trace/internal/demo/demo_protected_trust_scope.go:7.80,12.27 1 1
github.com/fall_out_bug/sdp-trace/internal/demo/demo_protected_trust_scope.go:12.27,20.3 1 1
github.com/fall_out_bug/sdp-trace/internal/demo/demo_protected_trust_scope.go:21.2,21.45 1 1
github.com/fall_out_bug/sdp-trace/internal/demo/demo_protected_trust_scope.go:21.45,23.3 1 1
github.com/fall_out_bug/sdp-trace/internal/demo/demo_protected_trust_scope.go:24.2,24.78 1 1
github.com/fall_out_bug/sdp-trace/internal/demo/demo_protected_trust_scope.go:27.70,36.2 1 1
github.com/fall_out_bug/sdp-trace/internal/demo/demo_protected_witness_trust.go:3.87,10.61 3 1
github.com/fall_out_bug/sdp-trace/internal/demo/demo_protected_witness_trust.go:10.61,13.3 1 1
github.com/fall_out_bug/sdp-trace/internal/demo/demo_protected_witness_trust.go:14.2,21.3 2 1
github.com/fall_out_bug/sdp-trace/internal/demo/demo_report_artifacts_write.go:8.75,21.31 2 1
github.com/fall_out_bug/sdp-trace/internal/demo/demo_report_artifacts_write.go:21.31,22.83 1 1
github.com/fall_out_bug/sdp-trace/internal/demo/demo_report_artifacts_write.go:22.83,25.4 1 0
github.com/fall_out_bug/sdp-trace/internal/demo/demo_report_artifacts_write.go:28.2,28.94 1 1
github.com/fall_out_bug/sdp-trace/internal/demo/demo_report_build.go:8.74,19.2 1 1
github.com/fall_out_bug/sdp-trace/internal/demo/demo_report_build.go:21.42,37.2 3 1
github.com/fall_out_bug/sdp-trace/internal/demo/demo_report_build.go:39.85,53.2 1 1
github.com/fall_out_bug/sdp-trace/internal/demo/demo_report_build.go:55.62,59.27 1 1
github.com/fall_out_bug/sdp-trace/internal/demo/demo_report_build.go:59.27,62.3 1 1
github.com/fall_out_bug/sdp-trace/internal/demo/demo_report_build.go:65.77,70.20 2 1
github.com/fall_out_bug/sdp-trace/internal/demo/demo_report_build.go:70.20,73.3 1 1
github.com/fall_out_bug/sdp-trace/internal/demo/demo_report_persist.go:7.77,11.51 1 1
github.com/fall_out_bug/sdp-trace/internal/demo/demo_report_persist.go:11.51,13.3 1 0
github.com/fall_out_bug/sdp-trace/internal/demo/demo_report_persist.go:15.2,15.48 1 1
github.com/fall_out_bug/sdp-trace/internal/demo/demo_report_rows.go:7.93,13.16 2 1
github.com/fall_out_bug/sdp-trace/internal/demo/demo_report_rows.go:13.16,15.3 1 0
github.com/fall_out_bug/sdp-trace/internal/demo/demo_report_rows.go:16.2,17.16 2 1
github.com/fall_out_bug/sdp-trace/internal/demo/demo_report_rows.go:17.16,19.3 1 0
github.com/fall_out_bug/sdp-trace/internal/demo/demo_report_rows.go:20.2,20.28 1 1
github.com/fall_out_bug/sdp-trace/internal/demo/demo_report_write.go:8.80,13.37 1 1
github.com/fall_out_bug/sdp-trace/internal/demo/demo_report_write.go:13.37,16.3 1 1
github.com/fall_out_bug/sdp-trace/internal/demo/demo_report_write.go:17.2,18.16 2 1
github.com/fall_out_bug/sdp-trace/internal/demo/demo_report_write.go:18.16,20.3 1 0
github.com/fall_out_bug/sdp-trace/internal/demo/demo_report_write.go:21.2,22.66 2 1
github.com/fall_out_bug/sdp-trace/internal/demo/demo_report_write.go:22.66,24.3 1 0
github.com/fall_out_bug/sdp-trace/internal/demo/demo_report_write.go:25.2,25.23 1 1
github.com/fall_out_bug/sdp-trace/internal/demo/demo_required_evidence_ids.go:7.60,13.56 2 1
github.com/fall_out_bug/sdp-trace/internal/demo/demo_required_evidence_ids.go:13.56,14.27 1 1
github.com/fall_out_bug/sdp-trace/internal/demo/demo_required_evidence_ids.go:14.27,16.4 1 1
github.com/fall_out_bug/sdp-trace/internal/demo/demo_required_evidence_ids.go:18.2,18.12 1 1
github.com/fall_out_bug/sdp-trace/internal/demo/demo_required_runs_eval.go:8.87,15.49 3 1
github.com/fall_out_bug/sdp-trace/internal/demo/demo_required_runs_eval.go:15.49,18.20 2 1
github.com/fall_out_bug/sdp-trace/internal/demo/demo_required_runs_eval.go:18.20,20.4 1 1
github.com/fall_out_bug/sdp-trace/internal/demo/demo_required_runs_eval.go:21.3,22.57 2 1
github.com/fall_out_bug/sdp-trace/internal/demo/demo_required_runs_eval.go:22.57,25.4 1 1
github.com/fall_out_bug/sdp-trace/internal/demo/demo_required_runs_eval.go:26.3,27.36 2 1
github.com/fall_out_bug/sdp-trace/internal/demo/demo_required_runs_eval.go:29.2,29.16 1 1
github.com/fall_out_bug/sdp-trace/internal/demo/demo_required_runs_eval.go:32.94,46.2 1 1
github.com/fall_out_bug/sdp-trace/internal/demo/demo_required_runs_failures.go:7.113,15.2 3 1
github.com/fall_out_bug/sdp-trace/internal/demo/demo_required_runs_failures.go:17.102,25.2 3 1
github.com/fall_out_bug/sdp-trace/internal/demo/demo_required_runs_failures.go:27.100,31.47 1 1
github.com/fall_out_bug/sdp-trace/internal/demo/demo_required_runs_failures.go:31.47,33.3 1 1
github.com/fall_out_bug/sdp-trace/internal/demo/demo_required_runs_failures.go:35.2,35.157 1 1
github.com/fall_out_bug/sdp-trace/internal/demo/demo_required_runs_failures.go:38.107,46.2 3 1
github.com/fall_out_bug/sdp-trace/internal/demo/demo_required_runs_first_row.go:3.57,9.27 2 1
github.com/fall_out_bug/sdp-trace/internal/demo/demo_required_runs_first_row.go:9.27,10.44 1 1
github.com/fall_out_bug/sdp-trace/internal/demo/demo_required_runs_first_row.go:10.44,11.12 1 1
github.com/fall_out_bug/sdp-trace/internal/demo/demo_required_runs_first_row.go:13.3,13.33 1 1
github.com/fall_out_bug/sdp-trace/internal/demo/demo_required_runs_first_row.go:15.2,15.16 1 1
github.com/fall_out_bug/sdp-trace/internal/demo/demo_required_runs_match.go:8.107,16.92 4 1
github.com/fall_out_bug/sdp-trace/internal/demo/demo_required_runs_match.go:16.92,18.3 1 1
github.com/fall_out_bug/sdp-trace/internal/demo/demo_required_runs_match.go:19.2,19.77 1 1
github.com/fall_out_bug/sdp-trace/internal/demo/demo_required_runs_match.go:19.77,21.3 1 1
github.com/fall_out_bug/sdp-trace/internal/demo/demo_required_runs_match.go:22.2,22.15 1 1
github.com/fall_out_bug/sdp-trace/internal/demo/demo_required_runs_match.go:25.78,30.46 1 1
github.com/fall_out_bug/sdp-trace/internal/demo/demo_required_runs_match.go:30.46,31.29 1 1
github.com/fall_out_bug/sdp-trace/internal/demo/demo_required_runs_match.go:31.29,33.4 1 1
github.com/fall_out_bug/sdp-trace/internal/demo/demo_required_runs_match.go:35.2,35.18 1 1
github.com/fall_out_bug/sdp-trace/internal/demo/demo_rows_verified.go:9.77,15.16 2 1
github.com/fall_out_bug/sdp-trace/internal/demo/demo_rows_verified.go:15.16,17.3 1 0
github.com/fall_out_bug/sdp-trace/internal/demo/demo_rows_verified.go:18.2,19.33 2 1
github.com/fall_out_bug/sdp-trace/internal/demo/demo_rows_verified.go:19.33,21.3 1 1
github.com/fall_out_bug/sdp-trace/internal/demo/demo_rows_verified.go:22.2,22.18 1 1
github.com/fall_out_bug/sdp-trace/internal/demo/demo_rows_verified.go:25.65,31.45 2 1
github.com/fall_out_bug/sdp-trace/internal/demo/demo_rows_verified.go:31.45,33.3 1 0
github.com/fall_out_bug/sdp-trace/internal/demo/demo_rows_verified.go:34.2,34.86 1 1
github.com/fall_out_bug/sdp-trace/internal/demo/demo_rows_verified.go:34.86,36.3 1 1
github.com/fall_out_bug/sdp-trace/internal/demo/demo_rows_verified.go:37.2,37.45 1 1
github.com/fall_out_bug/sdp-trace/internal/demo/demo_rows_verified.go:40.89,54.2 1 1
github.com/fall_out_bug/sdp-trace/internal/demo/demo_run_artifacts.go:7.89,18.66 7 1
github.com/fall_out_bug/sdp-trace/internal/demo/demo_run_artifacts.go:18.66,21.3 1 1
github.com/fall_out_bug/sdp-trace/internal/demo/demo_run_artifacts.go:22.2,25.81 3 1
github.com/fall_out_bug/sdp-trace/internal/demo/demo_run_rows.go:8.93,15.16 3 1
github.com/fall_out_bug/sdp-trace/internal/demo/demo_run_rows.go:15.16,20.3 3 1
github.com/fall_out_bug/sdp-trace/internal/demo/demo_run_rows.go:21.2,22.12 2 1
github.com/fall_out_bug/sdp-trace/internal/demo/demo_run_rows.go:24.79,40.2 1 1
github.com/fall_out_bug/sdp-trace/internal/demo/demo_timeline.go:8.42,16.27 5 1
github.com/fall_out_bug/sdp-trace/internal/demo/demo_timeline.go:16.27,18.3 1 1
github.com/fall_out_bug/sdp-trace/internal/demo/demo_timeline.go:19.2,19.25 1 1
github.com/fall_out_bug/sdp-trace/internal/demo/demo_timeline.go:22.37,35.2 1 1
github.com/fall_out_bug/sdp-trace/internal/demo/demo_timeline.go:37.38,41.25 1 1
github.com/fall_out_bug/sdp-trace/internal/demo/demo_timeline.go:41.25,43.3 1 0
github.com/fall_out_bug/sdp-trace/internal/demo/demo_timeline.go:45.2,45.41 1 1
github.com/fall_out_bug/sdp-trace/internal/demo/demo_timeline.go:48.36,50.2 1 1
github.com/fall_out_bug/sdp-trace/internal/demo/demo_types.go:190.52,190.79 1 1
github.com/fall_out_bug/sdp-trace/internal/demo/demo_types.go:191.52,191.77 1 0
github.com/fall_out_bug/sdp-trace/internal/demo/demo_types.go:192.52,192.83 1 1
github.com/fall_out_bug/sdp-trace/internal/demo/demo_types.go:193.52,193.82 1 0
github.com/fall_out_bug/sdp-trace/internal/demo/demo_witness_apply.go:7.69,10.2 1 1
github.com/fall_out_bug/sdp-trace/internal/demo/demo_witness_apply.go:11.113,17.16 2 1
github.com/fall_out_bug/sdp-trace/internal/demo/demo_witness_apply.go:17.16,21.3 3 0
github.com/fall_out_bug/sdp-trace/internal/demo/demo_witness_apply.go:22.2,23.31 2 1
github.com/fall_out_bug/sdp-trace/internal/demo/demo_witness_apply.go:23.31,26.3 1 1
github.com/fall_out_bug/sdp-trace/internal/demo/demo_witness_apply.go:27.2,30.15 4 1
github.com/fall_out_bug/sdp-trace/internal/demo/demo_witness_artifacts.go:7.95,14.34 3 1
github.com/fall_out_bug/sdp-trace/internal/demo/demo_witness_artifacts.go:14.34,16.96 2 1
github.com/fall_out_bug/sdp-trace/internal/demo/demo_witness_artifacts.go:16.96,18.4 1 1
github.com/fall_out_bug/sdp-trace/internal/demo/demo_witness_artifacts.go:20.2,20.70 1 1
github.com/fall_out_bug/sdp-trace/internal/demo/demo_witness_artifacts.go:23.121,28.38 1 1
github.com/fall_out_bug/sdp-trace/internal/demo/demo_witness_artifacts.go:28.38,29.27 1 1
github.com/fall_out_bug/sdp-trace/internal/demo/demo_witness_artifacts.go:29.27,31.4 1 1
github.com/fall_out_bug/sdp-trace/internal/demo/demo_witness_artifacts.go:33.2,33.22 1 1
github.com/fall_out_bug/sdp-trace/internal/demo/demo_witness_artifacts.go:36.82,42.37 2 1
github.com/fall_out_bug/sdp-trace/internal/demo/demo_witness_artifacts.go:42.37,44.3 1 1
github.com/fall_out_bug/sdp-trace/internal/demo/demo_witness_artifacts.go:45.2,45.15 1 1
github.com/fall_out_bug/sdp-trace/internal/demo/demo_witness_artifacts.go:48.109,54.9 2 1
github.com/fall_out_bug/sdp-trace/internal/demo/demo_witness_artifacts.go:54.9,56.3 1 1
github.com/fall_out_bug/sdp-trace/internal/demo/demo_witness_artifacts.go:57.2,57.39 1 1
github.com/fall_out_bug/sdp-trace/internal/demo/demo_witness_artifacts.go:57.39,59.3 1 1
github.com/fall_out_bug/sdp-trace/internal/demo/demo_witness_artifacts.go:60.2,60.22 1 1
github.com/fall_out_bug/sdp-trace/internal/demo/demo_witness_binding.go:7.97,12.66 1 1
github.com/fall_out_bug/sdp-trace/internal/demo/demo_witness_binding.go:12.66,13.81 1 1
github.com/fall_out_bug/sdp-trace/internal/demo/demo_witness_binding.go:13.81,15.4 1 1
github.com/fall_out_bug/sdp-trace/internal/demo/demo_witness_binding.go:17.2,17.80 1 1
github.com/fall_out_bug/sdp-trace/internal/demo/demo_witness_binding.go:20.103,31.2 1 1
github.com/fall_out_bug/sdp-trace/internal/demo/demo_witness_binding.go:33.84,38.28 1 1
github.com/fall_out_bug/sdp-trace/internal/demo/demo_witness_binding.go:38.28,40.3 1 1
github.com/fall_out_bug/sdp-trace/internal/demo/demo_witness_binding.go:41.2,41.26 1 1
github.com/fall_out_bug/sdp-trace/internal/demo/demo_witness_binding.go:41.26,43.3 1 1
github.com/fall_out_bug/sdp-trace/internal/demo/demo_witness_binding.go:44.2,44.40 1 1
github.com/fall_out_bug/sdp-trace/internal/demo/demo_witness_binding.go:44.40,46.3 1 1
github.com/fall_out_bug/sdp-trace/internal/demo/demo_witness_binding.go:47.2,47.22 1 1
github.com/fall_out_bug/sdp-trace/internal/demo/demo_witness_entry.go:7.101,10.2 1 1
github.com/fall_out_bug/sdp-trace/internal/demo/demo_witness_entry.go:12.137,15.2 1 1
github.com/fall_out_bug/sdp-trace/internal/demo/demo_witness_entry.go:17.73,23.16 2 1
github.com/fall_out_bug/sdp-trace/internal/demo/demo_witness_entry.go:23.16,25.3 1 0
github.com/fall_out_bug/sdp-trace/internal/demo/demo_witness_entry.go:26.2,27.16 2 1
github.com/fall_out_bug/sdp-trace/internal/demo/demo_witness_entry.go:27.16,30.3 1 0
github.com/fall_out_bug/sdp-trace/internal/demo/demo_witness_entry.go:31.2,32.23 2 1
github.com/fall_out_bug/sdp-trace/internal/demo/demo_witness_entry.go:32.23,34.3 1 1
github.com/fall_out_bug/sdp-trace/internal/demo/demo_witness_entry.go:35.2,35.22 1 0
github.com/fall_out_bug/sdp-trace/internal/demo/demo_witness_expectation.go:7.78,13.16 2 1
github.com/fall_out_bug/sdp-trace/internal/demo/demo_witness_expectation.go:13.16,15.3 1 1
github.com/fall_out_bug/sdp-trace/internal/demo/demo_witness_expectation.go:16.2,17.33 2 1
github.com/fall_out_bug/sdp-trace/internal/demo/demo_witness_expectation.go:17.33,20.17 2 1
github.com/fall_out_bug/sdp-trace/internal/demo/demo_witness_expectation.go:20.17,22.4 1 0
github.com/fall_out_bug/sdp-trace/internal/demo/demo_witness_expectation.go:23.3,23.42 1 1
github.com/fall_out_bug/sdp-trace/internal/demo/demo_witness_expectation.go:25.2,25.57 1 1
github.com/fall_out_bug/sdp-trace/internal/demo/demo_witness_expectation.go:28.77,38.2 2 1
github.com/fall_out_bug/sdp-trace/internal/demo/demo_witness_load.go:8.62,13.16 3 1
github.com/fall_out_bug/sdp-trace/internal/demo/demo_witness_load.go:13.16,15.3 1 0
github.com/fall_out_bug/sdp-trace/internal/demo/demo_witness_load.go:16.2,16.54 1 1
github.com/fall_out_bug/sdp-trace/internal/demo/demo_witness_load.go:16.54,18.3 1 0
github.com/fall_out_bug/sdp-trace/internal/demo/demo_witness_load.go:19.2,19.20 1 1
github.com/fall_out_bug/sdp-trace/internal/demo/demo_witness_verified.go:7.52,10.2 1 1
github.com/fall_out_bug/sdp-trace/internal/demo/demo_witness_verified.go:12.111,17.101 1 1
github.com/fall_out_bug/sdp-trace/internal/demo/demo_witness_verified.go:17.101,20.41 3 1
github.com/fall_out_bug/sdp-trace/internal/demo/demo_witness_verified.go:20.41,22.4 1 1
github.com/fall_out_bug/sdp-trace/internal/demo/demo_witness_verified.go:23.3,25.16 3 1
github.com/fall_out_bug/sdp-trace/internal/demo/demo_witness_verified.go:28.2,31.15 4 1
github.com/fall_out_bug/sdp-trace/internal/checkpoint/checkpoint_bindings.go:5.76,14.2 4 1
github.com/fall_out_bug/sdp-trace/internal/checkpoint/checkpoint_bindings.go:16.78,20.36 1 1
github.com/fall_out_bug/sdp-trace/internal/checkpoint/checkpoint_bindings.go:20.36,22.3 1 1
github.com/fall_out_bug/sdp-trace/internal/checkpoint/checkpoint_bindings.go:24.2,25.123 2 1
github.com/fall_out_bug/sdp-trace/internal/checkpoint/checkpoint_bindings.go:28.80,32.98 1 1
github.com/fall_out_bug/sdp-trace/internal/checkpoint/checkpoint_bindings.go:32.98,34.3 1 1
github.com/fall_out_bug/sdp-trace/internal/checkpoint/checkpoint_bindings.go:36.2,37.92 2 1
github.com/fall_out_bug/sdp-trace/internal/checkpoint/checkpoint_bindings.go:40.81,44.44 1 1
github.com/fall_out_bug/sdp-trace/internal/checkpoint/checkpoint_bindings.go:44.44,46.3 1 1
github.com/fall_out_bug/sdp-trace/internal/checkpoint/checkpoint_bindings.go:48.2,49.106 2 1
github.com/fall_out_bug/sdp-trace/internal/checkpoint/checkpoint_bindings.go:52.58,61.2 1 1
github.com/fall_out_bug/sdp-trace/internal/checkpoint/checkpoint_bindings.go:63.80,67.42 1 1
github.com/fall_out_bug/sdp-trace/internal/checkpoint/checkpoint_bindings.go:67.42,69.3 1 1
github.com/fall_out_bug/sdp-trace/internal/checkpoint/checkpoint_bindings.go:71.2,72.90 2 1
github.com/fall_out_bug/sdp-trace/internal/checkpoint/checkpoint_create.go:9.77,15.16 2 1
github.com/fall_out_bug/sdp-trace/internal/checkpoint/checkpoint_create.go:15.16,17.3 1 1
github.com/fall_out_bug/sdp-trace/internal/checkpoint/checkpoint_create.go:18.2,19.16 2 1
github.com/fall_out_bug/sdp-trace/internal/checkpoint/checkpoint_create.go:19.16,21.3 1 0
github.com/fall_out_bug/sdp-trace/internal/checkpoint/checkpoint_create.go:23.2,24.16 2 1
github.com/fall_out_bug/sdp-trace/internal/checkpoint/checkpoint_create.go:24.16,26.3 1 0
github.com/fall_out_bug/sdp-trace/internal/checkpoint/checkpoint_create.go:27.2,30.81 3 1
github.com/fall_out_bug/sdp-trace/internal/checkpoint/checkpoint_create_key.go:8.86,12.22 1 1
github.com/fall_out_bug/sdp-trace/internal/checkpoint/checkpoint_create_key.go:12.22,15.3 1 1
github.com/fall_out_bug/sdp-trace/internal/checkpoint/checkpoint_create_key.go:17.2,17.83 1 0
github.com/fall_out_bug/sdp-trace/internal/checkpoint/checkpoint_create_key.go:20.77,25.55 1 1
github.com/fall_out_bug/sdp-trace/internal/checkpoint/checkpoint_create_key.go:25.55,27.3 1 1
github.com/fall_out_bug/sdp-trace/internal/checkpoint/checkpoint_create_key.go:28.2,29.16 2 1
github.com/fall_out_bug/sdp-trace/internal/checkpoint/checkpoint_create_key.go:29.16,31.3 1 0
github.com/fall_out_bug/sdp-trace/internal/checkpoint/checkpoint_create_key.go:32.2,32.61 1 1
github.com/fall_out_bug/sdp-trace/internal/checkpoint/checkpoint_create_parts.go:9.134,27.2 1 1
github.com/fall_out_bug/sdp-trace/internal/checkpoint/checkpoint_create_parts.go:29.58,38.2 1 1
github.com/fall_out_bug/sdp-trace/internal/checkpoint/checkpoint_create_parts.go:40.72,50.2 1 1
github.com/fall_out_bug/sdp-trace/internal/checkpoint/checkpoint_create_parts.go:52.55,62.2 1 1
github.com/fall_out_bug/sdp-trace/internal/checkpoint/checkpoint_create_validate.go:8.57,12.51 1 1
github.com/fall_out_bug/sdp-trace/internal/checkpoint/checkpoint_create_validate.go:12.51,15.3 1 0
github.com/fall_out_bug/sdp-trace/internal/checkpoint/checkpoint_create_validate.go:16.2,16.47 1 1
github.com/fall_out_bug/sdp-trace/internal/checkpoint/checkpoint_create_validate.go:16.47,19.3 1 0
github.com/fall_out_bug/sdp-trace/internal/checkpoint/checkpoint_create_validate.go:20.2,20.81 1 1
github.com/fall_out_bug/sdp-trace/internal/checkpoint/checkpoint_crypto.go:10.70,16.16 2 1
github.com/fall_out_bug/sdp-trace/internal/checkpoint/checkpoint_crypto.go:16.16,18.3 1 0
github.com/fall_out_bug/sdp-trace/internal/checkpoint/checkpoint_crypto.go:19.2,19.49 1 1
github.com/fall_out_bug/sdp-trace/internal/checkpoint/checkpoint_crypto.go:22.56,26.65 1 1
github.com/fall_out_bug/sdp-trace/internal/checkpoint/checkpoint_crypto.go:26.65,29.3 1 0
github.com/fall_out_bug/sdp-trace/internal/checkpoint/checkpoint_crypto.go:30.2,31.9 2 1
github.com/fall_out_bug/sdp-trace/internal/checkpoint/checkpoint_crypto.go:31.9,33.3 1 0
github.com/fall_out_bug/sdp-trace/internal/checkpoint/checkpoint_crypto.go:34.2,35.16 2 1
github.com/fall_out_bug/sdp-trace/internal/checkpoint/checkpoint_crypto.go:35.16,38.3 1 0
github.com/fall_out_bug/sdp-trace/internal/checkpoint/checkpoint_crypto.go:39.2,39.75 1 1
github.com/fall_out_bug/sdp-trace/internal/checkpoint/checkpoint_crypto.go:42.66,49.31 3 1
github.com/fall_out_bug/sdp-trace/internal/checkpoint/checkpoint_crypto.go:49.31,51.3 1 0
github.com/fall_out_bug/sdp-trace/internal/checkpoint/checkpoint_crypto.go:52.2,52.42 1 1
github.com/fall_out_bug/sdp-trace/internal/checkpoint/checkpoint_crypto.go:55.63,62.2 2 1
github.com/fall_out_bug/sdp-trace/internal/checkpoint/checkpoint_finalize.go:3.43,9.65 2 1
github.com/fall_out_bug/sdp-trace/internal/checkpoint/checkpoint_finalize.go:9.65,14.3 3 1
github.com/fall_out_bug/sdp-trace/internal/checkpoint/checkpoint_finalize.go:15.2,15.73 1 1
github.com/fall_out_bug/sdp-trace/internal/checkpoint/checkpoint_finalize.go:15.73,18.3 1 1
github.com/fall_out_bug/sdp-trace/internal/checkpoint/checkpoint_finalize.go:21.64,25.31 1 1
github.com/fall_out_bug/sdp-trace/internal/checkpoint/checkpoint_finalize.go:25.31,26.22 1 1
github.com/fall_out_bug/sdp-trace/internal/checkpoint/checkpoint_finalize.go:26.22,29.4 1 1
github.com/fall_out_bug/sdp-trace/internal/checkpoint/checkpoint_finalize.go:31.2,31.14 1 1
github.com/fall_out_bug/sdp-trace/internal/checkpoint/checkpoint_keypair.go:9.56,15.16 2 1
github.com/fall_out_bug/sdp-trace/internal/checkpoint/checkpoint_keypair.go:15.16,17.3 1 0
github.com/fall_out_bug/sdp-trace/internal/checkpoint/checkpoint_keypair.go:18.2,23.8 1 1
github.com/fall_out_bug/sdp-trace/internal/checkpoint/checkpoint_keys.go:10.72,14.25 1 1
github.com/fall_out_bug/sdp-trace/internal/checkpoint/checkpoint_keys.go:14.25,17.3 1 0
github.com/fall_out_bug/sdp-trace/internal/checkpoint/checkpoint_keys.go:18.2,19.16 2 1
github.com/fall_out_bug/sdp-trace/internal/checkpoint/checkpoint_keys.go:19.16,21.3 1 0
github.com/fall_out_bug/sdp-trace/internal/checkpoint/checkpoint_keys.go:22.2,23.40 2 1
github.com/fall_out_bug/sdp-trace/internal/checkpoint/checkpoint_keys.go:23.40,26.3 1 0
github.com/fall_out_bug/sdp-trace/internal/checkpoint/checkpoint_keys.go:27.2,27.12 1 1
github.com/fall_out_bug/sdp-trace/internal/checkpoint/checkpoint_keys.go:30.52,36.16 2 1
github.com/fall_out_bug/sdp-trace/internal/checkpoint/checkpoint_keys.go:36.16,38.3 1 0
github.com/fall_out_bug/sdp-trace/internal/checkpoint/checkpoint_keys.go:39.2,39.43 1 1
github.com/fall_out_bug/sdp-trace/internal/checkpoint/checkpoint_keys.go:39.43,42.3 1 0
github.com/fall_out_bug/sdp-trace/internal/checkpoint/checkpoint_keys.go:43.2,43.21 1 1
github.com/fall_out_bug/sdp-trace/internal/checkpoint/checkpoint_merge.go:3.92,17.2 9 1
github.com/fall_out_bug/sdp-trace/internal/checkpoint/checkpoint_merge.go:19.44,32.30 2 1
github.com/fall_out_bug/sdp-trace/internal/checkpoint/checkpoint_merge.go:32.30,35.3 1 1
github.com/fall_out_bug/sdp-trace/internal/checkpoint/checkpoint_merge.go:36.2,36.13 1 1
github.com/fall_out_bug/sdp-trace/internal/checkpoint/checkpoint_nonce.go:5.44,9.31 1 1
github.com/fall_out_bug/sdp-trace/internal/checkpoint/checkpoint_nonce.go:9.31,10.53 1 1
github.com/fall_out_bug/sdp-trace/internal/checkpoint/checkpoint_nonce.go:10.53,11.65 1 1
github.com/fall_out_bug/sdp-trace/internal/checkpoint/checkpoint_nonce.go:11.65,14.5 1 1
github.com/fall_out_bug/sdp-trace/internal/checkpoint/checkpoint_nonce.go:17.2,17.11 1 1
github.com/fall_out_bug/sdp-trace/internal/checkpoint/checkpoint_payload.go:9.77,15.16 2 1
github.com/fall_out_bug/sdp-trace/internal/checkpoint/checkpoint_payload.go:15.16,17.3 1 0
github.com/fall_out_bug/sdp-trace/internal/checkpoint/checkpoint_payload.go:18.2,19.17 2 1
github.com/fall_out_bug/sdp-trace/internal/checkpoint/checkpoint_payload.go:19.17,22.3 1 1
github.com/fall_out_bug/sdp-trace/internal/checkpoint/checkpoint_payload.go:23.2,23.76 1 1
github.com/fall_out_bug/sdp-trace/internal/checkpoint/checkpoint_payload.go:26.102,44.2 2 1
github.com/fall_out_bug/sdp-trace/internal/checkpoint/checkpoint_payload.go:46.47,56.2 1 1
github.com/fall_out_bug/sdp-trace/internal/checkpoint/checkpoint_payload.go:58.59,62.35 1 1
github.com/fall_out_bug/sdp-trace/internal/checkpoint/checkpoint_payload.go:62.35,64.3 1 1
github.com/fall_out_bug/sdp-trace/internal/checkpoint/checkpoint_payload.go:66.2,66.32 1 0
github.com/fall_out_bug/sdp-trace/internal/checkpoint/checkpoint_payload_artifact.go:9.69,15.16 2 1
github.com/fall_out_bug/sdp-trace/internal/checkpoint/checkpoint_payload_artifact.go:15.16,17.3 1 0
github.com/fall_out_bug/sdp-trace/internal/checkpoint/checkpoint_payload_artifact.go:18.2,18.53 1 1
github.com/fall_out_bug/sdp-trace/internal/checkpoint/checkpoint_payload_artifact.go:18.53,20.3 1 0
github.com/fall_out_bug/sdp-trace/internal/checkpoint/checkpoint_payload_artifact.go:21.2,21.58 1 1
github.com/fall_out_bug/sdp-trace/internal/checkpoint/checkpoint_payload_artifact.go:21.58,24.3 1 0
github.com/fall_out_bug/sdp-trace/internal/checkpoint/checkpoint_payload_artifact.go:25.2,25.60 1 1
github.com/fall_out_bug/sdp-trace/internal/checkpoint/checkpoint_policy.go:3.108,6.2 1 1
github.com/fall_out_bug/sdp-trace/internal/checkpoint/checkpoint_policy.go:8.123,12.19 1 1
github.com/fall_out_bug/sdp-trace/internal/checkpoint/checkpoint_policy.go:12.19,16.3 2 1
github.com/fall_out_bug/sdp-trace/internal/checkpoint/checkpoint_policy.go:18.2,19.12 2 1
github.com/fall_out_bug/sdp-trace/internal/checkpoint/checkpoint_policy.go:19.12,23.3 2 1
github.com/fall_out_bug/sdp-trace/internal/checkpoint/checkpoint_policy.go:24.2,24.59 1 1
github.com/fall_out_bug/sdp-trace/internal/checkpoint/checkpoint_policy.go:24.59,27.3 1 1
github.com/fall_out_bug/sdp-trace/internal/checkpoint/checkpoint_policy.go:28.2,28.54 1 1
github.com/fall_out_bug/sdp-trace/internal/checkpoint/checkpoint_policy.go:31.59,35.2 2 1
github.com/fall_out_bug/sdp-trace/internal/checkpoint/checkpoint_policy.go:37.52,41.2 2 1
github.com/fall_out_bug/sdp-trace/internal/checkpoint/checkpoint_policy_authority.go:3.79,8.17 2 1
github.com/fall_out_bug/sdp-trace/internal/checkpoint/checkpoint_policy_authority.go:8.17,13.3 3 1
github.com/fall_out_bug/sdp-trace/internal/checkpoint/checkpoint_policy_authority.go:14.2,15.62 2 1
github.com/fall_out_bug/sdp-trace/internal/checkpoint/checkpoint_policy_authority.go:15.62,18.3 1 0
github.com/fall_out_bug/sdp-trace/internal/checkpoint/checkpoint_policy_authority.go:19.2,19.64 1 1
github.com/fall_out_bug/sdp-trace/internal/checkpoint/checkpoint_policy_authority.go:19.64,21.3 1 1
github.com/fall_out_bug/sdp-trace/internal/checkpoint/checkpoint_policy_signer.go:3.115,7.28 1 1
github.com/fall_out_bug/sdp-trace/internal/checkpoint/checkpoint_policy_signer.go:7.28,12.3 3 1
github.com/fall_out_bug/sdp-trace/internal/checkpoint/checkpoint_policy_signer.go:13.2,13.56 1 1
github.com/fall_out_bug/sdp-trace/internal/checkpoint/checkpoint_policy_signer.go:13.56,18.3 3 1
github.com/fall_out_bug/sdp-trace/internal/checkpoint/checkpoint_policy_signer.go:19.2,19.53 1 1
github.com/fall_out_bug/sdp-trace/internal/checkpoint/checkpoint_policy_signer.go:19.53,24.3 3 1
github.com/fall_out_bug/sdp-trace/internal/checkpoint/checkpoint_policy_signer.go:25.2,25.13 1 1
github.com/fall_out_bug/sdp-trace/internal/checkpoint/checkpoint_policy_signer.go:28.88,32.33 1 1
github.com/fall_out_bug/sdp-trace/internal/checkpoint/checkpoint_policy_signer.go:32.33,33.34 1 1
github.com/fall_out_bug/sdp-trace/internal/checkpoint/checkpoint_policy_signer.go:33.34,36.4 1 1
github.com/fall_out_bug/sdp-trace/internal/checkpoint/checkpoint_policy_signer.go:38.2,38.31 1 1
github.com/fall_out_bug/sdp-trace/internal/checkpoint/checkpoint_private_key.go:9.64,13.48 1 1
github.com/fall_out_bug/sdp-trace/internal/checkpoint/checkpoint_private_key.go:13.48,16.3 1 0
github.com/fall_out_bug/sdp-trace/internal/checkpoint/checkpoint_private_key.go:17.2,18.16 2 1
github.com/fall_out_bug/sdp-trace/internal/checkpoint/checkpoint_private_key.go:18.16,20.3 1 0
github.com/fall_out_bug/sdp-trace/internal/checkpoint/checkpoint_private_key.go:21.2,21.44 1 1
github.com/fall_out_bug/sdp-trace/internal/checkpoint/checkpoint_private_key.go:21.44,24.3 1 0
github.com/fall_out_bug/sdp-trace/internal/checkpoint/checkpoint_private_key.go:25.2,25.41 1 1
github.com/fall_out_bug/sdp-trace/internal/checkpoint/checkpoint_result.go:3.65,18.2 3 1
github.com/fall_out_bug/sdp-trace/internal/checkpoint/checkpoint_result.go:20.58,34.2 9 1
github.com/fall_out_bug/sdp-trace/internal/checkpoint/checkpoint_result.go:36.62,51.2 1 1
github.com/fall_out_bug/sdp-trace/internal/checkpoint/checkpoint_sequence.go:5.70,9.18 1 1
github.com/fall_out_bug/sdp-trace/internal/checkpoint/checkpoint_sequence.go:9.18,11.3 1 0
github.com/fall_out_bug/sdp-trace/internal/checkpoint/checkpoint_sequence.go:13.2,13.68 1 1
github.com/fall_out_bug/sdp-trace/internal/checkpoint/checkpoint_sequence.go:16.83,20.19 1 1
github.com/fall_out_bug/sdp-trace/internal/checkpoint/checkpoint_sequence.go:20.19,23.3 1 1
github.com/fall_out_bug/sdp-trace/internal/checkpoint/checkpoint_sequence.go:24.2,24.26 1 1
github.com/fall_out_bug/sdp-trace/internal/checkpoint/checkpoint_sequence.go:24.26,27.3 1 1
github.com/fall_out_bug/sdp-trace/internal/checkpoint/checkpoint_sequence.go:28.2,28.12 1 1
github.com/fall_out_bug/sdp-trace/internal/checkpoint/checkpoint_sequence.go:31.65,35.26 1 1
github.com/fall_out_bug/sdp-trace/internal/checkpoint/checkpoint_sequence.go:35.26,38.3 1 0
github.com/fall_out_bug/sdp-trace/internal/checkpoint/checkpoint_sequence.go:39.2,39.12 1 1
github.com/fall_out_bug/sdp-trace/internal/checkpoint/checkpoint_set.go:3.115,9.27 2 1
github.com/fall_out_bug/sdp-trace/internal/checkpoint/checkpoint_set.go:9.27,11.3 1 0
github.com/fall_out_bug/sdp-trace/internal/checkpoint/checkpoint_set.go:12.2,14.33 3 1
github.com/fall_out_bug/sdp-trace/internal/checkpoint/checkpoint_set.go:14.33,16.148 1 1
github.com/fall_out_bug/sdp-trace/internal/checkpoint/checkpoint_set.go:16.148,18.4 1 1
github.com/fall_out_bug/sdp-trace/internal/checkpoint/checkpoint_set.go:19.3,19.36 1 1
github.com/fall_out_bug/sdp-trace/internal/checkpoint/checkpoint_set.go:21.2,21.15 1 0
github.com/fall_out_bug/sdp-trace/internal/checkpoint/checkpoint_set.go:24.41,38.2 1 1
github.com/fall_out_bug/sdp-trace/internal/checkpoint/checkpoint_set.go:40.67,49.2 4 0
github.com/fall_out_bug/sdp-trace/internal/checkpoint/checkpoint_set_link_checks.go:3.108,8.48 1 1
github.com/fall_out_bug/sdp-trace/internal/checkpoint/checkpoint_set_link_checks.go:8.48,10.3 1 0
github.com/fall_out_bug/sdp-trace/internal/checkpoint/checkpoint_set_link_checks.go:11.2,11.56 1 1
github.com/fall_out_bug/sdp-trace/internal/checkpoint/checkpoint_set_link_checks.go:11.56,13.3 1 1
github.com/fall_out_bug/sdp-trace/internal/checkpoint/checkpoint_set_link_checks.go:14.2,14.71 1 1
github.com/fall_out_bug/sdp-trace/internal/checkpoint/checkpoint_set_links.go:5.89,9.23 1 1
github.com/fall_out_bug/sdp-trace/internal/checkpoint/checkpoint_set_links.go:9.23,11.3 1 1
github.com/fall_out_bug/sdp-trace/internal/checkpoint/checkpoint_set_links.go:13.2,17.13 5 0
github.com/fall_out_bug/sdp-trace/internal/checkpoint/checkpoint_set_links.go:20.94,24.29 1 1
github.com/fall_out_bug/sdp-trace/internal/checkpoint/checkpoint_set_links.go:24.29,26.3 1 1
github.com/fall_out_bug/sdp-trace/internal/checkpoint/checkpoint_set_links.go:28.2,31.13 4 1
github.com/fall_out_bug/sdp-trace/internal/checkpoint/checkpoint_set_links.go:34.109,38.59 1 1
github.com/fall_out_bug/sdp-trace/internal/checkpoint/checkpoint_set_links.go:38.59,44.3 4 0
github.com/fall_out_bug/sdp-trace/internal/checkpoint/checkpoint_set_links.go:45.2,45.14 1 1
github.com/fall_out_bug/sdp-trace/internal/checkpoint/checkpoint_set_verify.go:5.157,12.90 3 1
github.com/fall_out_bug/sdp-trace/internal/checkpoint/checkpoint_set_verify.go:12.90,15.3 2 1
github.com/fall_out_bug/sdp-trace/internal/checkpoint/checkpoint_set_verify.go:16.2,16.49 1 1
github.com/fall_out_bug/sdp-trace/internal/checkpoint/checkpoint_set_verify.go:19.94,26.24 3 1
github.com/fall_out_bug/sdp-trace/internal/checkpoint/checkpoint_set_verify.go:26.24,29.3 2 1
github.com/fall_out_bug/sdp-trace/internal/checkpoint/checkpoint_set_verify.go:30.2,30.102 1 0
github.com/fall_out_bug/sdp-trace/internal/checkpoint/checkpoint_validate.go:10.58,21.2 1 1
github.com/fall_out_bug/sdp-trace/internal/checkpoint/checkpoint_validate.go:23.65,27.8 1 1
github.com/fall_out_bug/sdp-trace/internal/checkpoint/checkpoint_validate.go:27.8,29.3 1 1
github.com/fall_out_bug/sdp-trace/internal/checkpoint/checkpoint_validate.go:31.2,31.34 1 1
github.com/fall_out_bug/sdp-trace/internal/checkpoint/checkpoint_validate.go:34.71,38.105 1 1
github.com/fall_out_bug/sdp-trace/internal/checkpoint/checkpoint_validate.go:38.105,40.3 1 1
github.com/fall_out_bug/sdp-trace/internal/checkpoint/checkpoint_validate.go:42.2,42.62 1 0
github.com/fall_out_bug/sdp-trace/internal/checkpoint/checkpoint_validate.go:45.38,49.27 1 1
github.com/fall_out_bug/sdp-trace/internal/checkpoint/checkpoint_validate.go:49.27,50.17 1 1
github.com/fall_out_bug/sdp-trace/internal/checkpoint/checkpoint_validate.go:50.17,53.4 1 1
github.com/fall_out_bug/sdp-trace/internal/checkpoint/checkpoint_validate.go:55.2,55.12 1 1
github.com/fall_out_bug/sdp-trace/internal/checkpoint/checkpoint_verify.go:3.109,8.48 2 1
github.com/fall_out_bug/sdp-trace/internal/checkpoint/checkpoint_verify.go:8.48,10.3 1 1
github.com/fall_out_bug/sdp-trace/internal/checkpoint/checkpoint_verify.go:12.2,13.16 2 1
github.com/fall_out_bug/sdp-trace/internal/checkpoint/checkpoint_verify.go:13.16,17.3 2 1
github.com/fall_out_bug/sdp-trace/internal/checkpoint/checkpoint_verify.go:18.2,23.15 6 1
github.com/fall_out_bug/sdp-trace/internal/checkpoint/checkpoint_verify.go:26.89,30.53 1 1
github.com/fall_out_bug/sdp-trace/internal/checkpoint/checkpoint_verify.go:30.53,34.3 2 1
github.com/fall_out_bug/sdp-trace/internal/checkpoint/checkpoint_verify.go:35.2,35.111 1 1
github.com/fall_out_bug/sdp-trace/internal/checkpoint/checkpoint_verify.go:35.111,40.3 3 0
github.com/fall_out_bug/sdp-trace/internal/checkpoint/checkpoint_verify.go:41.2,41.13 1 1
github.com/fall_out_bug/sdp-trace/internal/checkpoint/checkpoint_verify.go:44.59,52.2 3 1
github.com/fall_out_bug/sdp-trace/internal/checkpoint/checkpoint_verify.go:54.62,59.2 2 1
github.com/fall_out_bug/sdp-trace/internal/checkpoint/checkpoint_verify_states.go:3.87,8.9 2 1
github.com/fall_out_bug/sdp-trace/internal/checkpoint/checkpoint_verify_states.go:8.9,13.3 3 0
github.com/fall_out_bug/sdp-trace/internal/checkpoint/checkpoint_verify_states.go:14.2,14.40 1 1
github.com/fall_out_bug/sdp-trace/internal/checkpoint/checkpoint_verify_states.go:14.40,18.3 2 1
github.com/fall_out_bug/sdp-trace/internal/checkpoint/checkpoint_verify_states.go:19.2,20.103 2 1
github.com/fall_out_bug/sdp-trace/internal/checkpoint/checkpoint_verify_states.go:23.83,27.33 1 1
github.com/fall_out_bug/sdp-trace/internal/checkpoint/checkpoint_verify_states.go:27.33,31.3 2 1
github.com/fall_out_bug/sdp-trace/internal/checkpoint/checkpoint_verify_states.go:32.2,33.76 2 1
github.com/fall_out_bug/sdp-trace/internal/releaseproof/artifact_counts.go:3.116,12.37 3 1
github.com/fall_out_bug/sdp-trace/internal/releaseproof/artifact_counts.go:12.37,14.10 2 1
github.com/fall_out_bug/sdp-trace/internal/releaseproof/artifact_counts.go:14.10,15.12 1 1
github.com/fall_out_bug/sdp-trace/internal/releaseproof/artifact_counts.go:17.3,18.33 2 1
github.com/fall_out_bug/sdp-trace/internal/releaseproof/artifact_counts.go:20.2,20.23 1 1
github.com/fall_out_bug/sdp-trace/internal/releaseproof/artifact_counts.go:23.70,26.21 1 1
github.com/fall_out_bug/sdp-trace/internal/releaseproof/artifact_counts.go:27.21,28.19 1 1
github.com/fall_out_bug/sdp-trace/internal/releaseproof/artifact_counts.go:29.22,30.22 1 1
github.com/fall_out_bug/sdp-trace/internal/releaseproof/artifact_issue.go:10.100,15.16 3 1
github.com/fall_out_bug/sdp-trace/internal/releaseproof/artifact_issue.go:15.16,19.3 1 1
github.com/fall_out_bug/sdp-trace/internal/releaseproof/artifact_issue.go:20.2,24.48 3 1
github.com/fall_out_bug/sdp-trace/internal/releaseproof/artifact_issue.go:24.48,26.3 1 1
github.com/fall_out_bug/sdp-trace/internal/releaseproof/artifact_issue.go:27.2,27.115 1 1
github.com/fall_out_bug/sdp-trace/internal/releaseproof/artifacts.go:18.157,21.32 1 1
github.com/fall_out_bug/sdp-trace/internal/releaseproof/artifacts.go:21.32,23.3 1 1
github.com/fall_out_bug/sdp-trace/internal/releaseproof/artifacts.go:24.2,26.55 3 1
github.com/fall_out_bug/sdp-trace/internal/releaseproof/artifacts.go:29.60,32.24 1 1
github.com/fall_out_bug/sdp-trace/internal/releaseproof/artifacts.go:32.24,34.3 1 1
github.com/fall_out_bug/sdp-trace/internal/releaseproof/artifacts.go:35.2,35.27 1 1
github.com/fall_out_bug/sdp-trace/internal/releaseproof/artifacts.go:35.27,37.3 1 0
github.com/fall_out_bug/sdp-trace/internal/releaseproof/artifacts.go:38.2,38.26 1 1
github.com/fall_out_bug/sdp-trace/internal/releaseproof/artifacts.go:41.73,47.2 3 1
github.com/fall_out_bug/sdp-trace/internal/releaseproof/manifest_load.go:9.72,13.16 2 1
github.com/fall_out_bug/sdp-trace/internal/releaseproof/manifest_load.go:13.16,15.3 1 1
github.com/fall_out_bug/sdp-trace/internal/releaseproof/manifest_load.go:16.2,17.65 2 1
github.com/fall_out_bug/sdp-trace/internal/releaseproof/manifest_load.go:17.65,19.3 1 0
github.com/fall_out_bug/sdp-trace/internal/releaseproof/manifest_load.go:21.2,25.8 1 1
github.com/fall_out_bug/sdp-trace/internal/releaseproof/manifest_load.go:28.79,32.16 2 1
github.com/fall_out_bug/sdp-trace/internal/releaseproof/manifest_load.go:32.16,34.3 1 1
github.com/fall_out_bug/sdp-trace/internal/releaseproof/manifest_load.go:35.2,36.16 2 1
github.com/fall_out_bug/sdp-trace/internal/releaseproof/manifest_load.go:36.16,38.3 1 1
github.com/fall_out_bug/sdp-trace/internal/releaseproof/manifest_load.go:39.2,40.40 2 1
github.com/fall_out_bug/sdp-trace/internal/releaseproof/manifest_state.go:5.82,26.2 7 1
github.com/fall_out_bug/sdp-trace/internal/releaseproof/manifest_state.go:28.54,31.35 1 1
github.com/fall_out_bug/sdp-trace/internal/releaseproof/manifest_state.go:31.35,33.3 1 1
github.com/fall_out_bug/sdp-trace/internal/releaseproof/manifest_state.go:34.2,34.18 1 1
github.com/fall_out_bug/sdp-trace/internal/releaseproof/proof_io.go:10.52,14.16 2 1
github.com/fall_out_bug/sdp-trace/internal/releaseproof/proof_io.go:14.16,16.3 1 0
github.com/fall_out_bug/sdp-trace/internal/releaseproof/proof_io.go:17.2,18.63 2 1
github.com/fall_out_bug/sdp-trace/internal/releaseproof/proof_io.go:18.63,20.3 1 0
github.com/fall_out_bug/sdp-trace/internal/releaseproof/proof_io.go:21.2,21.43 1 1
github.com/fall_out_bug/sdp-trace/internal/releaseproof/proof_io.go:24.46,28.16 2 1
github.com/fall_out_bug/sdp-trace/internal/releaseproof/proof_io.go:28.16,30.3 1 0
github.com/fall_out_bug/sdp-trace/internal/releaseproof/proof_io.go:31.2,32.54 2 1
github.com/fall_out_bug/sdp-trace/internal/releaseproof/proof_io.go:32.54,34.3 1 0
github.com/fall_out_bug/sdp-trace/internal/releaseproof/proof_io.go:35.2,35.20 1 1
github.com/fall_out_bug/sdp-trace/internal/releaseproof/releaseproof.go:24.83,28.16 2 1
github.com/fall_out_bug/sdp-trace/internal/releaseproof/releaseproof.go:28.16,30.3 1 1
github.com/fall_out_bug/sdp-trace/internal/releaseproof/releaseproof.go:31.2,36.9 2 1
github.com/fall_out_bug/sdp-trace/internal/releaseproof/repo_path.go:9.64,13.16 2 1
github.com/fall_out_bug/sdp-trace/internal/releaseproof/repo_path.go:13.16,15.3 1 0
github.com/fall_out_bug/sdp-trace/internal/releaseproof/repo_path.go:16.2,17.16 2 1
github.com/fall_out_bug/sdp-trace/internal/releaseproof/repo_path.go:17.16,19.3 1 0
github.com/fall_out_bug/sdp-trace/internal/releaseproof/repo_path.go:20.2,20.38 1 1
github.com/fall_out_bug/sdp-trace/internal/releaseproof/repo_path.go:20.38,22.3 1 1
github.com/fall_out_bug/sdp-trace/internal/releaseproof/repo_path.go:23.2,23.80 1 1
github.com/fall_out_bug/sdp-trace/internal/releaseproof/repo_path.go:26.51,30.2 1 1
github.com/fall_out_bug/sdp-trace/internal/releaseproof/repo_path_clean.go:10.57,14.33 2 1
github.com/fall_out_bug/sdp-trace/internal/releaseproof/repo_path_clean.go:14.33,16.3 1 1
github.com/fall_out_bug/sdp-trace/internal/releaseproof/repo_path_clean.go:17.2,17.35 1 1
github.com/fall_out_bug/sdp-trace/internal/releaseproof/repo_path_clean.go:17.35,19.3 1 1
github.com/fall_out_bug/sdp-trace/internal/releaseproof/repo_path_clean.go:20.2,20.37 1 1
github.com/fall_out_bug/sdp-trace/internal/releaseproof/repo_path_clean.go:23.48,25.2 1 1
github.com/fall_out_bug/sdp-trace/internal/releaseproof/repo_path_resolve.go:8.78,12.16 2 1
github.com/fall_out_bug/sdp-trace/internal/releaseproof/repo_path_resolve.go:12.16,14.3 1 0
github.com/fall_out_bug/sdp-trace/internal/releaseproof/repo_path_resolve.go:15.2,16.16 2 1
github.com/fall_out_bug/sdp-trace/internal/releaseproof/repo_path_resolve.go:16.16,18.3 1 0
github.com/fall_out_bug/sdp-trace/internal/releaseproof/repo_path_resolve.go:19.2,19.26 1 1
github.com/fall_out_bug/sdp-trace/internal/releaseproof/repo_root.go:9.43,15.16 4 1
github.com/fall_out_bug/sdp-trace/internal/releaseproof/repo_root.go:15.16,17.3 1 0
github.com/fall_out_bug/sdp-trace/internal/releaseproof/repo_root.go:18.2,19.16 2 1
github.com/fall_out_bug/sdp-trace/internal/releaseproof/repo_root.go:19.16,21.3 1 0
github.com/fall_out_bug/sdp-trace/internal/releaseproof/repo_root.go:22.2,22.18 1 1
github.com/fall_out_bug/sdp-trace/internal/releaseproof/source_state.go:8.72,11.24 1 1
github.com/fall_out_bug/sdp-trace/internal/releaseproof/source_state.go:11.24,13.3 1 1
github.com/fall_out_bug/sdp-trace/internal/releaseproof/source_state.go:14.2,14.49 1 1
github.com/fall_out_bug/sdp-trace/internal/releaseproof/source_state.go:14.49,16.3 1 0
github.com/fall_out_bug/sdp-trace/internal/releaseproof/source_state.go:17.2,17.98 1 1
github.com/fall_out_bug/sdp-trace/internal/releaseproof/source_state.go:20.90,23.67 1 1
github.com/fall_out_bug/sdp-trace/internal/releaseproof/source_state.go:23.67,25.3 1 1
github.com/fall_out_bug/sdp-trace/internal/releaseproof/source_state.go:26.2,26.34 1 1
github.com/fall_out_bug/sdp-trace/internal/releaseproof/source_state.go:29.93,32.60 1 1
github.com/fall_out_bug/sdp-trace/internal/releaseproof/source_state.go:32.60,34.3 1 1
github.com/fall_out_bug/sdp-trace/internal/releaseproof/source_state.go:35.2,35.100 1 1
github.com/fall_out_bug/sdp-trace/internal/releaseproof/source_state.go:38.61,44.2 3 1
github.com/fall_out_bug/sdp-trace/internal/releaseproof/source_state.go:46.42,52.16 4 1
github.com/fall_out_bug/sdp-trace/internal/releaseproof/source_state.go:52.16,54.3 1 0
github.com/fall_out_bug/sdp-trace/internal/releaseproof/source_state.go:55.2,55.45 1 1
github.com/fall_out_bug/sdp-trace/internal/releaseproof/verification_build.go:14.62,22.2 6 1
github.com/fall_out_bug/sdp-trace/internal/releaseproof/verification_build.go:24.61,35.2 1 1
github.com/fall_out_bug/sdp-trace/internal/releaseproof/verification_build.go:37.75,48.2 8 1
github.com/fall_out_bug/sdp-trace/internal/releaseproof/verification_defaults.go:3.55,13.2 7 1
github.com/fall_out_bug/sdp-trace/internal/releaseproof/verification_defaults.go:15.54,23.2 6 1
github.com/fall_out_bug/sdp-trace/internal/releaseproof/verification_defaults.go:25.55,33.2 1 1
github.com/fall_out_bug/sdp-trace/internal/releaseproof/verification_source.go:3.73,13.2 7 1
github.com/fall_out_bug/sdp-trace/internal/telemetry/prometheus.go:18.72,20.2 1 1
github.com/fall_out_bug/sdp-trace/internal/telemetry/prometheus.go:22.74,23.40 1 1
github.com/fall_out_bug/sdp-trace/internal/telemetry/prometheus.go:23.40,25.3 1 0
github.com/fall_out_bug/sdp-trace/internal/telemetry/prometheus.go:28.2,28.33 1 1
github.com/fall_out_bug/sdp-trace/internal/telemetry/prometheus.go:31.68,32.61 1 1
github.com/fall_out_bug/sdp-trace/internal/telemetry/prometheus.go:32.61,36.3 1 1
github.com/fall_out_bug/sdp-trace/internal/telemetry/prometheus.go:37.2,38.16 2 1
github.com/fall_out_bug/sdp-trace/internal/telemetry/prometheus.go:38.16,40.3 1 1
github.com/fall_out_bug/sdp-trace/internal/telemetry/prometheus.go:41.2,41.22 1 1
github.com/fall_out_bug/sdp-trace/internal/telemetry/prometheus.go:41.22,44.3 1 1
github.com/fall_out_bug/sdp-trace/internal/telemetry/prometheus.go:47.2,48.44 2 1
github.com/fall_out_bug/sdp-trace/internal/telemetry/prometheus_aggregate.go:9.60,13.27 2 1
github.com/fall_out_bug/sdp-trace/internal/telemetry/prometheus_aggregate.go:13.27,16.3 1 1
github.com/fall_out_bug/sdp-trace/internal/telemetry/prometheus_aggregate.go:17.2,17.38 1 1
github.com/fall_out_bug/sdp-trace/internal/telemetry/prometheus_aggregate.go:20.62,27.26 2 1
github.com/fall_out_bug/sdp-trace/internal/telemetry/prometheus_aggregate.go:27.26,31.3 1 1
github.com/fall_out_bug/sdp-trace/internal/telemetry/prometheus_aggregate.go:32.2,32.15 1 1
github.com/fall_out_bug/sdp-trace/internal/telemetry/prometheus_aggregate.go:35.92,38.24 3 1
github.com/fall_out_bug/sdp-trace/internal/telemetry/prometheus_aggregate.go:38.24,41.3 1 1
github.com/fall_out_bug/sdp-trace/internal/telemetry/prometheus_aggregate.go:43.2,44.20 2 1
github.com/fall_out_bug/sdp-trace/internal/telemetry/prometheus_aggregate.go:47.63,49.26 2 1
github.com/fall_out_bug/sdp-trace/internal/telemetry/prometheus_aggregate.go:49.26,52.3 1 1
github.com/fall_out_bug/sdp-trace/internal/telemetry/prometheus_aggregate.go:54.2,56.27 3 1
github.com/fall_out_bug/sdp-trace/internal/telemetry/prometheus_aggregate.go:56.27,58.3 1 1
github.com/fall_out_bug/sdp-trace/internal/telemetry/prometheus_aggregate.go:59.2,59.12 1 1
github.com/fall_out_bug/sdp-trace/internal/telemetry/prometheus_build_series.go:13.65,15.16 2 1
github.com/fall_out_bug/sdp-trace/internal/telemetry/prometheus_build_series.go:15.16,17.3 1 1
github.com/fall_out_bug/sdp-trace/internal/telemetry/prometheus_build_series.go:20.2,21.16 2 1
github.com/fall_out_bug/sdp-trace/internal/telemetry/prometheus_build_series.go:21.16,23.3 1 0
github.com/fall_out_bug/sdp-trace/internal/telemetry/prometheus_build_series.go:26.2,33.31 6 1
github.com/fall_out_bug/sdp-trace/internal/telemetry/prometheus_input_aggregate.go:5.62,9.27 2 1
github.com/fall_out_bug/sdp-trace/internal/telemetry/prometheus_input_aggregate.go:9.27,12.3 1 1
github.com/fall_out_bug/sdp-trace/internal/telemetry/prometheus_input_aggregate.go:13.2,13.38 1 1
github.com/fall_out_bug/sdp-trace/internal/telemetry/prometheus_input_aggregate.go:16.64,24.2 1 1
github.com/fall_out_bug/sdp-trace/internal/telemetry/prometheus_label_escape.go:5.44,12.2 5 1
github.com/fall_out_bug/sdp-trace/internal/telemetry/prometheus_label_render.go:8.52,9.22 1 1
github.com/fall_out_bug/sdp-trace/internal/telemetry/prometheus_label_render.go:9.22,11.3 1 0
github.com/fall_out_bug/sdp-trace/internal/telemetry/prometheus_label_render.go:12.2,13.20 2 1
github.com/fall_out_bug/sdp-trace/internal/telemetry/prometheus_label_render.go:13.20,16.3 1 0
github.com/fall_out_bug/sdp-trace/internal/telemetry/prometheus_label_render.go:17.2,18.41 2 1
github.com/fall_out_bug/sdp-trace/internal/telemetry/prometheus_label_render.go:21.73,24.27 3 1
github.com/fall_out_bug/sdp-trace/internal/telemetry/prometheus_label_render.go:24.27,25.12 1 1
github.com/fall_out_bug/sdp-trace/internal/telemetry/prometheus_label_render.go:25.12,29.4 1 1
github.com/fall_out_bug/sdp-trace/internal/telemetry/prometheus_label_render.go:32.3,35.21 4 1
github.com/fall_out_bug/sdp-trace/internal/telemetry/prometheus_label_render.go:37.2,38.21 2 1
github.com/fall_out_bug/sdp-trace/internal/telemetry/prometheus_label_render.go:41.59,43.33 2 1
github.com/fall_out_bug/sdp-trace/internal/telemetry/prometheus_label_render.go:43.33,44.18 1 1
github.com/fall_out_bug/sdp-trace/internal/telemetry/prometheus_label_render.go:44.18,47.4 1 1
github.com/fall_out_bug/sdp-trace/internal/telemetry/prometheus_label_render.go:49.2,49.13 1 1
github.com/fall_out_bug/sdp-trace/internal/telemetry/prometheus_label_safety.go:7.37,12.2 2 1
github.com/fall_out_bug/sdp-trace/internal/telemetry/prometheus_label_safety.go:29.61,30.33 1 1
github.com/fall_out_bug/sdp-trace/internal/telemetry/prometheus_label_safety.go:30.33,31.38 1 1
github.com/fall_out_bug/sdp-trace/internal/telemetry/prometheus_label_safety.go:31.38,34.4 1 1
github.com/fall_out_bug/sdp-trace/internal/telemetry/prometheus_label_safety.go:36.2,36.14 1 1
github.com/fall_out_bug/sdp-trace/internal/telemetry/prometheus_label_validate.go:8.53,9.33 1 1
github.com/fall_out_bug/sdp-trace/internal/telemetry/prometheus_label_validate.go:9.33,10.51 1 1
github.com/fall_out_bug/sdp-trace/internal/telemetry/prometheus_label_validate.go:10.51,13.4 1 1
github.com/fall_out_bug/sdp-trace/internal/telemetry/prometheus_label_validate.go:15.2,15.12 1 1
github.com/fall_out_bug/sdp-trace/internal/telemetry/prometheus_label_validate.go:18.45,19.28 1 1
github.com/fall_out_bug/sdp-trace/internal/telemetry/prometheus_label_validate.go:19.28,22.3 1 0
github.com/fall_out_bug/sdp-trace/internal/telemetry/prometheus_label_validate.go:23.2,23.17 1 1
github.com/fall_out_bug/sdp-trace/internal/telemetry/prometheus_label_validate.go:23.17,26.3 1 0
github.com/fall_out_bug/sdp-trace/internal/telemetry/prometheus_label_validate.go:27.2,27.29 1 1
github.com/fall_out_bug/sdp-trace/internal/telemetry/prometheus_label_validate.go:27.29,29.3 1 1
github.com/fall_out_bug/sdp-trace/internal/telemetry/prometheus_label_validate.go:30.2,30.12 1 1
github.com/fall_out_bug/sdp-trace/internal/telemetry/prometheus_label_validate.go:33.42,36.2 1 1
github.com/fall_out_bug/sdp-trace/internal/telemetry/prometheus_label_validate.go:38.42,39.15 1 1
github.com/fall_out_bug/sdp-trace/internal/telemetry/prometheus_label_validate.go:40.200,42.14 1 1
github.com/fall_out_bug/sdp-trace/internal/telemetry/prometheus_label_validate.go:43.10,44.15 1 0
github.com/fall_out_bug/sdp-trace/internal/telemetry/prometheus_labels.go:9.69,18.84 2 1
github.com/fall_out_bug/sdp-trace/internal/telemetry/prometheus_labels.go:18.84,19.48 1 1
github.com/fall_out_bug/sdp-trace/internal/telemetry/prometheus_labels.go:19.48,22.4 1 1
github.com/fall_out_bug/sdp-trace/internal/telemetry/prometheus_labels.go:24.2,24.39 1 1
github.com/fall_out_bug/sdp-trace/internal/telemetry/prometheus_labels.go:27.73,36.35 2 1
github.com/fall_out_bug/sdp-trace/internal/telemetry/prometheus_labels.go:36.35,39.3 1 1
github.com/fall_out_bug/sdp-trace/internal/telemetry/prometheus_labels.go:40.2,40.39 1 1
github.com/fall_out_bug/sdp-trace/internal/telemetry/prometheus_movement_series.go:5.42,6.11 1 1
github.com/fall_out_bug/sdp-trace/internal/telemetry/prometheus_movement_series.go:6.11,8.3 1 0
github.com/fall_out_bug/sdp-trace/internal/telemetry/prometheus_movement_series.go:9.2,9.10 1 1
github.com/fall_out_bug/sdp-trace/internal/telemetry/prometheus_movement_series.go:12.72,14.27 2 1
github.com/fall_out_bug/sdp-trace/internal/telemetry/prometheus_movement_series.go:14.27,16.17 2 1
github.com/fall_out_bug/sdp-trace/internal/telemetry/prometheus_movement_series.go:16.17,19.4 1 0
github.com/fall_out_bug/sdp-trace/internal/telemetry/prometheus_movement_series.go:20.3,20.51 1 1
github.com/fall_out_bug/sdp-trace/internal/telemetry/prometheus_movement_series.go:22.2,22.20 1 1
github.com/fall_out_bug/sdp-trace/internal/telemetry/prometheus_movement_series.go:25.104,34.2 1 1
github.com/fall_out_bug/sdp-trace/internal/telemetry/prometheus_render.go:8.53,11.30 3 1
github.com/fall_out_bug/sdp-trace/internal/telemetry/prometheus_render.go:11.30,12.33 1 1
github.com/fall_out_bug/sdp-trace/internal/telemetry/prometheus_render.go:12.33,16.4 2 1
github.com/fall_out_bug/sdp-trace/internal/telemetry/prometheus_render.go:19.3,19.36 1 1
github.com/fall_out_bug/sdp-trace/internal/telemetry/prometheus_render.go:21.2,22.21 2 1
github.com/fall_out_bug/sdp-trace/internal/telemetry/prometheus_render.go:25.69,38.2 10 1
github.com/fall_out_bug/sdp-trace/internal/telemetry/prometheus_render.go:40.63,48.2 5 1
github.com/fall_out_bug/sdp-trace/internal/telemetry/prometheus_series.go:5.79,7.33 2 1
github.com/fall_out_bug/sdp-trace/internal/telemetry/prometheus_series.go:7.33,10.3 1 1
github.com/fall_out_bug/sdp-trace/internal/telemetry/prometheus_series.go:11.2,11.84 1 1
github.com/fall_out_bug/sdp-trace/internal/telemetry/prometheus_series.go:14.68,16.27 2 1
github.com/fall_out_bug/sdp-trace/internal/telemetry/prometheus_series.go:16.27,18.17 2 1
github.com/fall_out_bug/sdp-trace/internal/telemetry/prometheus_series.go:18.17,21.4 1 1
github.com/fall_out_bug/sdp-trace/internal/telemetry/prometheus_series.go:22.3,22.49 1 1
github.com/fall_out_bug/sdp-trace/internal/telemetry/prometheus_series.go:24.2,24.20 1 1
github.com/fall_out_bug/sdp-trace/internal/telemetry/prometheus_series.go:27.100,35.2 1 1
github.com/fall_out_bug/sdp-trace/internal/telemetry/prometheus_series_identity.go:8.34,9.41 1 1
github.com/fall_out_bug/sdp-trace/internal/telemetry/prometheus_series_identity.go:9.41,14.3 3 1
github.com/fall_out_bug/sdp-trace/internal/telemetry/prometheus_series_identity.go:17.51,19.30 2 1
github.com/fall_out_bug/sdp-trace/internal/telemetry/prometheus_series_identity.go:19.30,21.29 2 1
github.com/fall_out_bug/sdp-trace/internal/telemetry/prometheus_series_identity.go:21.29,24.4 1 1
github.com/fall_out_bug/sdp-trace/internal/telemetry/prometheus_series_identity.go:25.3,25.25 1 1
github.com/fall_out_bug/sdp-trace/internal/telemetry/prometheus_series_identity.go:27.2,27.12 1 1
github.com/fall_out_bug/sdp-trace/internal/telemetry/prometheus_series_validate.go:7.56,8.30 1 1
github.com/fall_out_bug/sdp-trace/internal/telemetry/prometheus_series_validate.go:8.30,9.53 1 1
github.com/fall_out_bug/sdp-trace/internal/telemetry/prometheus_series_validate.go:9.53,12.4 1 0
github.com/fall_out_bug/sdp-trace/internal/telemetry/prometheus_series_validate.go:14.2,14.30 1 1
github.com/fall_out_bug/sdp-trace/internal/telemetry/prometheus_series_validate.go:17.55,18.54 1 1
github.com/fall_out_bug/sdp-trace/internal/telemetry/prometheus_series_validate.go:18.54,20.3 1 1
github.com/fall_out_bug/sdp-trace/internal/telemetry/prometheus_series_validate.go:21.2,21.29 1 1
github.com/fall_out_bug/sdp-trace/internal/telemetry/prometheus_series_validate.go:21.29,25.3 1 1
github.com/fall_out_bug/sdp-trace/internal/telemetry/prometheus_series_validate.go:26.2,26.20 1 1
github.com/fall_out_bug/sdp-trace/internal/trace/command_descriptor.go:7.60,17.20 2 1
github.com/fall_out_bug/sdp-trace/internal/trace/command_descriptor.go:17.20,20.3 1 1
github.com/fall_out_bug/sdp-trace/internal/trace/command_descriptor.go:23.2,27.19 3 1
github.com/fall_out_bug/sdp-trace/internal/trace/contract_load.go:10.50,13.16 1 1
github.com/fall_out_bug/sdp-trace/internal/trace/contract_load.go:13.16,15.3 1 1
github.com/fall_out_bug/sdp-trace/internal/trace/contract_load.go:16.2,17.16 2 1
github.com/fall_out_bug/sdp-trace/internal/trace/contract_load.go:17.16,19.3 1 0
github.com/fall_out_bug/sdp-trace/internal/trace/contract_load.go:20.2,21.16 2 1
github.com/fall_out_bug/sdp-trace/internal/trace/contract_load.go:21.16,23.3 1 1
github.com/fall_out_bug/sdp-trace/internal/trace/contract_load.go:24.2,24.41 1 1
github.com/fall_out_bug/sdp-trace/internal/trace/contract_load.go:27.51,31.56 2 1
github.com/fall_out_bug/sdp-trace/internal/trace/contract_load.go:31.56,34.3 1 1
github.com/fall_out_bug/sdp-trace/internal/trace/contract_load.go:35.2,35.22 1 1
github.com/fall_out_bug/sdp-trace/internal/trace/contract_load.go:38.61,41.31 1 1
github.com/fall_out_bug/sdp-trace/internal/trace/contract_load.go:41.31,44.3 1 1
github.com/fall_out_bug/sdp-trace/internal/trace/contract_load.go:45.2,45.28 1 1
github.com/fall_out_bug/sdp-trace/internal/trace/contract_load.go:45.28,49.3 1 1
github.com/fall_out_bug/sdp-trace/internal/trace/contract_load.go:50.2,50.39 1 1
github.com/fall_out_bug/sdp-trace/internal/trace/contract_load.go:50.39,53.3 1 1
github.com/fall_out_bug/sdp-trace/internal/trace/contract_load.go:54.2,54.17 1 1
github.com/fall_out_bug/sdp-trace/internal/trace/event_canonical.go:14.47,20.16 2 1
github.com/fall_out_bug/sdp-trace/internal/trace/event_canonical.go:20.16,22.3 1 0
github.com/fall_out_bug/sdp-trace/internal/trace/event_canonical.go:23.2,26.64 2 1
github.com/fall_out_bug/sdp-trace/internal/trace/event_canonical.go:26.64,30.3 1 0
github.com/fall_out_bug/sdp-trace/internal/trace/event_canonical.go:32.2,32.28 1 1
github.com/fall_out_bug/sdp-trace/internal/trace/event_canonical.go:34.49,41.16 2 1
github.com/fall_out_bug/sdp-trace/internal/trace/event_canonical.go:41.16,45.3 1 0
github.com/fall_out_bug/sdp-trace/internal/trace/event_canonical.go:46.2,51.48 4 1
github.com/fall_out_bug/sdp-trace/internal/trace/event_canonical.go:51.48,54.3 1 0
github.com/fall_out_bug/sdp-trace/internal/trace/event_canonical.go:57.2,57.24 1 1
github.com/fall_out_bug/sdp-trace/internal/trace/event_canonical.go:59.61,63.31 1 1
github.com/fall_out_bug/sdp-trace/internal/trace/event_canonical.go:64.22,66.39 1 1
github.com/fall_out_bug/sdp-trace/internal/trace/event_canonical.go:67.13,69.40 1 1
github.com/fall_out_bug/sdp-trace/internal/trace/event_canonical.go:70.10,72.42 1 1
github.com/fall_out_bug/sdp-trace/internal/trace/event_canonical_list.go:7.63,12.29 2 1
github.com/fall_out_bug/sdp-trace/internal/trace/event_canonical_list.go:12.29,13.12 1 1
github.com/fall_out_bug/sdp-trace/internal/trace/event_canonical_list.go:13.12,16.4 1 1
github.com/fall_out_bug/sdp-trace/internal/trace/event_canonical_list.go:17.3,17.55 1 1
github.com/fall_out_bug/sdp-trace/internal/trace/event_canonical_list.go:17.55,20.4 1 0
github.com/fall_out_bug/sdp-trace/internal/trace/event_canonical_list.go:22.2,24.12 2 1
github.com/fall_out_bug/sdp-trace/internal/trace/event_canonical_map.go:10.71,18.27 3 1
github.com/fall_out_bug/sdp-trace/internal/trace/event_canonical_map.go:18.27,19.12 1 1
github.com/fall_out_bug/sdp-trace/internal/trace/event_canonical_map.go:19.12,22.4 1 1
github.com/fall_out_bug/sdp-trace/internal/trace/event_canonical_map.go:23.3,25.61 3 1
github.com/fall_out_bug/sdp-trace/internal/trace/event_canonical_map.go:25.61,28.4 1 0
github.com/fall_out_bug/sdp-trace/internal/trace/event_canonical_map.go:30.2,32.12 2 1
github.com/fall_out_bug/sdp-trace/internal/trace/event_canonical_map.go:35.51,39.25 2 1
github.com/fall_out_bug/sdp-trace/internal/trace/event_canonical_map.go:39.25,41.3 1 1
github.com/fall_out_bug/sdp-trace/internal/trace/event_canonical_map.go:42.2,44.13 2 1
github.com/fall_out_bug/sdp-trace/internal/trace/event_defaults.go:4.43,9.66 3 1
github.com/fall_out_bug/sdp-trace/internal/trace/event_defaults.go:9.66,11.3 1 1
github.com/fall_out_bug/sdp-trace/internal/trace/event_defaults.go:12.2,12.14 1 1
github.com/fall_out_bug/sdp-trace/internal/trace/event_defaults.go:15.54,18.31 1 1
github.com/fall_out_bug/sdp-trace/internal/trace/event_defaults.go:18.31,20.3 1 0
github.com/fall_out_bug/sdp-trace/internal/trace/event_defaults.go:21.2,21.31 1 1
github.com/fall_out_bug/sdp-trace/internal/trace/event_defaults.go:21.31,23.3 1 1
github.com/fall_out_bug/sdp-trace/internal/trace/event_defaults.go:24.2,24.31 1 1
github.com/fall_out_bug/sdp-trace/internal/trace/event_defaults.go:24.31,26.3 1 1
github.com/fall_out_bug/sdp-trace/internal/trace/event_defaults.go:27.2,27.14 1 1
github.com/fall_out_bug/sdp-trace/internal/trace/event_defaults.go:30.55,33.44 1 1
github.com/fall_out_bug/sdp-trace/internal/trace/event_defaults.go:33.44,35.3 1 1
github.com/fall_out_bug/sdp-trace/internal/trace/event_defaults.go:36.2,36.42 1 1
github.com/fall_out_bug/sdp-trace/internal/trace/event_defaults.go:36.42,38.3 1 1
github.com/fall_out_bug/sdp-trace/internal/trace/event_defaults.go:39.2,39.14 1 1
github.com/fall_out_bug/sdp-trace/internal/trace/event_file_name.go:5.62,8.2 1 1
github.com/fall_out_bug/sdp-trace/internal/trace/event_float.go:11.49,15.2 1 1
github.com/fall_out_bug/sdp-trace/internal/trace/event_float.go:17.46,20.25 1 1
github.com/fall_out_bug/sdp-trace/internal/trace/event_float.go:20.25,24.3 1 0
github.com/fall_out_bug/sdp-trace/internal/trace/event_float.go:25.2,25.32 1 1
github.com/fall_out_bug/sdp-trace/internal/trace/event_float.go:25.32,29.3 1 1
github.com/fall_out_bug/sdp-trace/internal/trace/event_float.go:30.2,30.29 1 1
github.com/fall_out_bug/sdp-trace/internal/trace/event_float.go:30.29,34.3 1 0
github.com/fall_out_bug/sdp-trace/internal/trace/event_float.go:37.2,37.48 1 1
github.com/fall_out_bug/sdp-trace/internal/trace/event_hash.go:14.39,21.2 2 1
github.com/fall_out_bug/sdp-trace/internal/trace/event_hash.go:24.66,31.16 2 1
github.com/fall_out_bug/sdp-trace/internal/trace/event_hash.go:31.16,34.3 1 0
github.com/fall_out_bug/sdp-trace/internal/trace/event_hash.go:35.2,40.45 4 1
github.com/fall_out_bug/sdp-trace/internal/trace/event_hash.go:40.45,43.3 1 0
github.com/fall_out_bug/sdp-trace/internal/trace/event_hash.go:45.2,48.21 2 1
github.com/fall_out_bug/sdp-trace/internal/trace/event_hash.go:51.52,57.16 2 1
github.com/fall_out_bug/sdp-trace/internal/trace/event_hash.go:57.16,60.3 1 0
github.com/fall_out_bug/sdp-trace/internal/trace/event_hash.go:61.2,62.16 2 1
github.com/fall_out_bug/sdp-trace/internal/trace/event_hash.go:62.16,65.3 1 0
github.com/fall_out_bug/sdp-trace/internal/trace/event_hash.go:67.2,67.37 1 1
github.com/fall_out_bug/sdp-trace/internal/trace/event_hash.go:70.52,77.16 2 1
github.com/fall_out_bug/sdp-trace/internal/trace/event_hash.go:77.16,80.3 1 0
github.com/fall_out_bug/sdp-trace/internal/trace/event_hash.go:82.2,82.42 1 1
github.com/fall_out_bug/sdp-trace/internal/trace/event_hash.go:82.42,86.3 1 1
github.com/fall_out_bug/sdp-trace/internal/trace/event_hash.go:89.2,89.21 1 0
github.com/fall_out_bug/sdp-trace/internal/trace/event_json_write.go:16.64,21.2 1 1
github.com/fall_out_bug/sdp-trace/internal/trace/event_json_write.go:23.51,27.11 1 1
github.com/fall_out_bug/sdp-trace/internal/trace/event_json_write.go:27.11,31.3 2 1
github.com/fall_out_bug/sdp-trace/internal/trace/event_json_write.go:34.2,34.26 1 0
github.com/fall_out_bug/sdp-trace/internal/trace/event_json_write.go:37.60,41.16 2 1
github.com/fall_out_bug/sdp-trace/internal/trace/event_json_write.go:41.16,44.3 1 1
github.com/fall_out_bug/sdp-trace/internal/trace/event_json_write.go:47.2,49.12 2 0
github.com/fall_out_bug/sdp-trace/internal/trace/event_json_write.go:52.58,57.2 1 1
github.com/fall_out_bug/sdp-trace/internal/trace/event_json_write.go:59.58,64.2 1 1
github.com/fall_out_bug/sdp-trace/internal/trace/event_json_write.go:66.63,72.15 2 1
github.com/fall_out_bug/sdp-trace/internal/trace/event_json_write.go:72.15,77.3 2 0
github.com/fall_out_bug/sdp-trace/internal/trace/event_json_write.go:78.2,78.37 1 1
github.com/fall_out_bug/sdp-trace/internal/trace/event_json_write.go:78.37,80.65 1 1
github.com/fall_out_bug/sdp-trace/internal/trace/event_json_write.go:80.65,84.4 2 1
github.com/fall_out_bug/sdp-trace/internal/trace/event_json_write.go:88.2,88.25 1 1
github.com/fall_out_bug/sdp-trace/internal/trace/event_number.go:15.39,19.2 1 1
github.com/fall_out_bug/sdp-trace/internal/trace/event_number.go:21.60,24.43 1 1
github.com/fall_out_bug/sdp-trace/internal/trace/event_number.go:24.43,29.3 2 1
github.com/fall_out_bug/sdp-trace/internal/trace/event_number.go:30.2,32.26 2 1
github.com/fall_out_bug/sdp-trace/internal/trace/event_number.go:32.26,35.3 1 0
github.com/fall_out_bug/sdp-trace/internal/trace/event_number.go:37.2,37.52 1 1
github.com/fall_out_bug/sdp-trace/internal/trace/event_number.go:40.83,43.41 1 1
github.com/fall_out_bug/sdp-trace/internal/trace/event_number.go:43.41,46.3 1 1
github.com/fall_out_bug/sdp-trace/internal/trace/event_number.go:47.2,47.49 1 1
github.com/fall_out_bug/sdp-trace/internal/trace/event_number.go:47.49,50.3 1 1
github.com/fall_out_bug/sdp-trace/internal/trace/event_number.go:51.2,51.51 1 1
github.com/fall_out_bug/sdp-trace/internal/trace/event_number.go:51.51,54.3 1 1
github.com/fall_out_bug/sdp-trace/internal/trace/event_number.go:56.2,56.14 1 1
github.com/fall_out_bug/sdp-trace/internal/trace/event_number.go:59.75,62.26 1 1
github.com/fall_out_bug/sdp-trace/internal/trace/event_number.go:63.23,67.14 2 1
github.com/fall_out_bug/sdp-trace/internal/trace/event_number.go:68.23,72.14 2 1
github.com/fall_out_bug/sdp-trace/internal/trace/event_number.go:73.10,76.15 1 1
github.com/fall_out_bug/sdp-trace/internal/trace/event_number_integer.go:10.83,13.26 1 1
github.com/fall_out_bug/sdp-trace/internal/trace/event_number_integer.go:14.78,18.14 2 1
github.com/fall_out_bug/sdp-trace/internal/trace/event_number_integer.go:19.10,22.15 1 1
github.com/fall_out_bug/sdp-trace/internal/trace/event_number_integer.go:26.85,29.26 1 1
github.com/fall_out_bug/sdp-trace/internal/trace/event_number_integer.go:30.83,33.14 2 1
github.com/fall_out_bug/sdp-trace/internal/trace/event_number_integer.go:34.10,37.15 1 1
github.com/fall_out_bug/sdp-trace/internal/trace/event_payload.go:4.63,9.16 3 1
github.com/fall_out_bug/sdp-trace/internal/trace/event_payload.go:9.16,11.3 1 0
github.com/fall_out_bug/sdp-trace/internal/trace/event_payload.go:12.2,14.16 3 1
github.com/fall_out_bug/sdp-trace/internal/trace/event_payload.go:14.16,16.3 1 0
github.com/fall_out_bug/sdp-trace/internal/trace/event_payload.go:17.2,18.19 2 1
github.com/fall_out_bug/sdp-trace/internal/trace/event_payload.go:22.59,26.16 2 1
github.com/fall_out_bug/sdp-trace/internal/trace/event_payload.go:26.16,28.3 1 0
github.com/fall_out_bug/sdp-trace/internal/trace/event_payload.go:29.2,30.16 2 1
github.com/fall_out_bug/sdp-trace/internal/trace/event_payload.go:30.16,32.3 1 0
github.com/fall_out_bug/sdp-trace/internal/trace/event_payload.go:33.2,34.24 2 1
github.com/fall_out_bug/sdp-trace/internal/trace/event_payload_digest.go:11.75,14.23 1 1
github.com/fall_out_bug/sdp-trace/internal/trace/event_payload_digest.go:14.23,17.3 1 1
github.com/fall_out_bug/sdp-trace/internal/trace/event_payload_digest.go:18.2,22.45 4 1
github.com/fall_out_bug/sdp-trace/internal/trace/event_payload_digest.go:22.45,26.3 1 0
github.com/fall_out_bug/sdp-trace/internal/trace/event_payload_digest.go:27.2,28.16 2 1
github.com/fall_out_bug/sdp-trace/internal/trace/event_payload_digest.go:28.16,31.3 1 0
github.com/fall_out_bug/sdp-trace/internal/trace/event_payload_digest.go:33.2,33.37 1 1
github.com/fall_out_bug/sdp-trace/internal/trace/event_payload_digest.go:36.61,40.2 1 0
github.com/fall_out_bug/sdp-trace/internal/trace/event_payload_sync.go:8.63,11.9 1 1
github.com/fall_out_bug/sdp-trace/internal/trace/event_payload_sync.go:12.30,13.41 1 1
github.com/fall_out_bug/sdp-trace/internal/trace/event_payload_sync.go:14.33,15.36 1 1
github.com/fall_out_bug/sdp-trace/internal/trace/event_payload_sync.go:16.10,17.20 1 0
github.com/fall_out_bug/sdp-trace/internal/trace/event_payload_sync.go:21.61,24.31 1 1
github.com/fall_out_bug/sdp-trace/internal/trace/event_payload_sync.go:24.31,26.3 1 1
github.com/fall_out_bug/sdp-trace/internal/trace/event_payload_sync.go:27.2,28.64 2 1
github.com/fall_out_bug/sdp-trace/internal/trace/event_payload_sync.go:28.64,30.3 1 1
github.com/fall_out_bug/sdp-trace/internal/trace/event_payload_sync.go:31.2,32.19 2 1
github.com/fall_out_bug/sdp-trace/internal/trace/event_payload_sync.go:35.56,39.16 2 1
github.com/fall_out_bug/sdp-trace/internal/trace/event_payload_sync.go:39.16,41.3 1 0
github.com/fall_out_bug/sdp-trace/internal/trace/event_payload_sync.go:42.2,43.19 2 1
github.com/fall_out_bug/sdp-trace/internal/trace/event_payload_verify.go:9.48,12.50 1 1
github.com/fall_out_bug/sdp-trace/internal/trace/event_payload_verify.go:12.50,14.3 1 1
github.com/fall_out_bug/sdp-trace/internal/trace/event_payload_verify.go:15.2,16.16 2 1
github.com/fall_out_bug/sdp-trace/internal/trace/event_payload_verify.go:16.16,18.3 1 1
github.com/fall_out_bug/sdp-trace/internal/trace/event_payload_verify.go:19.2,19.42 1 1
github.com/fall_out_bug/sdp-trace/internal/trace/event_payload_verify.go:22.51,26.16 2 1
github.com/fall_out_bug/sdp-trace/internal/trace/event_payload_verify.go:26.16,28.3 1 0
github.com/fall_out_bug/sdp-trace/internal/trace/event_payload_verify.go:29.2,29.37 1 1
github.com/fall_out_bug/sdp-trace/internal/trace/event_payload_verify.go:29.37,31.3 1 1
github.com/fall_out_bug/sdp-trace/internal/trace/event_payload_verify.go:32.2,32.12 1 1
github.com/fall_out_bug/sdp-trace/internal/trace/event_scalar.go:10.63,13.2 1 1
github.com/fall_out_bug/sdp-trace/internal/trace/event_scalar.go:14.68,18.18 1 1
github.com/fall_out_bug/sdp-trace/internal/trace/event_scalar.go:18.18,21.3 2 1
github.com/fall_out_bug/sdp-trace/internal/trace/event_scalar.go:22.2,22.47 1 1
github.com/fall_out_bug/sdp-trace/internal/trace/event_scalar.go:24.69,28.31 1 1
github.com/fall_out_bug/sdp-trace/internal/trace/event_scalar.go:29.14,31.13 2 1
github.com/fall_out_bug/sdp-trace/internal/trace/event_scalar.go:32.12,34.13 2 1
github.com/fall_out_bug/sdp-trace/internal/trace/event_scalar.go:35.10,36.50 1 1
github.com/fall_out_bug/sdp-trace/internal/trace/event_scalar.go:39.39,42.2 1 1
github.com/fall_out_bug/sdp-trace/internal/trace/event_scalar.go:43.71,47.36 1 1
github.com/fall_out_bug/sdp-trace/internal/trace/event_scalar.go:47.36,49.3 1 1
github.com/fall_out_bug/sdp-trace/internal/trace/event_scalar.go:50.2,50.38 1 0
github.com/fall_out_bug/sdp-trace/internal/trace/event_validate.go:8.37,11.55 1 1
github.com/fall_out_bug/sdp-trace/internal/trace/event_validate.go:11.55,13.3 1 0
github.com/fall_out_bug/sdp-trace/internal/trace/event_validate.go:14.2,14.54 1 1
github.com/fall_out_bug/sdp-trace/internal/trace/event_validate.go:14.54,16.3 1 0
github.com/fall_out_bug/sdp-trace/internal/trace/event_validate.go:17.2,18.12 2 1
github.com/fall_out_bug/sdp-trace/internal/trace/event_validate.go:21.51,31.2 1 1
github.com/fall_out_bug/sdp-trace/internal/trace/event_validate.go:33.50,34.71 1 1
github.com/fall_out_bug/sdp-trace/internal/trace/event_validate.go:34.71,38.3 1 0
github.com/fall_out_bug/sdp-trace/internal/trace/event_validate.go:39.2,39.12 1 1
github.com/fall_out_bug/sdp-trace/internal/trace/helper_contract_path.go:6.63,9.24 1 1
github.com/fall_out_bug/sdp-trace/internal/trace/helper_contract_path.go:9.24,11.3 1 1
github.com/fall_out_bug/sdp-trace/internal/trace/helper_contract_path.go:12.2,12.34 1 1
github.com/fall_out_bug/sdp-trace/internal/trace/helper_contract_path.go:12.34,14.3 1 1
github.com/fall_out_bug/sdp-trace/internal/trace/helper_contract_path.go:15.2,15.19 1 1
github.com/fall_out_bug/sdp-trace/internal/trace/helper_contract_path.go:15.19,17.3 1 1
github.com/fall_out_bug/sdp-trace/internal/trace/helper_contract_path.go:18.2,18.45 1 1
github.com/fall_out_bug/sdp-trace/internal/trace/helper_event_file.go:10.53,15.23 3 1
github.com/fall_out_bug/sdp-trace/internal/trace/helper_event_file.go:15.23,17.3 1 1
github.com/fall_out_bug/sdp-trace/internal/trace/helper_event_file.go:18.2,18.33 1 1
github.com/fall_out_bug/sdp-trace/internal/trace/helper_hash.go:10.45,14.16 2 1
github.com/fall_out_bug/sdp-trace/internal/trace/helper_hash.go:14.16,16.3 1 0
github.com/fall_out_bug/sdp-trace/internal/trace/helper_hash.go:17.2,17.22 1 1
github.com/fall_out_bug/sdp-trace/internal/trace/helper_hash.go:21.37,24.2 2 1
github.com/fall_out_bug/sdp-trace/internal/trace/helper_json.go:10.64,14.16 2 1
github.com/fall_out_bug/sdp-trace/internal/trace/helper_json.go:14.16,16.3 1 0
github.com/fall_out_bug/sdp-trace/internal/trace/helper_json.go:17.2,18.34 2 1
github.com/fall_out_bug/sdp-trace/internal/trace/json_slice.go:5.57,7.16 2 1
github.com/fall_out_bug/sdp-trace/internal/trace/json_slice.go:7.16,10.13 1 0
github.com/fall_out_bug/sdp-trace/internal/trace/json_slice.go:13.2,13.24 1 1
github.com/fall_out_bug/sdp-trace/internal/trace/manifest.go:23.46,32.2 1 1
github.com/fall_out_bug/sdp-trace/internal/trace/missing_evidence.go:4.101,10.52 2 1
github.com/fall_out_bug/sdp-trace/internal/trace/missing_evidence.go:10.52,11.26 1 1
github.com/fall_out_bug/sdp-trace/internal/trace/missing_evidence.go:11.26,14.12 1 1
github.com/fall_out_bug/sdp-trace/internal/trace/missing_evidence.go:16.3,16.53 1 1
github.com/fall_out_bug/sdp-trace/internal/trace/missing_evidence.go:18.2,22.3 1 1
github.com/fall_out_bug/sdp-trace/internal/trace/missing_evidence.go:25.62,34.2 1 1
github.com/fall_out_bug/sdp-trace/internal/trace/source_snapshot.go:10.59,16.40 4 1
github.com/fall_out_bug/sdp-trace/internal/trace/source_snapshot.go:16.40,18.38 2 1
github.com/fall_out_bug/sdp-trace/internal/trace/source_snapshot.go:18.38,20.4 1 1
github.com/fall_out_bug/sdp-trace/internal/trace/source_snapshot.go:21.3,21.65 1 1
github.com/fall_out_bug/sdp-trace/internal/trace/source_snapshot.go:23.2,23.70 1 1
github.com/fall_out_bug/sdp-trace/internal/trace/source_snapshot.go:26.60,32.16 4 1
github.com/fall_out_bug/sdp-trace/internal/trace/source_snapshot.go:32.16,34.3 1 1
github.com/fall_out_bug/sdp-trace/internal/trace/source_snapshot.go:35.2,35.25 1 1
github.com/fall_out_bug/sdp-trace/internal/trace/store_append.go:4.115,8.16 2 1
github.com/fall_out_bug/sdp-trace/internal/trace/store_append.go:8.16,10.3 1 0
github.com/fall_out_bug/sdp-trace/internal/trace/store_append.go:11.2,11.72 1 1
github.com/fall_out_bug/sdp-trace/internal/trace/store_append.go:14.129,17.16 2 1
github.com/fall_out_bug/sdp-trace/internal/trace/store_append.go:17.16,19.3 1 0
github.com/fall_out_bug/sdp-trace/internal/trace/store_append.go:20.2,20.46 1 1
github.com/fall_out_bug/sdp-trace/internal/trace/store_append.go:23.77,26.58 1 1
github.com/fall_out_bug/sdp-trace/internal/trace/store_append.go:26.58,28.3 1 0
github.com/fall_out_bug/sdp-trace/internal/trace/store_append.go:29.2,29.48 1 1
github.com/fall_out_bug/sdp-trace/internal/trace/store_append.go:32.79,37.68 4 1
github.com/fall_out_bug/sdp-trace/internal/trace/store_append.go:37.68,39.3 1 0
github.com/fall_out_bug/sdp-trace/internal/trace/store_append.go:40.2,40.19 1 1
github.com/fall_out_bug/sdp-trace/internal/trace/store_append_event.go:10.127,32.2 4 1
github.com/fall_out_bug/sdp-trace/internal/trace/store_append_event.go:34.46,36.22 1 1
github.com/fall_out_bug/sdp-trace/internal/trace/store_append_event.go:36.22,38.3 1 1
github.com/fall_out_bug/sdp-trace/internal/trace/store_append_event.go:39.2,39.40 1 1
github.com/fall_out_bug/sdp-trace/internal/trace/store_chain.go:8.47,11.31 2 1
github.com/fall_out_bug/sdp-trace/internal/trace/store_chain.go:11.31,13.69 1 1
github.com/fall_out_bug/sdp-trace/internal/trace/store_chain.go:13.69,15.4 1 1
github.com/fall_out_bug/sdp-trace/internal/trace/store_chain.go:16.3,16.34 1 1
github.com/fall_out_bug/sdp-trace/internal/trace/store_chain.go:19.2,19.12 1 1
github.com/fall_out_bug/sdp-trace/internal/trace/store_chain.go:22.77,26.16 2 1
github.com/fall_out_bug/sdp-trace/internal/trace/store_chain.go:26.16,29.3 1 0
github.com/fall_out_bug/sdp-trace/internal/trace/store_chain.go:30.2,30.76 1 1
github.com/fall_out_bug/sdp-trace/internal/trace/store_chain.go:30.76,33.3 1 0
github.com/fall_out_bug/sdp-trace/internal/trace/store_chain.go:34.2,34.52 1 1
github.com/fall_out_bug/sdp-trace/internal/trace/store_chain.go:34.52,37.3 1 0
github.com/fall_out_bug/sdp-trace/internal/trace/store_chain.go:39.2,39.59 1 1
github.com/fall_out_bug/sdp-trace/internal/trace/store_chain.go:42.75,45.37 1 1
github.com/fall_out_bug/sdp-trace/internal/trace/store_chain.go:45.37,47.3 1 0
github.com/fall_out_bug/sdp-trace/internal/trace/store_chain.go:48.2,48.12 1 1
github.com/fall_out_bug/sdp-trace/internal/trace/store_chain.go:51.80,54.29 1 1
github.com/fall_out_bug/sdp-trace/internal/trace/store_chain.go:54.29,56.3 1 0
github.com/fall_out_bug/sdp-trace/internal/trace/store_chain.go:57.2,57.42 1 1
github.com/fall_out_bug/sdp-trace/internal/trace/store_chain.go:57.42,59.3 1 1
github.com/fall_out_bug/sdp-trace/internal/trace/store_chain.go:60.2,60.12 1 1
github.com/fall_out_bug/sdp-trace/internal/trace/store_copy.go:10.46,15.16 2 1
github.com/fall_out_bug/sdp-trace/internal/trace/store_copy.go:15.16,17.3 1 1
github.com/fall_out_bug/sdp-trace/internal/trace/store_copy.go:18.2,19.39 2 1
github.com/fall_out_bug/sdp-trace/internal/trace/store_copy.go:21.60,25.62 1 1
github.com/fall_out_bug/sdp-trace/internal/trace/store_copy.go:25.62,28.3 1 0
github.com/fall_out_bug/sdp-trace/internal/trace/store_copy.go:29.2,30.16 2 1
github.com/fall_out_bug/sdp-trace/internal/trace/store_copy.go:30.16,33.3 1 0
github.com/fall_out_bug/sdp-trace/internal/trace/store_copy.go:34.2,35.50 2 1
github.com/fall_out_bug/sdp-trace/internal/trace/store_copy.go:35.50,38.3 1 0
github.com/fall_out_bug/sdp-trace/internal/trace/store_copy.go:40.2,40.22 1 1
github.com/fall_out_bug/sdp-trace/internal/trace/store_layout.go:37.53,40.108 2 1
github.com/fall_out_bug/sdp-trace/internal/trace/store_layout.go:40.108,42.49 1 1
github.com/fall_out_bug/sdp-trace/internal/trace/store_layout.go:42.49,44.4 1 0
github.com/fall_out_bug/sdp-trace/internal/trace/store_layout.go:46.2,46.20 1 1
github.com/fall_out_bug/sdp-trace/internal/trace/store_layout.go:49.44,58.2 1 1
github.com/fall_out_bug/sdp-trace/internal/trace/store_layout.go:60.55,62.2 1 1
github.com/fall_out_bug/sdp-trace/internal/trace/store_open.go:16.58,22.16 3 1
github.com/fall_out_bug/sdp-trace/internal/trace/store_open.go:22.16,24.3 1 1
github.com/fall_out_bug/sdp-trace/internal/trace/store_open.go:25.2,25.58 1 1
github.com/fall_out_bug/sdp-trace/internal/trace/store_open.go:27.94,32.64 2 1
github.com/fall_out_bug/sdp-trace/internal/trace/store_open.go:32.64,34.3 1 0
github.com/fall_out_bug/sdp-trace/internal/trace/store_open.go:35.2,36.16 2 1
github.com/fall_out_bug/sdp-trace/internal/trace/store_open.go:36.16,38.3 1 0
github.com/fall_out_bug/sdp-trace/internal/trace/store_open.go:39.2,40.16 2 1
github.com/fall_out_bug/sdp-trace/internal/trace/store_open.go:40.16,42.3 1 0
github.com/fall_out_bug/sdp-trace/internal/trace/store_open.go:43.2,43.77 1 1
github.com/fall_out_bug/sdp-trace/internal/trace/store_read.go:20.78,24.33 3 1
github.com/fall_out_bug/sdp-trace/internal/trace/store_read.go:24.33,27.17 2 1
github.com/fall_out_bug/sdp-trace/internal/trace/store_read.go:27.17,29.4 1 0
github.com/fall_out_bug/sdp-trace/internal/trace/store_read.go:30.3,30.33 1 1
github.com/fall_out_bug/sdp-trace/internal/trace/store_read.go:32.2,32.20 1 1
github.com/fall_out_bug/sdp-trace/internal/trace/store_read.go:35.71,38.32 2 1
github.com/fall_out_bug/sdp-trace/internal/trace/store_read.go:38.32,39.25 1 1
github.com/fall_out_bug/sdp-trace/internal/trace/store_read.go:39.25,43.4 1 1
github.com/fall_out_bug/sdp-trace/internal/trace/store_read.go:46.2,47.18 2 1
github.com/fall_out_bug/sdp-trace/internal/trace/store_read.go:50.42,54.2 1 1
github.com/fall_out_bug/sdp-trace/internal/trace/store_read.go:56.47,59.16 2 1
github.com/fall_out_bug/sdp-trace/internal/trace/store_read.go:59.16,62.3 1 0
github.com/fall_out_bug/sdp-trace/internal/trace/store_read.go:63.2,64.56 2 1
github.com/fall_out_bug/sdp-trace/internal/trace/store_read.go:64.56,67.3 1 0
github.com/fall_out_bug/sdp-trace/internal/trace/store_read.go:68.2,68.41 1 1
github.com/fall_out_bug/sdp-trace/internal/trace/store_read.go:68.41,71.3 1 0
github.com/fall_out_bug/sdp-trace/internal/trace/store_read.go:72.2,72.19 1 1
github.com/fall_out_bug/sdp-trace/internal/trace/store_validate.go:5.65,10.16 2 1
github.com/fall_out_bug/sdp-trace/internal/trace/store_validate.go:10.16,12.3 1 0
github.com/fall_out_bug/sdp-trace/internal/trace/store_validate.go:13.2,13.55 1 1
github.com/fall_out_bug/sdp-trace/internal/trace/store_validate.go:15.73,19.53 1 1
github.com/fall_out_bug/sdp-trace/internal/trace/store_validate.go:19.53,21.3 1 0
github.com/fall_out_bug/sdp-trace/internal/trace/store_validate.go:22.2,22.84 1 1
github.com/fall_out_bug/sdp-trace/internal/trace/store_validate.go:25.74,29.55 1 1
github.com/fall_out_bug/sdp-trace/internal/trace/store_validate.go:29.55,31.3 1 1
github.com/fall_out_bug/sdp-trace/internal/trace/store_validate.go:32.2,32.12 1 1
github.com/fall_out_bug/sdp-trace/internal/trace/store_validate.go:35.95,39.76 1 1
github.com/fall_out_bug/sdp-trace/internal/trace/store_validate.go:39.76,41.3 1 0
github.com/fall_out_bug/sdp-trace/internal/trace/store_validate.go:42.2,42.85 1 1
github.com/fall_out_bug/sdp-trace/internal/trace/store_validate.go:42.85,44.3 1 1
github.com/fall_out_bug/sdp-trace/internal/trace/store_validate.go:45.2,45.72 1 1
github.com/fall_out_bug/sdp-trace/internal/trace/store_validate_chain.go:3.77,4.19 1 1
github.com/fall_out_bug/sdp-trace/internal/trace/store_validate_chain.go:4.19,7.3 1 1
github.com/fall_out_bug/sdp-trace/internal/trace/store_validate_chain.go:9.2,9.35 1 1
github.com/fall_out_bug/sdp-trace/internal/trace/store_validate_manifest_head.go:5.80,9.44 1 1
github.com/fall_out_bug/sdp-trace/internal/trace/store_validate_manifest_head.go:9.44,11.3 1 0
github.com/fall_out_bug/sdp-trace/internal/trace/store_validate_manifest_head.go:12.2,12.53 1 1
github.com/fall_out_bug/sdp-trace/internal/trace/store_validate_manifest_head.go:12.53,14.3 1 1
github.com/fall_out_bug/sdp-trace/internal/trace/store_validate_manifest_head.go:15.2,15.12 1 1
github.com/fall_out_bug/sdp-trace/internal/trace/store_write.go:11.55,18.16 5 1
github.com/fall_out_bug/sdp-trace/internal/trace/store_write.go:18.16,20.3 1 0
github.com/fall_out_bug/sdp-trace/internal/trace/store_write.go:21.2,21.43 1 1
github.com/fall_out_bug/sdp-trace/internal/trace/store_write.go:25.62,29.16 2 1
github.com/fall_out_bug/sdp-trace/internal/trace/store_write.go:29.16,31.3 1 0
github.com/fall_out_bug/sdp-trace/internal/trace/store_write.go:32.2,32.57 1 1
github.com/fall_out_bug/sdp-trace/internal/trace/validation_helpers.go:9.48,12.27 1 1
github.com/fall_out_bug/sdp-trace/internal/trace/validation_helpers.go:12.27,13.17 1 1
github.com/fall_out_bug/sdp-trace/internal/trace/validation_helpers.go:13.17,15.4 1 0
github.com/fall_out_bug/sdp-trace/internal/trace/validation_helpers.go:17.2,17.12 1 1
github.com/fall_out_bug/sdp-trace/internal/trace/validation_helpers.go:20.50,21.36 1 1
github.com/fall_out_bug/sdp-trace/internal/trace/validation_helpers.go:21.36,25.3 1 0
github.com/fall_out_bug/sdp-trace/internal/trace/validation_helpers.go:26.2,26.12 1 1
github.com/fall_out_bug/sdp-trace/internal/trace/validation_helpers.go:29.51,30.15 1 1
github.com/fall_out_bug/sdp-trace/internal/trace/validation_helpers.go:30.15,34.3 1 0
github.com/fall_out_bug/sdp-trace/internal/trace/validation_helpers.go:35.2,35.12 1 1
github.com/fall_out_bug/sdp-trace/internal/trace/validation_helpers.go:38.40,39.18 1 1
github.com/fall_out_bug/sdp-trace/internal/trace/validation_helpers.go:39.18,43.3 1 0
github.com/fall_out_bug/sdp-trace/internal/trace/validation_helpers.go:44.2,44.12 1 1
github.com/fall_out_bug/sdp-trace/internal/verifier/artifacts.go:12.142,14.56 2 1
github.com/fall_out_bug/sdp-trace/internal/verifier/artifacts.go:14.56,16.3 1 0
github.com/fall_out_bug/sdp-trace/internal/verifier/artifacts.go:19.2,19.94 1 1
github.com/fall_out_bug/sdp-trace/internal/verifier/artifacts.go:19.94,21.3 1 0
github.com/fall_out_bug/sdp-trace/internal/verifier/artifacts.go:22.2,22.100 1 1
github.com/fall_out_bug/sdp-trace/internal/verifier/artifacts.go:22.100,24.3 1 0
github.com/fall_out_bug/sdp-trace/internal/verifier/artifacts.go:25.2,25.48 1 1
github.com/fall_out_bug/sdp-trace/internal/verifier/artifacts.go:28.81,29.18 1 1
github.com/fall_out_bug/sdp-trace/internal/verifier/artifacts.go:29.18,33.3 1 1
github.com/fall_out_bug/sdp-trace/internal/verifier/artifacts.go:34.2,34.77 1 1
github.com/fall_out_bug/sdp-trace/internal/verifier/artifacts.go:37.46,39.16 2 1
github.com/fall_out_bug/sdp-trace/internal/verifier/artifacts.go:39.16,41.3 1 0
github.com/fall_out_bug/sdp-trace/internal/verifier/artifacts.go:44.2,44.40 1 1
github.com/fall_out_bug/sdp-trace/internal/verifier/audit.go:7.87,13.21 2 1
github.com/fall_out_bug/sdp-trace/internal/verifier/audit.go:13.21,17.3 1 1
github.com/fall_out_bug/sdp-trace/internal/verifier/audit.go:18.2,18.15 1 1
github.com/fall_out_bug/sdp-trace/internal/verifier/chain.go:5.137,7.14 2 1
github.com/fall_out_bug/sdp-trace/internal/verifier/chain.go:7.14,10.3 1 1
github.com/fall_out_bug/sdp-trace/internal/verifier/chain.go:11.2,11.42 1 1
github.com/fall_out_bug/sdp-trace/internal/verifier/chain.go:14.59,15.35 1 1
github.com/fall_out_bug/sdp-trace/internal/verifier/chain.go:15.35,17.3 1 1
github.com/fall_out_bug/sdp-trace/internal/verifier/chain.go:20.2,20.32 1 0
github.com/fall_out_bug/sdp-trace/internal/verifier/chain.go:23.76,24.53 1 1
github.com/fall_out_bug/sdp-trace/internal/verifier/chain.go:24.53,27.3 1 1
github.com/fall_out_bug/sdp-trace/internal/verifier/chain.go:28.2,28.68 1 1
github.com/fall_out_bug/sdp-trace/internal/verifier/chain.go:28.68,30.3 1 1
github.com/fall_out_bug/sdp-trace/internal/verifier/chain.go:31.2,31.17 1 1
github.com/fall_out_bug/sdp-trace/internal/verifier/chain.go:34.53,35.31 1 1
github.com/fall_out_bug/sdp-trace/internal/verifier/chain.go:35.31,36.63 1 1
github.com/fall_out_bug/sdp-trace/internal/verifier/chain.go:36.63,39.4 1 1
github.com/fall_out_bug/sdp-trace/internal/verifier/chain.go:41.2,41.11 1 1
github.com/fall_out_bug/sdp-trace/internal/verifier/chain.go:44.75,45.75 1 1
github.com/fall_out_bug/sdp-trace/internal/verifier/chain.go:45.75,49.3 1 1
github.com/fall_out_bug/sdp-trace/internal/verifier/chain.go:50.2,50.11 1 1
github.com/fall_out_bug/sdp-trace/internal/verifier/chain_event.go:9.82,14.17 1 1
github.com/fall_out_bug/sdp-trace/internal/verifier/chain_event.go:14.17,14.61 1 1
github.com/fall_out_bug/sdp-trace/internal/verifier/chain_event.go:15.17,15.69 1 1
github.com/fall_out_bug/sdp-trace/internal/verifier/chain_event.go:16.17,16.59 1 1
github.com/fall_out_bug/sdp-trace/internal/verifier/chain_event.go:17.17,17.55 1 1
github.com/fall_out_bug/sdp-trace/internal/verifier/chain_event.go:19.2,19.32 1 1
github.com/fall_out_bug/sdp-trace/internal/verifier/chain_event.go:24.50,25.31 1 1
github.com/fall_out_bug/sdp-trace/internal/verifier/chain_event.go:25.31,26.36 1 1
github.com/fall_out_bug/sdp-trace/internal/verifier/chain_event.go:26.36,29.4 1 1
github.com/fall_out_bug/sdp-trace/internal/verifier/chain_event.go:31.2,31.11 1 1
github.com/fall_out_bug/sdp-trace/internal/verifier/chain_event.go:34.63,35.29 1 1
github.com/fall_out_bug/sdp-trace/internal/verifier/chain_event.go:35.29,38.3 1 1
github.com/fall_out_bug/sdp-trace/internal/verifier/chain_event.go:39.2,39.11 1 1
github.com/fall_out_bug/sdp-trace/internal/verifier/chain_hash.go:9.57,10.52 1 1
github.com/fall_out_bug/sdp-trace/internal/verifier/chain_hash.go:10.52,14.3 1 1
github.com/fall_out_bug/sdp-trace/internal/verifier/chain_hash.go:15.2,15.11 1 1
github.com/fall_out_bug/sdp-trace/internal/verifier/chain_hash.go:18.53,20.16 2 1
github.com/fall_out_bug/sdp-trace/internal/verifier/chain_hash.go:20.16,23.3 1 0
github.com/fall_out_bug/sdp-trace/internal/verifier/chain_hash.go:24.2,24.35 1 1
github.com/fall_out_bug/sdp-trace/internal/verifier/chain_hash.go:24.35,28.3 1 1
github.com/fall_out_bug/sdp-trace/internal/verifier/chain_hash.go:29.2,29.11 1 1
github.com/fall_out_bug/sdp-trace/internal/verifier/chain_prev.go:9.85,10.65 1 1
github.com/fall_out_bug/sdp-trace/internal/verifier/chain_prev.go:10.65,11.17 1 1
github.com/fall_out_bug/sdp-trace/internal/verifier/chain_prev.go:11.17,14.4 1 1
github.com/fall_out_bug/sdp-trace/internal/verifier/chain_prev.go:15.3,15.72 1 1
github.com/fall_out_bug/sdp-trace/internal/verifier/chain_prev.go:17.2,17.11 1 1
github.com/fall_out_bug/sdp-trace/internal/verifier/chain_prev.go:20.68,21.16 1 1
github.com/fall_out_bug/sdp-trace/internal/verifier/chain_prev.go:21.16,24.3 1 1
github.com/fall_out_bug/sdp-trace/internal/verifier/chain_prev.go:25.2,25.34 1 1
github.com/fall_out_bug/sdp-trace/internal/verifier/contract.go:10.183,12.33 2 1
github.com/fall_out_bug/sdp-trace/internal/verifier/contract.go:12.33,16.3 1 1
github.com/fall_out_bug/sdp-trace/internal/verifier/contract.go:16.8,16.42 1 1
github.com/fall_out_bug/sdp-trace/internal/verifier/contract.go:16.42,17.71 1 1
github.com/fall_out_bug/sdp-trace/internal/verifier/contract.go:17.71,21.4 1 0
github.com/fall_out_bug/sdp-trace/internal/verifier/contract.go:23.2,23.71 1 1
github.com/fall_out_bug/sdp-trace/internal/verifier/contract.go:26.216,28.16 2 1
github.com/fall_out_bug/sdp-trace/internal/verifier/contract.go:28.16,32.3 1 0
github.com/fall_out_bug/sdp-trace/internal/verifier/contract.go:33.2,33.98 1 1
github.com/fall_out_bug/sdp-trace/internal/verifier/contract.go:33.98,37.3 1 0
github.com/fall_out_bug/sdp-trace/internal/verifier/contract.go:38.2,38.79 1 1
github.com/fall_out_bug/sdp-trace/internal/verifier/contract.go:41.53,43.2 1 1
github.com/fall_out_bug/sdp-trace/internal/verifier/contract.go:45.40,47.16 2 1
github.com/fall_out_bug/sdp-trace/internal/verifier/contract.go:47.16,50.3 1 0
github.com/fall_out_bug/sdp-trace/internal/verifier/contract.go:51.2,51.13 1 1
github.com/fall_out_bug/sdp-trace/internal/verifier/event_files.go:11.59,13.16 2 1
github.com/fall_out_bug/sdp-trace/internal/verifier/event_files.go:13.16,15.3 1 1
github.com/fall_out_bug/sdp-trace/internal/verifier/event_files.go:19.2,20.30 2 1
github.com/fall_out_bug/sdp-trace/internal/verifier/event_files.go:20.30,22.3 1 1
github.com/fall_out_bug/sdp-trace/internal/verifier/event_files.go:23.2,23.24 1 1
github.com/fall_out_bug/sdp-trace/internal/verifier/event_files.go:26.91,27.30 1 1
github.com/fall_out_bug/sdp-trace/internal/verifier/event_files.go:27.30,31.3 1 1
github.com/fall_out_bug/sdp-trace/internal/verifier/event_files.go:32.2,32.66 1 1
github.com/fall_out_bug/sdp-trace/internal/verifier/event_files.go:35.47,36.19 1 1
github.com/fall_out_bug/sdp-trace/internal/verifier/event_files.go:36.19,39.3 1 0
github.com/fall_out_bug/sdp-trace/internal/verifier/event_files.go:40.2,41.39 2 1
github.com/fall_out_bug/sdp-trace/internal/verifier/event_files.go:41.39,44.3 1 1
github.com/fall_out_bug/sdp-trace/internal/verifier/event_files.go:45.2,47.19 2 1
github.com/fall_out_bug/sdp-trace/internal/verifier/event_parse.go:11.85,13.16 2 1
github.com/fall_out_bug/sdp-trace/internal/verifier/event_parse.go:13.16,16.3 1 1
github.com/fall_out_bug/sdp-trace/internal/verifier/event_parse.go:17.2,17.35 1 1
github.com/fall_out_bug/sdp-trace/internal/verifier/event_parse.go:20.54,22.75 2 1
github.com/fall_out_bug/sdp-trace/internal/verifier/event_parse.go:22.75,24.3 1 1
github.com/fall_out_bug/sdp-trace/internal/verifier/event_parse.go:26.2,26.19 1 1
github.com/fall_out_bug/sdp-trace/internal/verifier/events.go:12.58,15.16 3 1
github.com/fall_out_bug/sdp-trace/internal/verifier/events.go:15.16,19.3 1 1
github.com/fall_out_bug/sdp-trace/internal/verifier/events.go:20.2,21.39 2 1
github.com/fall_out_bug/sdp-trace/internal/verifier/events.go:24.69,25.57 1 1
github.com/fall_out_bug/sdp-trace/internal/verifier/events.go:25.57,27.3 1 1
github.com/fall_out_bug/sdp-trace/internal/verifier/events.go:31.2,32.34 2 1
github.com/fall_out_bug/sdp-trace/internal/verifier/events.go:32.34,35.17 3 1
github.com/fall_out_bug/sdp-trace/internal/verifier/events.go:35.17,37.4 1 1
github.com/fall_out_bug/sdp-trace/internal/verifier/events.go:39.2,39.20 1 1
github.com/fall_out_bug/sdp-trace/internal/verifier/events.go:42.54,43.26 1 1
github.com/fall_out_bug/sdp-trace/internal/verifier/events.go:43.26,46.3 1 1
github.com/fall_out_bug/sdp-trace/internal/verifier/events.go:47.2,47.12 1 1
github.com/fall_out_bug/sdp-trace/internal/verifier/explain.go:11.48,16.16 2 1
github.com/fall_out_bug/sdp-trace/internal/verifier/explain.go:16.16,18.3 1 0
github.com/fall_out_bug/sdp-trace/internal/verifier/explain.go:19.2,20.16 2 1
github.com/fall_out_bug/sdp-trace/internal/verifier/explain.go:20.16,22.3 1 0
github.com/fall_out_bug/sdp-trace/internal/verifier/explain.go:23.2,23.92 1 1
github.com/fall_out_bug/sdp-trace/internal/verifier/explain.go:26.169,35.2 6 1
github.com/fall_out_bug/sdp-trace/internal/verifier/explain.go:37.77,38.39 1 1
github.com/fall_out_bug/sdp-trace/internal/verifier/explain.go:38.39,40.3 1 1
github.com/fall_out_bug/sdp-trace/internal/verifier/explain.go:43.2,43.49 1 0
github.com/fall_out_bug/sdp-trace/internal/verifier/explain.go:46.78,47.52 1 1
github.com/fall_out_bug/sdp-trace/internal/verifier/explain.go:47.52,51.3 1 0
github.com/fall_out_bug/sdp-trace/internal/verifier/explain.go:52.2,52.79 1 1
github.com/fall_out_bug/sdp-trace/internal/verifier/explain_audit.go:9.60,16.2 1 0
github.com/fall_out_bug/sdp-trace/internal/verifier/explain_header.go:9.112,20.2 1 1
github.com/fall_out_bug/sdp-trace/internal/verifier/explain_header.go:22.78,23.33 1 1
github.com/fall_out_bug/sdp-trace/internal/verifier/explain_header.go:23.33,27.3 1 0
github.com/fall_out_bug/sdp-trace/internal/verifier/explain_header.go:28.2,28.79 1 1
github.com/fall_out_bug/sdp-trace/internal/verifier/explain_manifest.go:11.68,16.86 3 1
github.com/fall_out_bug/sdp-trace/internal/verifier/explain_manifest.go:16.86,18.3 1 0
github.com/fall_out_bug/sdp-trace/internal/verifier/explain_manifest.go:19.2,19.22 1 1
github.com/fall_out_bug/sdp-trace/internal/verifier/explain_missing.go:9.86,10.20 1 1
github.com/fall_out_bug/sdp-trace/internal/verifier/explain_missing.go:10.20,12.3 1 0
github.com/fall_out_bug/sdp-trace/internal/verifier/explain_missing.go:15.2,16.27 2 1
github.com/fall_out_bug/sdp-trace/internal/verifier/explain_missing.go:16.27,18.3 1 1
github.com/fall_out_bug/sdp-trace/internal/verifier/explain_missing.go:19.2,19.14 1 1
github.com/fall_out_bug/sdp-trace/internal/verifier/explain_missing.go:22.63,26.2 1 1
github.com/fall_out_bug/sdp-trace/internal/verifier/input.go:10.131,14.9 2 1
github.com/fall_out_bug/sdp-trace/internal/verifier/input.go:14.9,16.3 1 1
github.com/fall_out_bug/sdp-trace/internal/verifier/input.go:17.2,18.49 2 1
github.com/fall_out_bug/sdp-trace/internal/verifier/input.go:21.116,24.86 3 1
github.com/fall_out_bug/sdp-trace/internal/verifier/input.go:24.86,27.3 1 1
github.com/fall_out_bug/sdp-trace/internal/verifier/input.go:28.2,28.44 1 1
github.com/fall_out_bug/sdp-trace/internal/verifier/input.go:28.44,32.3 1 0
github.com/fall_out_bug/sdp-trace/internal/verifier/input.go:33.2,33.57 1 1
github.com/fall_out_bug/sdp-trace/internal/verifier/input.go:36.138,38.16 2 1
github.com/fall_out_bug/sdp-trace/internal/verifier/input.go:38.16,42.3 1 1
github.com/fall_out_bug/sdp-trace/internal/verifier/input.go:43.2,43.22 1 1
github.com/fall_out_bug/sdp-trace/internal/verifier/input.go:43.22,48.3 3 0
github.com/fall_out_bug/sdp-trace/internal/verifier/input.go:49.2,49.55 1 1
github.com/fall_out_bug/sdp-trace/internal/verifier/result.go:5.64,16.2 1 1
github.com/fall_out_bug/sdp-trace/internal/verifier/result.go:18.76,29.2 1 1
github.com/fall_out_bug/sdp-trace/internal/verifier/result.go:31.96,38.2 5 0
github.com/fall_out_bug/sdp-trace/internal/verifier/result.go:40.159,42.35 2 1
github.com/fall_out_bug/sdp-trace/internal/verifier/result.go:42.35,48.3 3 1
github.com/fall_out_bug/sdp-trace/internal/verifier/result.go:49.2,49.32 1 1
github.com/fall_out_bug/sdp-trace/internal/verifier/result_chain.go:5.74,17.2 1 1
github.com/fall_out_bug/sdp-trace/internal/verifier/result_events.go:5.61,7.31 2 1
github.com/fall_out_bug/sdp-trace/internal/verifier/result_events.go:7.31,11.3 1 1
github.com/fall_out_bug/sdp-trace/internal/verifier/result_events.go:12.2,12.23 1 1
github.com/fall_out_bug/sdp-trace/internal/verifier/verify.go:6.112,13.9 2 1
github.com/fall_out_bug/sdp-trace/internal/verifier/verify.go:13.9,17.3 1 1
github.com/fall_out_bug/sdp-trace/internal/verifier/verify.go:21.2,23.9 3 1
github.com/fall_out_bug/sdp-trace/internal/verifier/verify.go:23.9,25.3 1 1
github.com/fall_out_bug/sdp-trace/internal/verifier/verify.go:27.2,28.9 2 1
github.com/fall_out_bug/sdp-trace/internal/verifier/verify.go:28.9,30.3 1 0
github.com/fall_out_bug/sdp-trace/internal/verifier/verify.go:31.2,32.42 2 1
github.com/fall_out_bug/sdp-trace/tools/crapcheck/complexity.go:11.59,14.16 2 1
github.com/fall_out_bug/sdp-trace/tools/crapcheck/complexity.go:14.16,16.3 1 1
github.com/fall_out_bug/sdp-trace/tools/crapcheck/complexity.go:17.2,18.30 2 1
github.com/fall_out_bug/sdp-trace/tools/crapcheck/complexity.go:21.65,25.21 3 1
github.com/fall_out_bug/sdp-trace/tools/crapcheck/complexity.go:25.21,27.17 2 1
github.com/fall_out_bug/sdp-trace/tools/crapcheck/complexity.go:27.17,29.4 1 1
github.com/fall_out_bug/sdp-trace/tools/crapcheck/complexity.go:30.3,30.9 1 1
github.com/fall_out_bug/sdp-trace/tools/crapcheck/complexity.go:30.9,32.4 1 1
github.com/fall_out_bug/sdp-trace/tools/crapcheck/complexity.go:34.2,34.28 1 1
github.com/fall_out_bug/sdp-trace/tools/crapcheck/complexity_line.go:14.68,17.16 2 1
github.com/fall_out_bug/sdp-trace/tools/crapcheck/complexity_line.go:17.16,19.3 1 0
github.com/fall_out_bug/sdp-trace/tools/crapcheck/complexity_line.go:20.2,21.18 2 1
github.com/fall_out_bug/sdp-trace/tools/crapcheck/complexity_line.go:21.18,23.3 1 1
github.com/fall_out_bug/sdp-trace/tools/crapcheck/complexity_line.go:25.2,26.29 2 1
github.com/fall_out_bug/sdp-trace/tools/crapcheck/complexity_line.go:29.81,32.16 2 1
github.com/fall_out_bug/sdp-trace/tools/crapcheck/complexity_line.go:32.16,34.3 1 0
github.com/fall_out_bug/sdp-trace/tools/crapcheck/complexity_line.go:35.2,40.8 1 1
github.com/fall_out_bug/sdp-trace/tools/crapcheck/complexity_line.go:43.67,46.16 2 1
github.com/fall_out_bug/sdp-trace/tools/crapcheck/complexity_line.go:46.16,48.3 1 0
github.com/fall_out_bug/sdp-trace/tools/crapcheck/complexity_line.go:49.2,49.24 1 1
github.com/fall_out_bug/sdp-trace/tools/crapcheck/coverage.go:11.64,14.16 2 1
github.com/fall_out_bug/sdp-trace/tools/crapcheck/coverage.go:14.16,16.3 1 1
github.com/fall_out_bug/sdp-trace/tools/crapcheck/coverage.go:17.2,18.28 2 1
github.com/fall_out_bug/sdp-trace/tools/crapcheck/coverage.go:21.70,25.21 3 1
github.com/fall_out_bug/sdp-trace/tools/crapcheck/coverage.go:25.21,27.17 2 1
github.com/fall_out_bug/sdp-trace/tools/crapcheck/coverage.go:27.17,29.4 1 1
github.com/fall_out_bug/sdp-trace/tools/crapcheck/coverage.go:30.3,30.9 1 1
github.com/fall_out_bug/sdp-trace/tools/crapcheck/coverage.go:30.9,32.4 1 1
github.com/fall_out_bug/sdp-trace/tools/crapcheck/coverage.go:34.2,34.28 1 1
github.com/fall_out_bug/sdp-trace/tools/crapcheck/coverage_line.go:14.64,17.33 2 1
github.com/fall_out_bug/sdp-trace/tools/crapcheck/coverage_line.go:17.33,19.3 1 1
github.com/fall_out_bug/sdp-trace/tools/crapcheck/coverage_line.go:20.2,21.18 2 1
github.com/fall_out_bug/sdp-trace/tools/crapcheck/coverage_line.go:21.18,23.3 1 1
github.com/fall_out_bug/sdp-trace/tools/crapcheck/coverage_line.go:25.2,26.29 2 1
github.com/fall_out_bug/sdp-trace/tools/crapcheck/coverage_line.go:29.77,32.16 2 1
github.com/fall_out_bug/sdp-trace/tools/crapcheck/coverage_line.go:32.16,34.3 1 1
github.com/fall_out_bug/sdp-trace/tools/crapcheck/coverage_line.go:35.2,40.8 1 1
github.com/fall_out_bug/sdp-trace/tools/crapcheck/coverage_line.go:43.71,46.16 2 1
github.com/fall_out_bug/sdp-trace/tools/crapcheck/coverage_line.go:46.16,48.3 1 1
github.com/fall_out_bug/sdp-trace/tools/crapcheck/coverage_line.go:49.2,49.22 1 1
github.com/fall_out_bug/sdp-trace/tools/crapcheck/coverage_line.go:52.46,55.2 1 1
github.com/fall_out_bug/sdp-trace/tools/crapcheck/coverage_match.go:5.117,9.8 2 1
github.com/fall_out_bug/sdp-trace/tools/crapcheck/coverage_match.go:9.8,11.3 1 1
github.com/fall_out_bug/sdp-trace/tools/crapcheck/coverage_match.go:14.2,14.18 1 1
github.com/fall_out_bug/sdp-trace/tools/crapcheck/coverage_match.go:14.18,16.3 1 1
github.com/fall_out_bug/sdp-trace/tools/crapcheck/coverage_match.go:17.2,17.107 1 1
github.com/fall_out_bug/sdp-trace/tools/crapcheck/join.go:7.116,9.35 2 1
github.com/fall_out_bug/sdp-trace/tools/crapcheck/join.go:9.35,13.17 2 1
github.com/fall_out_bug/sdp-trace/tools/crapcheck/join.go:13.17,15.4 1 1
github.com/fall_out_bug/sdp-trace/tools/crapcheck/join.go:16.3,16.10 1 1
github.com/fall_out_bug/sdp-trace/tools/crapcheck/join.go:16.10,17.12 1 1
github.com/fall_out_bug/sdp-trace/tools/crapcheck/join.go:21.3,21.27 1 1
github.com/fall_out_bug/sdp-trace/tools/crapcheck/join.go:23.2,23.18 1 1
github.com/fall_out_bug/sdp-trace/tools/crapcheck/join.go:26.112,27.47 1 1
github.com/fall_out_bug/sdp-trace/tools/crapcheck/join.go:27.47,29.3 1 1
github.com/fall_out_bug/sdp-trace/tools/crapcheck/join.go:32.2,33.16 2 1
github.com/fall_out_bug/sdp-trace/tools/crapcheck/join.go:33.16,35.3 1 1
github.com/fall_out_bug/sdp-trace/tools/crapcheck/join.go:38.2,42.14 1 1
github.com/fall_out_bug/sdp-trace/tools/crapcheck/main.go:9.13,11.2 1 0
github.com/fall_out_bug/sdp-trace/tools/crapcheck/main.go:13.65,17.16 2 1
github.com/fall_out_bug/sdp-trace/tools/crapcheck/main.go:17.16,20.3 2 1
github.com/fall_out_bug/sdp-trace/tools/crapcheck/main.go:22.2,23.16 2 1
github.com/fall_out_bug/sdp-trace/tools/crapcheck/main.go:23.16,26.3 2 0
github.com/fall_out_bug/sdp-trace/tools/crapcheck/main.go:28.2,28.76 1 1
github.com/fall_out_bug/sdp-trace/tools/crapcheck/main.go:31.67,35.42 2 1
github.com/fall_out_bug/sdp-trace/tools/crapcheck/main.go:35.42,37.3 1 0
github.com/fall_out_bug/sdp-trace/tools/crapcheck/main.go:40.2,40.29 1 1
github.com/fall_out_bug/sdp-trace/tools/crapcheck/main.go:40.29,42.3 1 1
github.com/fall_out_bug/sdp-trace/tools/crapcheck/main.go:45.2,45.19 1 1
github.com/fall_out_bug/sdp-trace/tools/crapcheck/path.go:10.40,13.86 2 1
github.com/fall_out_bug/sdp-trace/tools/crapcheck/path.go:13.86,15.3 1 1
github.com/fall_out_bug/sdp-trace/tools/crapcheck/path.go:16.2,16.34 1 1
github.com/fall_out_bug/sdp-trace/tools/crapcheck/path.go:16.34,17.64 1 1
github.com/fall_out_bug/sdp-trace/tools/crapcheck/path.go:17.64,19.4 1 1
github.com/fall_out_bug/sdp-trace/tools/crapcheck/path.go:21.2,22.39 2 1
github.com/fall_out_bug/sdp-trace/tools/crapcheck/report.go:18.113,20.27 2 1
github.com/fall_out_bug/sdp-trace/tools/crapcheck/report.go:20.27,24.56 2 1
github.com/fall_out_bug/sdp-trace/tools/crapcheck/report.go:24.56,26.4 1 1
github.com/fall_out_bug/sdp-trace/tools/crapcheck/report.go:30.2,30.21 1 1
github.com/fall_out_bug/sdp-trace/tools/crapcheck/report.go:30.21,33.3 2 1
github.com/fall_out_bug/sdp-trace/tools/crapcheck/report.go:34.2,34.10 1 1
github.com/fall_out_bug/sdp-trace/tools/crapcheck/row_key.go:6.37,8.2 1 1
github.com/fall_out_bug/sdp-trace/tools/crapcheck/row_key.go:10.39,12.2 1 1
github.com/fall_out_bug/sdp-trace/tools/crapcheck/rows.go:39.61,50.2 9 1
github.com/fall_out_bug/sdp-trace/tools/crapcheck/rows.go:52.42,54.2 1 1
github.com/fall_out_bug/sdp-trace/tools/crapcheck/score.go:7.50,11.16 2 1
github.com/fall_out_bug/sdp-trace/tools/crapcheck/score.go:11.16,13.3 1 0
github.com/fall_out_bug/sdp-trace/tools/crapcheck/score.go:14.2,15.16 2 1
github.com/fall_out_bug/sdp-trace/tools/crapcheck/score.go:15.16,17.3 1 1
github.com/fall_out_bug/sdp-trace/tools/crapcheck/score.go:20.2,20.58 1 1
github.com/fall_out_bug/sdp-trace/tools/crapcheck/scoring.go:6.58,9.2 2 1
github.com/fall_out_bug/sdp-trace/tools/crapcheck/scoring.go:12.79,13.16 1 1
github.com/fall_out_bug/sdp-trace/tools/crapcheck/scoring.go:13.16,17.3 1 1
github.com/fall_out_bug/sdp-trace/tools/crapcheck/scoring.go:18.2,18.26 1 1
github.com/fall_out_bug/sdp-trace/internal/witness/artifacts.go:13.66,17.16 2 1
github.com/fall_out_bug/sdp-trace/internal/witness/artifacts.go:17.16,19.3 1 0
github.com/fall_out_bug/sdp-trace/internal/witness/artifacts.go:20.2,21.33 2 1
github.com/fall_out_bug/sdp-trace/internal/witness/artifacts.go:21.33,23.17 2 1
github.com/fall_out_bug/sdp-trace/internal/witness/artifacts.go:23.17,25.4 1 0
github.com/fall_out_bug/sdp-trace/internal/witness/artifacts.go:26.3,29.5 1 1
github.com/fall_out_bug/sdp-trace/internal/witness/artifacts.go:31.2,31.23 1 1
github.com/fall_out_bug/sdp-trace/internal/witness/artifacts.go:34.44,38.16 2 1
github.com/fall_out_bug/sdp-trace/internal/witness/artifacts.go:38.16,40.3 1 0
github.com/fall_out_bug/sdp-trace/internal/witness/artifacts.go:41.2,42.40 2 1
github.com/fall_out_bug/sdp-trace/internal/witness/github_actions.go:3.92,5.2 1 1
github.com/fall_out_bug/sdp-trace/internal/witness/github_actions.go:7.125,15.77 4 1
github.com/fall_out_bug/sdp-trace/internal/witness/github_actions.go:15.77,17.3 1 0
github.com/fall_out_bug/sdp-trace/internal/witness/github_actions.go:18.2,18.73 1 1
github.com/fall_out_bug/sdp-trace/internal/witness/github_actions.go:18.73,20.3 1 1
github.com/fall_out_bug/sdp-trace/internal/witness/github_actions.go:21.2,21.78 1 1
github.com/fall_out_bug/sdp-trace/internal/witness/github_actions.go:21.78,23.3 1 1
github.com/fall_out_bug/sdp-trace/internal/witness/github_actions.go:24.2,24.41 1 1
github.com/fall_out_bug/sdp-trace/internal/witness/github_checks.go:3.79,7.16 2 1
github.com/fall_out_bug/sdp-trace/internal/witness/github_checks.go:7.16,9.3 1 0
github.com/fall_out_bug/sdp-trace/internal/witness/github_checks.go:10.2,11.21 2 1
github.com/fall_out_bug/sdp-trace/internal/witness/github_checks.go:11.21,15.17 2 1
github.com/fall_out_bug/sdp-trace/internal/witness/github_checks.go:15.17,17.4 1 0
github.com/fall_out_bug/sdp-trace/internal/witness/github_checks.go:18.3,18.43 1 1
github.com/fall_out_bug/sdp-trace/internal/witness/github_checks.go:20.2,20.12 1 1
github.com/fall_out_bug/sdp-trace/internal/witness/github_env.go:8.44,10.2 1 0
github.com/fall_out_bug/sdp-trace/internal/witness/github_env.go:12.65,16.32 2 1
github.com/fall_out_bug/sdp-trace/internal/witness/github_env.go:16.32,18.3 1 1
github.com/fall_out_bug/sdp-trace/internal/witness/github_env.go:19.2,19.12 1 1
github.com/fall_out_bug/sdp-trace/internal/witness/github_env.go:22.63,26.8 2 1
github.com/fall_out_bug/sdp-trace/internal/witness/github_env.go:26.8,28.3 1 1
github.com/fall_out_bug/sdp-trace/internal/witness/github_env_identity_missing.go:5.60,8.68 2 1
github.com/fall_out_bug/sdp-trace/internal/witness/github_env_identity_missing.go:8.68,10.3 1 0
github.com/fall_out_bug/sdp-trace/internal/witness/github_env_identity_missing.go:11.2,12.16 2 1
github.com/fall_out_bug/sdp-trace/internal/witness/github_env_missing_keys.go:5.72,9.31 2 1
github.com/fall_out_bug/sdp-trace/internal/witness/github_env_missing_keys.go:9.31,11.40 1 1
github.com/fall_out_bug/sdp-trace/internal/witness/github_env_missing_keys.go:11.40,13.4 1 1
github.com/fall_out_bug/sdp-trace/internal/witness/github_env_missing_keys.go:15.2,15.16 1 1
github.com/fall_out_bug/sdp-trace/internal/witness/github_env_oidc_missing.go:8.56,13.31 3 1
github.com/fall_out_bug/sdp-trace/internal/witness/github_env_oidc_missing.go:13.31,15.40 1 1
github.com/fall_out_bug/sdp-trace/internal/witness/github_env_oidc_missing.go:15.40,17.4 1 1
github.com/fall_out_bug/sdp-trace/internal/witness/github_env_oidc_missing.go:19.2,20.16 2 1
github.com/fall_out_bug/sdp-trace/internal/witness/github_identity.go:3.65,11.2 1 1
github.com/fall_out_bug/sdp-trace/internal/witness/github_identity.go:13.57,25.2 1 1
github.com/fall_out_bug/sdp-trace/internal/witness/github_identity.go:27.48,37.2 7 1
github.com/fall_out_bug/sdp-trace/internal/witness/github_identity.go:39.94,47.2 5 1
github.com/fall_out_bug/sdp-trace/internal/witness/github_io.go:11.101,14.38 1 1
github.com/fall_out_bug/sdp-trace/internal/witness/github_io.go:14.38,16.3 1 0
github.com/fall_out_bug/sdp-trace/internal/witness/github_io.go:17.2,18.16 2 1
github.com/fall_out_bug/sdp-trace/internal/witness/github_io.go:18.16,20.3 1 0
github.com/fall_out_bug/sdp-trace/internal/witness/github_io.go:23.2,24.66 2 1
github.com/fall_out_bug/sdp-trace/internal/witness/github_io.go:24.66,26.3 1 0
github.com/fall_out_bug/sdp-trace/internal/witness/github_io.go:29.2,29.45 1 1
github.com/fall_out_bug/sdp-trace/internal/witness/github_io.go:32.55,36.16 2 1
github.com/fall_out_bug/sdp-trace/internal/witness/github_io.go:36.16,38.3 1 0
github.com/fall_out_bug/sdp-trace/internal/witness/github_io.go:39.2,39.57 1 1
github.com/fall_out_bug/sdp-trace/internal/witness/github_io.go:42.40,47.16 3 1
github.com/fall_out_bug/sdp-trace/internal/witness/github_io.go:47.16,49.3 1 0
github.com/fall_out_bug/sdp-trace/internal/witness/github_io.go:50.2,50.54 1 1
github.com/fall_out_bug/sdp-trace/internal/witness/github_io.go:50.54,52.3 1 0
github.com/fall_out_bug/sdp-trace/internal/witness/github_io.go:54.2,54.20 1 1
github.com/fall_out_bug/sdp-trace/internal/witness/github_io.go:57.38,63.2 1 1
github.com/fall_out_bug/sdp-trace/internal/witness/github_oidc_checks.go:3.86,7.22 2 1
github.com/fall_out_bug/sdp-trace/internal/witness/github_oidc_checks.go:7.22,9.3 1 1
github.com/fall_out_bug/sdp-trace/internal/witness/github_oidc_checks.go:10.2,11.26 2 1
github.com/fall_out_bug/sdp-trace/internal/witness/github_oidc_checks.go:11.26,13.3 1 1
github.com/fall_out_bug/sdp-trace/internal/witness/github_oidc_checks.go:14.2,14.22 1 1
github.com/fall_out_bug/sdp-trace/internal/witness/github_oidc_checks.go:17.104,21.16 2 1
github.com/fall_out_bug/sdp-trace/internal/witness/github_oidc_checks.go:21.16,23.3 1 1
github.com/fall_out_bug/sdp-trace/internal/witness/github_oidc_checks.go:24.2,25.56 2 1
github.com/fall_out_bug/sdp-trace/internal/witness/github_oidc_checks.go:25.56,27.3 1 1
github.com/fall_out_bug/sdp-trace/internal/witness/github_oidc_checks.go:28.2,29.22 2 1
github.com/fall_out_bug/sdp-trace/internal/witness/oidc.go:11.66,19.16 2 1
github.com/fall_out_bug/sdp-trace/internal/witness/oidc.go:19.16,21.3 1 1
github.com/fall_out_bug/sdp-trace/internal/witness/oidc.go:22.2,22.19 1 1
github.com/fall_out_bug/sdp-trace/internal/witness/oidc.go:25.101,29.16 2 1
github.com/fall_out_bug/sdp-trace/internal/witness/oidc.go:29.16,31.3 1 1
github.com/fall_out_bug/sdp-trace/internal/witness/oidc.go:32.2,33.16 2 1
github.com/fall_out_bug/sdp-trace/internal/witness/oidc.go:33.16,35.3 1 1
github.com/fall_out_bug/sdp-trace/internal/witness/oidc.go:36.2,36.37 1 1
github.com/fall_out_bug/sdp-trace/internal/witness/oidc_audience.go:5.39,8.31 1 1
github.com/fall_out_bug/sdp-trace/internal/witness/oidc_audience.go:9.14,10.15 1 1
github.com/fall_out_bug/sdp-trace/internal/witness/oidc_audience.go:11.13,12.47 1 1
github.com/fall_out_bug/sdp-trace/internal/witness/oidc_audience.go:13.10,14.12 1 0
github.com/fall_out_bug/sdp-trace/internal/witness/oidc_audience.go:18.41,22.30 2 1
github.com/fall_out_bug/sdp-trace/internal/witness/oidc_audience.go:22.30,24.3 1 1
github.com/fall_out_bug/sdp-trace/internal/witness/oidc_audience.go:25.2,25.14 1 1
github.com/fall_out_bug/sdp-trace/internal/witness/oidc_audience.go:28.58,31.35 1 1
github.com/fall_out_bug/sdp-trace/internal/witness/oidc_audience.go:31.35,33.3 1 1
github.com/fall_out_bug/sdp-trace/internal/witness/oidc_audience.go:34.2,34.14 1 1
github.com/fall_out_bug/sdp-trace/internal/witness/oidc_claims.go:10.56,14.16 2 1
github.com/fall_out_bug/sdp-trace/internal/witness/oidc_claims.go:14.16,16.3 1 0
github.com/fall_out_bug/sdp-trace/internal/witness/oidc_claims.go:17.2,17.39 1 1
github.com/fall_out_bug/sdp-trace/internal/witness/oidc_claims.go:20.53,24.20 2 1
github.com/fall_out_bug/sdp-trace/internal/witness/oidc_claims.go:24.20,26.3 1 0
github.com/fall_out_bug/sdp-trace/internal/witness/oidc_claims.go:27.2,27.53 1 1
github.com/fall_out_bug/sdp-trace/internal/witness/oidc_claims.go:30.64,34.54 2 1
github.com/fall_out_bug/sdp-trace/internal/witness/oidc_claims.go:34.54,36.3 1 0
github.com/fall_out_bug/sdp-trace/internal/witness/oidc_claims.go:37.2,37.39 1 1
github.com/fall_out_bug/sdp-trace/internal/witness/oidc_claims.go:40.57,51.2 1 1
github.com/fall_out_bug/sdp-trace/internal/witness/oidc_match.go:3.76,8.2 1 1
github.com/fall_out_bug/sdp-trace/internal/witness/oidc_match.go:10.56,14.2 1 1
github.com/fall_out_bug/sdp-trace/internal/witness/oidc_match.go:16.77,21.2 1 1
github.com/fall_out_bug/sdp-trace/internal/witness/oidc_request.go:9.84,13.16 2 1
github.com/fall_out_bug/sdp-trace/internal/witness/oidc_request.go:13.16,15.3 1 1
github.com/fall_out_bug/sdp-trace/internal/witness/oidc_request.go:16.2,16.58 1 1
github.com/fall_out_bug/sdp-trace/internal/witness/oidc_request.go:16.58,18.3 1 1
github.com/fall_out_bug/sdp-trace/internal/witness/oidc_request.go:19.2,22.16 3 1
github.com/fall_out_bug/sdp-trace/internal/witness/oidc_request.go:22.16,24.3 1 0
github.com/fall_out_bug/sdp-trace/internal/witness/oidc_request.go:25.2,27.17 3 1
github.com/fall_out_bug/sdp-trace/internal/witness/oidc_request.go:30.55,31.30 1 1
github.com/fall_out_bug/sdp-trace/internal/witness/oidc_request.go:31.30,34.3 1 1
github.com/fall_out_bug/sdp-trace/internal/witness/oidc_request.go:35.2,35.64 1 1
github.com/fall_out_bug/sdp-trace/internal/witness/oidc_request.go:35.64,38.3 1 1
github.com/fall_out_bug/sdp-trace/internal/witness/oidc_request.go:39.2,39.12 1 1
github.com/fall_out_bug/sdp-trace/internal/witness/oidc_request.go:42.44,48.2 3 1
github.com/fall_out_bug/sdp-trace/internal/witness/oidc_response.go:11.90,15.16 2 1
github.com/fall_out_bug/sdp-trace/internal/witness/oidc_response.go:15.16,17.3 1 0
github.com/fall_out_bug/sdp-trace/internal/witness/oidc_response.go:18.2,19.41 2 1
github.com/fall_out_bug/sdp-trace/internal/witness/oidc_response.go:19.41,21.3 1 1
github.com/fall_out_bug/sdp-trace/internal/witness/oidc_response.go:22.2,22.30 1 1
github.com/fall_out_bug/sdp-trace/internal/witness/oidc_response.go:25.45,28.2 1 1
github.com/fall_out_bug/sdp-trace/internal/witness/oidc_response.go:30.58,36.55 2 1
github.com/fall_out_bug/sdp-trace/internal/witness/oidc_response.go:36.55,38.3 1 0
github.com/fall_out_bug/sdp-trace/internal/witness/oidc_response.go:39.2,39.25 1 1
github.com/fall_out_bug/sdp-trace/internal/witness/oidc_response.go:39.25,43.3 1 1
github.com/fall_out_bug/sdp-trace/internal/witness/oidc_response.go:44.2,44.27 1 1
github.com/fall_out_bug/sdp-trace/internal/witness/profiles.go:7.90,8.29 1 1
github.com/fall_out_bug/sdp-trace/internal/witness/profiles.go:8.29,12.3 1 1
github.com/fall_out_bug/sdp-trace/internal/witness/profiles.go:13.2,13.14 1 1
github.com/fall_out_bug/sdp-trace/internal/witness/profiles.go:14.23,17.53 1 0
github.com/fall_out_bug/sdp-trace/internal/witness/profiles.go:18.10,19.67 1 1
github.com/fall_out_bug/sdp-trace/internal/witness/profiles.go:23.42,25.2 1 1
github.com/fall_out_bug/sdp-trace/internal/witness/profiles_artifacts_match.go:3.65,4.35 1 1
github.com/fall_out_bug/sdp-trace/internal/witness/profiles_artifacts_match.go:4.35,7.3 1 0
github.com/fall_out_bug/sdp-trace/internal/witness/profiles_artifacts_match.go:8.2,9.36 2 1
github.com/fall_out_bug/sdp-trace/internal/witness/profiles_artifacts_match.go:9.36,10.47 1 1
github.com/fall_out_bug/sdp-trace/internal/witness/profiles_artifacts_match.go:10.47,12.4 1 1
github.com/fall_out_bug/sdp-trace/internal/witness/profiles_artifacts_match.go:14.2,14.13 1 1
github.com/fall_out_bug/sdp-trace/internal/witness/profiles_artifacts_match.go:17.74,19.37 2 1
github.com/fall_out_bug/sdp-trace/internal/witness/profiles_artifacts_match.go:19.37,23.3 1 1
github.com/fall_out_bug/sdp-trace/internal/witness/profiles_artifacts_match.go:24.2,24.15 1 1
github.com/fall_out_bug/sdp-trace/internal/witness/profiles_ci_artifacts.go:3.84,8.16 2 1
github.com/fall_out_bug/sdp-trace/internal/witness/profiles_ci_artifacts.go:8.16,10.3 1 0
github.com/fall_out_bug/sdp-trace/internal/witness/profiles_ci_artifacts.go:11.2,12.21 2 1
github.com/fall_out_bug/sdp-trace/internal/witness/profiles_ci_artifacts.go:12.21,14.3 1 1
github.com/fall_out_bug/sdp-trace/internal/witness/profiles_ci_artifacts.go:15.2,16.16 2 1
github.com/fall_out_bug/sdp-trace/internal/witness/profiles_ci_artifacts.go:16.16,18.3 1 0
github.com/fall_out_bug/sdp-trace/internal/witness/profiles_ci_artifacts.go:19.2,20.12 2 1
github.com/fall_out_bug/sdp-trace/internal/witness/profiles_ci_build.go:3.93,7.82 2 1
github.com/fall_out_bug/sdp-trace/internal/witness/profiles_ci_build.go:7.82,9.3 1 0
github.com/fall_out_bug/sdp-trace/internal/witness/profiles_ci_build.go:10.2,10.71 1 1
github.com/fall_out_bug/sdp-trace/internal/witness/profiles_ci_build.go:10.71,12.3 1 1
github.com/fall_out_bug/sdp-trace/internal/witness/profiles_ci_build.go:13.2,13.20 1 1
github.com/fall_out_bug/sdp-trace/internal/witness/profiles_ci_input.go:7.90,8.43 1 1
github.com/fall_out_bug/sdp-trace/internal/witness/profiles_ci_input.go:8.43,13.3 2 1
github.com/fall_out_bug/sdp-trace/internal/witness/profiles_ci_input.go:14.2,15.9 2 1
github.com/fall_out_bug/sdp-trace/internal/witness/profiles_ci_input.go:15.9,17.3 1 1
github.com/fall_out_bug/sdp-trace/internal/witness/profiles_ci_input.go:18.2,19.71 2 1
github.com/fall_out_bug/sdp-trace/internal/witness/profiles_ci_load.go:3.90,10.62 2 1
github.com/fall_out_bug/sdp-trace/internal/witness/profiles_ci_load.go:10.62,15.3 2 1
github.com/fall_out_bug/sdp-trace/internal/witness/profiles_ci_load.go:16.2,16.36 1 1
github.com/fall_out_bug/sdp-trace/internal/witness/profiles_ci_load.go:16.36,21.3 2 1
github.com/fall_out_bug/sdp-trace/internal/witness/profiles_ci_load.go:22.2,22.23 1 1
github.com/fall_out_bug/sdp-trace/internal/witness/profiles_ci_load.go:25.50,28.2 2 1
github.com/fall_out_bug/sdp-trace/internal/witness/profiles_ci_load.go:30.47,33.2 2 1
github.com/fall_out_bug/sdp-trace/internal/witness/profiles_ci_missing.go:3.63,8.31 2 1
github.com/fall_out_bug/sdp-trace/internal/witness/profiles_ci_missing.go:8.31,10.3 1 1
github.com/fall_out_bug/sdp-trace/internal/witness/profiles_ci_missing.go:11.2,16.85 6 1
github.com/fall_out_bug/sdp-trace/internal/witness/profiles_ci_record_values.go:7.87,18.51 9 1
github.com/fall_out_bug/sdp-trace/internal/witness/profiles_ci_record_values.go:18.51,20.3 1 0
github.com/fall_out_bug/sdp-trace/internal/witness/profiles_ci_trust.go:3.103,7.24 2 1
github.com/fall_out_bug/sdp-trace/internal/witness/profiles_ci_trust.go:7.24,10.3 2 1
github.com/fall_out_bug/sdp-trace/internal/witness/profiles_ci_trust.go:11.2,11.74 1 1
github.com/fall_out_bug/sdp-trace/internal/witness/profiles_ci_trust.go:14.87,15.42 1 1
github.com/fall_out_bug/sdp-trace/internal/witness/profiles_ci_trust.go:15.42,23.3 5 1
github.com/fall_out_bug/sdp-trace/internal/witness/profiles_ci_trust.go:24.2,26.14 3 0
github.com/fall_out_bug/sdp-trace/internal/witness/profiles_ci_validation_bindings.go:3.76,7.82 1 1
github.com/fall_out_bug/sdp-trace/internal/witness/profiles_ci_validation_bindings.go:7.82,9.3 1 1
github.com/fall_out_bug/sdp-trace/internal/witness/profiles_ci_validation_bindings.go:10.2,10.55 1 1
github.com/fall_out_bug/sdp-trace/internal/witness/profiles_ci_validation_bindings.go:13.78,16.44 1 1
github.com/fall_out_bug/sdp-trace/internal/witness/profiles_ci_validation_bindings.go:16.44,18.3 1 1
github.com/fall_out_bug/sdp-trace/internal/witness/profiles_ci_validation_bindings.go:19.2,19.41 1 1
github.com/fall_out_bug/sdp-trace/internal/witness/profiles_ci_validation_bindings.go:19.41,21.3 1 1
github.com/fall_out_bug/sdp-trace/internal/witness/profiles_ci_validation_bindings.go:22.2,22.26 1 1
github.com/fall_out_bug/sdp-trace/internal/witness/profiles_ci_validation_bindings.go:25.83,28.44 1 1
github.com/fall_out_bug/sdp-trace/internal/witness/profiles_ci_validation_bindings.go:28.44,30.3 1 1
github.com/fall_out_bug/sdp-trace/internal/witness/profiles_ci_validation_bindings.go:31.2,31.46 1 1
github.com/fall_out_bug/sdp-trace/internal/witness/profiles_ci_validation_bindings.go:31.46,33.3 1 1
github.com/fall_out_bug/sdp-trace/internal/witness/profiles_ci_validation_bindings.go:34.2,34.26 1 1
github.com/fall_out_bug/sdp-trace/internal/witness/profiles_ci_validation_bindings.go:37.55,39.2 1 1
github.com/fall_out_bug/sdp-trace/internal/witness/profiles_ci_validation_core.go:7.104,8.38 1 1
github.com/fall_out_bug/sdp-trace/internal/witness/profiles_ci_validation_core.go:8.38,12.3 1 1
github.com/fall_out_bug/sdp-trace/internal/witness/profiles_ci_validation_core.go:13.2,13.71 1 1
github.com/fall_out_bug/sdp-trace/internal/witness/profiles_ci_validation_core.go:13.71,15.3 1 0
github.com/fall_out_bug/sdp-trace/internal/witness/profiles_ci_validation_core.go:16.2,16.83 1 1
github.com/fall_out_bug/sdp-trace/internal/witness/profiles_ci_validation_core.go:16.83,18.3 1 1
github.com/fall_out_bug/sdp-trace/internal/witness/profiles_ci_validation_core.go:19.2,19.68 1 1
github.com/fall_out_bug/sdp-trace/internal/witness/profiles_ci_validation_core.go:22.73,23.39 1 1
github.com/fall_out_bug/sdp-trace/internal/witness/profiles_ci_validation_core.go:23.39,27.3 1 0
github.com/fall_out_bug/sdp-trace/internal/witness/profiles_ci_validation_core.go:28.2,28.26 1 1
github.com/fall_out_bug/sdp-trace/internal/witness/profiles_ci_validation_core.go:31.90,32.28 1 1
github.com/fall_out_bug/sdp-trace/internal/witness/profiles_ci_validation_core.go:32.28,35.3 1 0
github.com/fall_out_bug/sdp-trace/internal/witness/profiles_ci_validation_core.go:36.2,36.47 1 1
github.com/fall_out_bug/sdp-trace/internal/witness/profiles_ci_validation_core.go:36.47,40.3 1 1
github.com/fall_out_bug/sdp-trace/internal/witness/profiles_ci_validation_core.go:41.2,41.26 1 1
github.com/fall_out_bug/sdp-trace/internal/witness/profiles_ci_validation_core.go:44.59,48.2 1 1
github.com/fall_out_bug/sdp-trace/internal/witness/profiles_ci_validation_identity.go:3.86,6.39 1 1
github.com/fall_out_bug/sdp-trace/internal/witness/profiles_ci_validation_identity.go:6.39,8.3 1 1
github.com/fall_out_bug/sdp-trace/internal/witness/profiles_ci_validation_identity.go:9.2,9.46 1 1
github.com/fall_out_bug/sdp-trace/internal/witness/profiles_ci_validation_identity.go:9.46,11.3 1 1
github.com/fall_out_bug/sdp-trace/internal/witness/profiles_ci_validation_identity.go:12.2,12.26 1 1
github.com/fall_out_bug/sdp-trace/internal/witness/profiles_ci_validation_identity.go:15.77,18.40 1 1
github.com/fall_out_bug/sdp-trace/internal/witness/profiles_ci_validation_identity.go:18.40,20.3 1 1
github.com/fall_out_bug/sdp-trace/internal/witness/profiles_ci_validation_identity.go:21.2,21.40 1 1
github.com/fall_out_bug/sdp-trace/internal/witness/profiles_ci_validation_identity.go:21.40,23.3 1 1
github.com/fall_out_bug/sdp-trace/internal/witness/profiles_ci_validation_identity.go:24.2,24.26 1 1
github.com/fall_out_bug/sdp-trace/internal/witness/profiles_ci_validation_states.go:3.69,10.81 1 1
github.com/fall_out_bug/sdp-trace/internal/witness/profiles_ci_validation_states.go:10.81,12.3 1 1
github.com/fall_out_bug/sdp-trace/internal/witness/profiles_ci_validation_states.go:13.2,13.80 1 1
github.com/fall_out_bug/sdp-trace/internal/witness/profiles_ci_validation_states.go:13.80,15.3 1 1
github.com/fall_out_bug/sdp-trace/internal/witness/profiles_ci_validation_states.go:16.2,16.36 1 1
github.com/fall_out_bug/sdp-trace/internal/witness/profiles_ci_validation_states.go:16.36,18.3 1 1
github.com/fall_out_bug/sdp-trace/internal/witness/profiles_ci_validation_states.go:19.2,19.26 1 1
github.com/fall_out_bug/sdp-trace/internal/witness/profiles_ci_validation_states.go:22.77,26.90 1 1
github.com/fall_out_bug/sdp-trace/internal/witness/profiles_ci_validation_states.go:26.90,28.3 1 1
github.com/fall_out_bug/sdp-trace/internal/witness/profiles_ci_validation_states.go:29.2,29.49 1 1
github.com/fall_out_bug/sdp-trace/internal/witness/profiles_customer_pki_authority.go:7.183,11.9 2 1
github.com/fall_out_bug/sdp-trace/internal/witness/profiles_customer_pki_authority.go:11.9,13.3 1 1
github.com/fall_out_bug/sdp-trace/internal/witness/profiles_customer_pki_authority.go:14.2,14.23 1 1
github.com/fall_out_bug/sdp-trace/internal/witness/profiles_customer_pki_authority.go:14.23,18.3 3 1
github.com/fall_out_bug/sdp-trace/internal/witness/profiles_customer_pki_authority.go:19.2,20.14 2 1
github.com/fall_out_bug/sdp-trace/internal/witness/profiles_customer_pki_authority.go:37.174,43.88 1 1
github.com/fall_out_bug/sdp-trace/internal/witness/profiles_customer_pki_authority.go:43.88,44.22 1 1
github.com/fall_out_bug/sdp-trace/internal/witness/profiles_customer_pki_authority.go:44.22,51.4 1 1
github.com/fall_out_bug/sdp-trace/internal/witness/profiles_customer_pki_authority.go:53.2,53.43 1 1
github.com/fall_out_bug/sdp-trace/internal/witness/profiles_customer_pki_authority_checks.go:7.172,11.72 1 1
github.com/fall_out_bug/sdp-trace/internal/witness/profiles_customer_pki_authority_checks.go:11.72,11.127 1 1
github.com/fall_out_bug/sdp-trace/internal/witness/profiles_customer_pki_authority_checks.go:12.72,12.130 1 1
github.com/fall_out_bug/sdp-trace/internal/witness/profiles_customer_pki_authority_checks.go:13.72,13.133 1 1
github.com/fall_out_bug/sdp-trace/internal/witness/profiles_customer_pki_authority_checks.go:14.89,14.147 1 1
github.com/fall_out_bug/sdp-trace/internal/witness/profiles_customer_pki_authority_checks.go:15.69,15.106 1 1
github.com/fall_out_bug/sdp-trace/internal/witness/profiles_customer_pki_authority_checks.go:19.112,20.43 1 1
github.com/fall_out_bug/sdp-trace/internal/witness/profiles_customer_pki_authority_checks.go:20.43,24.3 1 1
github.com/fall_out_bug/sdp-trace/internal/witness/profiles_customer_pki_authority_checks.go:25.2,25.34 1 1
github.com/fall_out_bug/sdp-trace/internal/witness/profiles_customer_pki_authority_checks.go:25.34,28.3 1 1
github.com/fall_out_bug/sdp-trace/internal/witness/profiles_customer_pki_authority_checks.go:29.2,29.53 1 1
github.com/fall_out_bug/sdp-trace/internal/witness/profiles_customer_pki_authority_checks.go:32.104,36.2 1 1
github.com/fall_out_bug/sdp-trace/internal/witness/profiles_customer_pki_authority_checks.go:38.118,42.2 1 1
github.com/fall_out_bug/sdp-trace/internal/witness/profiles_customer_pki_authority_checks.go:44.86,48.2 1 1
github.com/fall_out_bug/sdp-trace/internal/witness/profiles_customer_pki_authority_checks.go:50.65,54.2 1 1
github.com/fall_out_bug/sdp-trace/internal/witness/profiles_customer_pki_build.go:7.88,15.16 2 1
github.com/fall_out_bug/sdp-trace/internal/witness/profiles_customer_pki_build.go:15.16,17.3 1 0
github.com/fall_out_bug/sdp-trace/internal/witness/profiles_customer_pki_build.go:20.2,21.9 2 1
github.com/fall_out_bug/sdp-trace/internal/witness/profiles_customer_pki_build.go:21.9,23.3 1 1
github.com/fall_out_bug/sdp-trace/internal/witness/profiles_customer_pki_build.go:24.2,24.148 1 1
github.com/fall_out_bug/sdp-trace/internal/witness/profiles_customer_pki_build.go:24.148,26.3 1 1
github.com/fall_out_bug/sdp-trace/internal/witness/profiles_customer_pki_build.go:27.2,28.20 2 1
github.com/fall_out_bug/sdp-trace/internal/witness/profiles_customer_pki_build.go:38.108,42.9 2 1
github.com/fall_out_bug/sdp-trace/internal/witness/profiles_customer_pki_build.go:42.9,44.3 1 1
github.com/fall_out_bug/sdp-trace/internal/witness/profiles_customer_pki_build.go:45.2,48.118 4 1
github.com/fall_out_bug/sdp-trace/internal/witness/profiles_customer_pki_freshness.go:7.151,8.75 1 1
github.com/fall_out_bug/sdp-trace/internal/witness/profiles_customer_pki_freshness.go:8.75,13.3 2 1
github.com/fall_out_bug/sdp-trace/internal/witness/profiles_customer_pki_freshness.go:14.2,14.52 1 1
github.com/fall_out_bug/sdp-trace/internal/witness/profiles_customer_pki_freshness.go:14.52,19.3 2 1
github.com/fall_out_bug/sdp-trace/internal/witness/profiles_customer_pki_freshness.go:20.2,20.46 1 1
github.com/fall_out_bug/sdp-trace/internal/witness/profiles_customer_pki_freshness.go:20.46,25.3 2 1
github.com/fall_out_bug/sdp-trace/internal/witness/profiles_customer_pki_freshness.go:26.2,26.13 1 1
github.com/fall_out_bug/sdp-trace/internal/witness/profiles_customer_pki_freshness.go:29.66,33.2 1 1
github.com/fall_out_bug/sdp-trace/internal/witness/profiles_customer_pki_freshness.go:35.83,40.2 2 1
github.com/fall_out_bug/sdp-trace/internal/witness/profiles_customer_pki_freshness.go:42.64,44.19 2 1
github.com/fall_out_bug/sdp-trace/internal/witness/profiles_customer_pki_freshness.go:44.19,47.40 1 0
github.com/fall_out_bug/sdp-trace/internal/witness/profiles_customer_pki_freshness.go:47.40,47.76 1 0
github.com/fall_out_bug/sdp-trace/internal/witness/profiles_customer_pki_freshness.go:49.2,49.16 1 1
github.com/fall_out_bug/sdp-trace/internal/witness/profiles_customer_pki_inputs.go:8.61,12.59 2 1
github.com/fall_out_bug/sdp-trace/internal/witness/profiles_customer_pki_inputs.go:12.59,13.37 1 1
github.com/fall_out_bug/sdp-trace/internal/witness/profiles_customer_pki_inputs.go:13.37,15.4 1 1
github.com/fall_out_bug/sdp-trace/internal/witness/profiles_customer_pki_inputs.go:17.2,17.56 1 1
github.com/fall_out_bug/sdp-trace/internal/witness/profiles_customer_pki_inputs.go:20.87,23.111 1 1
github.com/fall_out_bug/sdp-trace/internal/witness/profiles_customer_pki_inputs.go:23.111,25.3 1 1
github.com/fall_out_bug/sdp-trace/internal/witness/profiles_customer_pki_inputs.go:26.2,27.16 2 1
github.com/fall_out_bug/sdp-trace/internal/witness/profiles_customer_pki_inputs.go:30.71,38.2 1 1
github.com/fall_out_bug/sdp-trace/internal/witness/profiles_customer_pki_key_input.go:9.40,10.35 1 1
github.com/fall_out_bug/sdp-trace/internal/witness/profiles_customer_pki_key_input.go:10.35,12.3 1 1
github.com/fall_out_bug/sdp-trace/internal/witness/profiles_customer_pki_key_input.go:15.2,16.16 2 1
github.com/fall_out_bug/sdp-trace/internal/witness/profiles_customer_pki_key_input.go:16.16,18.3 1 0
github.com/fall_out_bug/sdp-trace/internal/witness/profiles_customer_pki_key_input.go:19.2,19.32 1 1
github.com/fall_out_bug/sdp-trace/internal/witness/profiles_customer_pki_key_input.go:22.76,26.16 2 1
github.com/fall_out_bug/sdp-trace/internal/witness/profiles_customer_pki_key_input.go:26.16,28.3 1 0
github.com/fall_out_bug/sdp-trace/internal/witness/profiles_customer_pki_key_input.go:29.2,29.39 1 1
github.com/fall_out_bug/sdp-trace/internal/witness/profiles_customer_pki_key_input.go:32.59,33.37 1 1
github.com/fall_out_bug/sdp-trace/internal/witness/profiles_customer_pki_key_input.go:33.37,37.3 1 1
github.com/fall_out_bug/sdp-trace/internal/witness/profiles_customer_pki_key_input.go:38.2,38.34 1 1
github.com/fall_out_bug/sdp-trace/internal/witness/profiles_customer_pki_key_parse.go:10.71,11.29 1 1
github.com/fall_out_bug/sdp-trace/internal/witness/profiles_customer_pki_key_parse.go:11.29,14.3 1 0
github.com/fall_out_bug/sdp-trace/internal/witness/profiles_customer_pki_key_parse.go:15.2,16.18 2 1
github.com/fall_out_bug/sdp-trace/internal/witness/profiles_customer_pki_key_parse.go:16.18,18.3 1 0
github.com/fall_out_bug/sdp-trace/internal/witness/profiles_customer_pki_key_parse.go:19.2,19.33 1 1
github.com/fall_out_bug/sdp-trace/internal/witness/profiles_customer_pki_key_parse.go:19.33,23.3 1 1
github.com/fall_out_bug/sdp-trace/internal/witness/profiles_customer_pki_key_parse.go:24.2,24.40 1 1
github.com/fall_out_bug/sdp-trace/internal/witness/profiles_customer_pki_key_parse.go:27.71,29.16 2 1
github.com/fall_out_bug/sdp-trace/internal/witness/profiles_customer_pki_key_parse.go:29.16,31.3 1 0
github.com/fall_out_bug/sdp-trace/internal/witness/profiles_customer_pki_key_parse.go:34.2,35.9 2 1
github.com/fall_out_bug/sdp-trace/internal/witness/profiles_customer_pki_key_parse.go:35.9,37.3 1 0
github.com/fall_out_bug/sdp-trace/internal/witness/profiles_customer_pki_key_parse.go:38.2,38.17 1 1
github.com/fall_out_bug/sdp-trace/internal/witness/profiles_customer_pki_key_parse.go:41.64,43.16 2 1
github.com/fall_out_bug/sdp-trace/internal/witness/profiles_customer_pki_key_parse.go:43.16,45.3 1 0
github.com/fall_out_bug/sdp-trace/internal/witness/profiles_customer_pki_key_parse.go:48.2,49.9 2 1
github.com/fall_out_bug/sdp-trace/internal/witness/profiles_customer_pki_key_parse.go:49.9,51.3 1 0
github.com/fall_out_bug/sdp-trace/internal/witness/profiles_customer_pki_key_parse.go:52.2,52.19 1 1
github.com/fall_out_bug/sdp-trace/internal/witness/profiles_customer_pki_load.go:7.149,8.65 1 1
github.com/fall_out_bug/sdp-trace/internal/witness/profiles_customer_pki_load.go:8.65,14.3 3 0
github.com/fall_out_bug/sdp-trace/internal/witness/profiles_customer_pki_load.go:15.2,15.95 1 1
github.com/fall_out_bug/sdp-trace/internal/witness/profiles_customer_pki_load.go:15.95,20.3 2 1
github.com/fall_out_bug/sdp-trace/internal/witness/profiles_customer_pki_load.go:21.2,21.48 1 1
github.com/fall_out_bug/sdp-trace/internal/witness/profiles_customer_pki_load.go:24.153,28.16 2 1
github.com/fall_out_bug/sdp-trace/internal/witness/profiles_customer_pki_load.go:28.16,31.3 2 0
github.com/fall_out_bug/sdp-trace/internal/witness/profiles_customer_pki_load.go:32.2,33.41 2 1
github.com/fall_out_bug/sdp-trace/internal/witness/profiles_customer_pki_load.go:36.134,38.79 2 1
github.com/fall_out_bug/sdp-trace/internal/witness/profiles_customer_pki_load.go:38.79,43.3 2 0
github.com/fall_out_bug/sdp-trace/internal/witness/profiles_customer_pki_load.go:44.2,45.76 2 1
github.com/fall_out_bug/sdp-trace/internal/witness/profiles_customer_pki_load.go:45.76,50.3 2 0
github.com/fall_out_bug/sdp-trace/internal/witness/profiles_customer_pki_load.go:51.2,51.32 1 1
github.com/fall_out_bug/sdp-trace/internal/witness/profiles_customer_pki_record.go:3.71,14.16 3 1
github.com/fall_out_bug/sdp-trace/internal/witness/profiles_customer_pki_record.go:14.16,16.3 1 0
github.com/fall_out_bug/sdp-trace/internal/witness/profiles_customer_pki_record.go:17.2,18.21 2 1
github.com/fall_out_bug/sdp-trace/internal/witness/profiles_customer_pki_record.go:18.21,20.17 2 0
github.com/fall_out_bug/sdp-trace/internal/witness/profiles_customer_pki_record.go:20.17,22.4 1 0
github.com/fall_out_bug/sdp-trace/internal/witness/profiles_customer_pki_record.go:23.3,23.43 1 0
github.com/fall_out_bug/sdp-trace/internal/witness/profiles_customer_pki_record.go:25.2,29.20 5 1
github.com/fall_out_bug/sdp-trace/internal/witness/profiles_customer_pki_state.go:4.43,4.86 1 1
github.com/fall_out_bug/sdp-trace/internal/witness/profiles_customer_pki_state.go:5.43,5.80 1 1
github.com/fall_out_bug/sdp-trace/internal/witness/profiles_customer_pki_state.go:6.43,6.84 1 1
github.com/fall_out_bug/sdp-trace/internal/witness/profiles_customer_pki_state.go:7.43,7.81 1 1
github.com/fall_out_bug/sdp-trace/internal/witness/profiles_customer_pki_state.go:8.43,8.86 1 1
github.com/fall_out_bug/sdp-trace/internal/witness/profiles_customer_pki_states.go:3.61,8.2 2 0
github.com/fall_out_bug/sdp-trace/internal/witness/profiles_customer_pki_states.go:10.58,15.2 2 1
github.com/fall_out_bug/sdp-trace/internal/witness/profiles_customer_pki_states.go:17.78,31.2 1 1
github.com/fall_out_bug/sdp-trace/internal/witness/profiles_customer_pki_validate.go:7.43,14.2 4 1
github.com/fall_out_bug/sdp-trace/internal/witness/profiles_customer_pki_validate.go:16.212,19.81 1 1
github.com/fall_out_bug/sdp-trace/internal/witness/profiles_customer_pki_validate.go:19.81,21.3 1 1
github.com/fall_out_bug/sdp-trace/internal/witness/profiles_customer_pki_validate.go:22.2,22.87 1 1
github.com/fall_out_bug/sdp-trace/internal/witness/profiles_customer_pki_validate.go:22.87,24.3 1 1
github.com/fall_out_bug/sdp-trace/internal/witness/profiles_customer_pki_validate.go:25.2,25.53 1 1
github.com/fall_out_bug/sdp-trace/internal/witness/profiles_customer_pki_validate.go:25.53,28.3 2 1
github.com/fall_out_bug/sdp-trace/internal/witness/profiles_customer_pki_validate.go:29.2,29.13 1 1
github.com/fall_out_bug/sdp-trace/internal/witness/profiles_env.go:8.44,15.37 2 1
github.com/fall_out_bug/sdp-trace/internal/witness/profiles_env.go:15.37,16.46 1 1
github.com/fall_out_bug/sdp-trace/internal/witness/profiles_env.go:16.46,18.4 1 1
github.com/fall_out_bug/sdp-trace/internal/witness/profiles_env.go:20.2,20.14 1 1
github.com/fall_out_bug/sdp-trace/internal/witness/profiles_envelope_safety.go:7.56,11.2 1 1
github.com/fall_out_bug/sdp-trace/internal/witness/profiles_envelope_safety.go:13.62,33.31 2 1
github.com/fall_out_bug/sdp-trace/internal/witness/profiles_envelope_safety.go:33.31,34.32 1 1
github.com/fall_out_bug/sdp-trace/internal/witness/profiles_envelope_safety.go:34.32,36.4 1 1
github.com/fall_out_bug/sdp-trace/internal/witness/profiles_envelope_safety.go:38.2,38.14 1 1
github.com/fall_out_bug/sdp-trace/internal/witness/profiles_envelope_safety.go:41.64,42.86 1 1
github.com/fall_out_bug/sdp-trace/internal/witness/profiles_envelope_safety.go:42.86,44.79 1 1
github.com/fall_out_bug/sdp-trace/internal/witness/profiles_envelope_safety.go:44.79,46.4 1 0
github.com/fall_out_bug/sdp-trace/internal/witness/profiles_envelope_safety.go:48.2,48.14 1 1
github.com/fall_out_bug/sdp-trace/internal/witness/profiles_envelope_safety.go:51.44,52.17 1 1
github.com/fall_out_bug/sdp-trace/internal/witness/profiles_envelope_safety.go:52.17,54.3 1 1
github.com/fall_out_bug/sdp-trace/internal/witness/profiles_envelope_safety.go:55.2,55.39 1 1
github.com/fall_out_bug/sdp-trace/internal/witness/profiles_envelope_safety.go:55.39,58.3 1 0
github.com/fall_out_bug/sdp-trace/internal/witness/profiles_envelope_safety.go:59.2,60.77 2 1
github.com/fall_out_bug/sdp-trace/internal/witness/profiles_profile_states.go:3.70,16.2 1 1
github.com/fall_out_bug/sdp-trace/internal/witness/profiles_record_base.go:7.37,29.2 1 1
github.com/fall_out_bug/sdp-trace/internal/witness/profiles_record_base.go:31.42,38.2 1 1
github.com/fall_out_bug/sdp-trace/internal/witness/profiles_record_finalize.go:7.51,17.9 2 1
github.com/fall_out_bug/sdp-trace/internal/witness/profiles_record_finalize.go:17.9,20.3 2 0
github.com/fall_out_bug/sdp-trace/internal/witness/profiles_record_finalize.go:21.2,21.34 1 1
github.com/fall_out_bug/sdp-trace/internal/witness/profiles_record_finalize.go:21.34,26.3 2 1
github.com/fall_out_bug/sdp-trace/internal/witness/profiles_record_finalize.go:27.2,27.40 1 1
github.com/fall_out_bug/sdp-trace/internal/witness/profiles_record_finalize.go:30.58,37.2 4 1
github.com/fall_out_bug/sdp-trace/internal/witness/profiles_record_safety.go:7.44,10.32 1 1
github.com/fall_out_bug/sdp-trace/internal/witness/profiles_record_safety.go:10.32,12.3 1 0
github.com/fall_out_bug/sdp-trace/internal/witness/profiles_record_safety.go:13.2,14.59 2 1
github.com/fall_out_bug/sdp-trace/internal/witness/profiles_record_safety.go:17.45,25.2 5 1
github.com/fall_out_bug/sdp-trace/internal/witness/profiles_record_safety.go:27.46,34.29 1 1
github.com/fall_out_bug/sdp-trace/internal/witness/profiles_record_safety.go:34.29,36.3 1 1
github.com/fall_out_bug/sdp-trace/internal/witness/profiles_record_safety.go:39.2,40.45 2 1
github.com/fall_out_bug/sdp-trace/internal/witness/profiles_record_safety.go:40.45,41.37 1 1
github.com/fall_out_bug/sdp-trace/internal/witness/profiles_record_safety.go:41.37,43.4 1 0
github.com/fall_out_bug/sdp-trace/internal/witness/profiles_record_safety.go:45.2,45.22 1 1
github.com/fall_out_bug/sdp-trace/internal/witness/profiles_record_state.go:3.70,11.2 5 1
github.com/fall_out_bug/sdp-trace/internal/witness/profiles_run_binding.go:7.55,8.43 1 1
github.com/fall_out_bug/sdp-trace/internal/witness/profiles_run_binding.go:8.43,11.3 1 0
github.com/fall_out_bug/sdp-trace/internal/witness/profiles_run_binding.go:12.2,13.36 2 1
github.com/fall_out_bug/sdp-trace/internal/witness/profiles_run_binding.go:13.36,15.3 1 0
github.com/fall_out_bug/sdp-trace/internal/witness/profiles_run_binding.go:16.2,16.44 1 1
github.com/fall_out_bug/sdp-trace/internal/witness/profiles_run_binding.go:19.63,22.31 1 1
github.com/fall_out_bug/sdp-trace/internal/witness/profiles_run_binding.go:22.31,23.28 1 1
github.com/fall_out_bug/sdp-trace/internal/witness/profiles_run_binding.go:23.28,25.4 1 1
github.com/fall_out_bug/sdp-trace/internal/witness/profiles_run_binding.go:27.2,27.14 1 1
github.com/fall_out_bug/sdp-trace/internal/witness/profiles_run_dirs.go:3.57,5.33 2 1
github.com/fall_out_bug/sdp-trace/internal/witness/profiles_run_dirs.go:5.33,9.17 2 1
github.com/fall_out_bug/sdp-trace/internal/witness/profiles_run_dirs.go:9.17,11.4 1 1
github.com/fall_out_bug/sdp-trace/internal/witness/profiles_run_dirs.go:12.3,12.9 1 1
github.com/fall_out_bug/sdp-trace/internal/witness/profiles_run_dirs.go:12.9,14.4 1 1
github.com/fall_out_bug/sdp-trace/internal/witness/profiles_run_dirs.go:16.2,16.20 1 1
github.com/fall_out_bug/sdp-trace/internal/witness/profiles_run_dirs.go:19.64,21.16 2 1
github.com/fall_out_bug/sdp-trace/internal/witness/profiles_run_dirs.go:21.16,23.3 1 1
github.com/fall_out_bug/sdp-trace/internal/witness/profiles_run_dirs.go:25.2,25.32 1 1
github.com/fall_out_bug/sdp-trace/internal/witness/profiles_run_discovery.go:7.56,10.16 2 1
github.com/fall_out_bug/sdp-trace/internal/witness/profiles_run_discovery.go:10.16,12.3 1 0
github.com/fall_out_bug/sdp-trace/internal/witness/profiles_run_discovery.go:13.2,13.32 1 1
github.com/fall_out_bug/sdp-trace/internal/witness/profiles_run_id.go:10.50,17.16 2 1
github.com/fall_out_bug/sdp-trace/internal/witness/profiles_run_id.go:17.16,19.3 1 0
github.com/fall_out_bug/sdp-trace/internal/witness/profiles_run_id.go:20.2,21.16 2 1
github.com/fall_out_bug/sdp-trace/internal/witness/profiles_run_id.go:21.16,23.3 1 1
github.com/fall_out_bug/sdp-trace/internal/witness/profiles_run_id.go:24.2,24.44 1 1
github.com/fall_out_bug/sdp-trace/internal/witness/profiles_run_id.go:24.44,26.3 1 1
github.com/fall_out_bug/sdp-trace/internal/witness/profiles_run_id.go:27.2,27.43 1 1
github.com/fall_out_bug/sdp-trace/internal/witness/profiles_run_id.go:30.64,35.2 3 1
github.com/fall_out_bug/sdp-trace/internal/witness/profiles_safe_json.go:9.50,10.27 1 1
github.com/fall_out_bug/sdp-trace/internal/witness/profiles_safe_json.go:10.27,14.3 1 1
github.com/fall_out_bug/sdp-trace/internal/witness/profiles_safe_json.go:15.2,16.16 2 1
github.com/fall_out_bug/sdp-trace/internal/witness/profiles_safe_json.go:16.16,18.3 1 0
github.com/fall_out_bug/sdp-trace/internal/witness/profiles_safe_json.go:19.2,19.29 1 1
github.com/fall_out_bug/sdp-trace/internal/witness/profiles_safe_json.go:19.29,23.3 1 1
github.com/fall_out_bug/sdp-trace/internal/witness/profiles_safe_json.go:24.2,24.36 1 1
github.com/fall_out_bug/sdp-trace/internal/witness/profiles_safe_path.go:9.40,13.38 2 1
github.com/fall_out_bug/sdp-trace/internal/witness/profiles_safe_path.go:13.38,15.3 1 0
github.com/fall_out_bug/sdp-trace/internal/witness/profiles_safe_path.go:16.2,16.33 1 1
github.com/fall_out_bug/sdp-trace/internal/witness/profiles_safe_path.go:19.51,22.2 1 1
github.com/fall_out_bug/sdp-trace/internal/witness/profiles_safe_path.go:24.39,26.2 1 1
github.com/fall_out_bug/sdp-trace/internal/witness/profiles_safe_path.go:28.50,30.2 1 1
github.com/fall_out_bug/sdp-trace/internal/witness/profiles_safe_path.go:32.43,35.2 2 1
github.com/fall_out_bug/sdp-trace/internal/witness/profiles_secret_detection.go:7.42,16.45 2 1
github.com/fall_out_bug/sdp-trace/internal/witness/profiles_secret_detection.go:16.45,17.38 1 1
github.com/fall_out_bug/sdp-trace/internal/witness/profiles_secret_detection.go:17.38,19.4 1 1
github.com/fall_out_bug/sdp-trace/internal/witness/profiles_secret_detection.go:21.2,21.23 1 1
github.com/fall_out_bug/sdp-trace/internal/witness/profiles_secret_detection.go:24.32,27.49 1 1
github.com/fall_out_bug/sdp-trace/internal/witness/profiles_secret_detection.go:27.49,28.26 1 1
github.com/fall_out_bug/sdp-trace/internal/witness/profiles_secret_detection.go:28.26,30.4 1 1
github.com/fall_out_bug/sdp-trace/internal/witness/profiles_secret_detection.go:32.2,32.14 1 1
github.com/fall_out_bug/sdp-trace/internal/witness/profiles_secret_detection.go:35.47,38.52 1 1
github.com/fall_out_bug/sdp-trace/internal/witness/profiles_secret_detection.go:38.52,39.12 1 1
github.com/fall_out_bug/sdp-trace/internal/witness/profiles_secret_detection.go:40.81,41.15 1 1
github.com/fall_out_bug/sdp-trace/internal/witness/profiles_secret_detection.go:42.11,43.16 1 1
github.com/fall_out_bug/sdp-trace/internal/witness/profiles_secret_detection.go:48.38,53.2 2 1
github.com/fall_out_bug/sdp-trace/internal/witness/profiles_signature_digest.go:9.38,14.2 2 1
github.com/fall_out_bug/sdp-trace/internal/witness/profiles_signature_digest.go:16.38,17.21 1 1
github.com/fall_out_bug/sdp-trace/internal/witness/profiles_signature_digest.go:17.21,20.3 1 1
github.com/fall_out_bug/sdp-trace/internal/witness/profiles_signature_digest.go:21.2,22.19 2 1
github.com/fall_out_bug/sdp-trace/internal/witness/profiles_signature_digest.go:25.51,26.36 1 1
github.com/fall_out_bug/sdp-trace/internal/witness/profiles_signature_digest.go:26.36,30.3 1 1
github.com/fall_out_bug/sdp-trace/internal/witness/profiles_signature_digest.go:31.2,31.14 1 1
github.com/fall_out_bug/sdp-trace/internal/witness/profiles_signature_time.go:7.82,9.54 2 1
github.com/fall_out_bug/sdp-trace/internal/witness/profiles_signature_time.go:9.54,13.3 1 0
github.com/fall_out_bug/sdp-trace/internal/witness/profiles_signature_time.go:14.2,14.61 1 1
github.com/fall_out_bug/sdp-trace/internal/witness/profiles_signature_time.go:17.76,18.26 1 1
github.com/fall_out_bug/sdp-trace/internal/witness/profiles_signature_time.go:18.26,22.3 1 0
github.com/fall_out_bug/sdp-trace/internal/witness/profiles_signature_time.go:23.2,24.46 2 1
github.com/fall_out_bug/sdp-trace/internal/witness/profiles_signature_verify.go:9.104,11.16 2 1
github.com/fall_out_bug/sdp-trace/internal/witness/profiles_signature_verify.go:11.16,13.3 1 0
github.com/fall_out_bug/sdp-trace/internal/witness/profiles_signature_verify.go:16.2,16.81 1 1
github.com/fall_out_bug/sdp-trace/internal/witness/profiles_signature_verify.go:19.69,31.2 1 1
github.com/fall_out_bug/sdp-trace/internal/witness/profiles_write.go:11.99,12.38 1 1
github.com/fall_out_bug/sdp-trace/internal/witness/profiles_write.go:12.38,14.3 1 0
github.com/fall_out_bug/sdp-trace/internal/witness/profiles_write.go:17.2,18.16 2 1
github.com/fall_out_bug/sdp-trace/internal/witness/profiles_write.go:18.16,20.3 1 0
github.com/fall_out_bug/sdp-trace/internal/witness/profiles_write.go:21.2,21.60 1 1
github.com/fall_out_bug/sdp-trace/internal/witness/profiles_write.go:21.60,23.3 1 0
github.com/fall_out_bug/sdp-trace/internal/witness/profiles_write.go:24.2,24.20 1 1
github.com/fall_out_bug/sdp-trace/internal/witness/profiles_write.go:27.98,32.16 2 1
github.com/fall_out_bug/sdp-trace/internal/witness/profiles_write.go:32.16,34.3 1 0
github.com/fall_out_bug/sdp-trace/internal/witness/profiles_write.go:35.2,35.44 1 1
github.com/fall_out_bug/sdp-trace/internal/witness/profiles_write.go:38.62,41.66 1 1
github.com/fall_out_bug/sdp-trace/internal/witness/profiles_write.go:41.66,43.3 1 0
github.com/fall_out_bug/sdp-trace/internal/witness/profiles_write.go:44.2,45.16 2 1
github.com/fall_out_bug/sdp-trace/internal/witness/profiles_write.go:45.16,47.3 1 0
github.com/fall_out_bug/sdp-trace/internal/witness/profiles_write.go:48.2,48.73 1 1
github.com/fall_out_bug/sdp-trace/internal/witness/profiles_write.go:48.73,50.3 1 0
github.com/fall_out_bug/sdp-trace/internal/witness/profiles_write.go:51.2,51.12 1 1
github.com/fall_out_bug/sdp-trace/internal/witness/report_artifacts.go:9.70,13.16 2 1
github.com/fall_out_bug/sdp-trace/internal/witness/report_artifacts.go:13.16,15.3 1 0
github.com/fall_out_bug/sdp-trace/internal/witness/report_artifacts.go:16.2,16.54 1 1
github.com/fall_out_bug/sdp-trace/internal/witness/report_artifacts.go:19.99,23.32 2 1
github.com/fall_out_bug/sdp-trace/internal/witness/report_artifacts.go:23.32,24.37 1 1
github.com/fall_out_bug/sdp-trace/internal/witness/report_artifacts.go:24.37,25.12 1 0
github.com/fall_out_bug/sdp-trace/internal/witness/report_artifacts.go:27.3,28.17 2 1
github.com/fall_out_bug/sdp-trace/internal/witness/report_artifacts.go:28.17,30.4 1 0
github.com/fall_out_bug/sdp-trace/internal/witness/report_artifacts.go:31.3,31.42 1 1
github.com/fall_out_bug/sdp-trace/internal/witness/report_artifacts.go:33.2,33.44 1 1
github.com/fall_out_bug/sdp-trace/internal/witness/report_artifacts.go:33.44,35.3 1 0
github.com/fall_out_bug/sdp-trace/internal/witness/report_artifacts.go:36.2,36.23 1 1
github.com/fall_out_bug/sdp-trace/internal/witness/report_artifacts.go:39.54,43.2 1 1
github.com/fall_out_bug/sdp-trace/internal/witness/report_artifacts.go:45.73,49.16 2 1
github.com/fall_out_bug/sdp-trace/internal/witness/report_artifacts.go:49.16,51.3 1 0
github.com/fall_out_bug/sdp-trace/internal/witness/report_artifacts.go:52.2,52.74 1 1
github.com/fall_out_bug/sdp-trace/internal/repoobserver/config.go:14.64,17.29 1 1
github.com/fall_out_bug/sdp-trace/internal/repoobserver/config.go:17.29,21.3 1 1
github.com/fall_out_bug/sdp-trace/internal/repoobserver/config.go:22.2,22.41 1 1
github.com/fall_out_bug/sdp-trace/internal/repoobserver/config.go:25.64,29.36 2 1
github.com/fall_out_bug/sdp-trace/internal/repoobserver/config.go:29.36,31.3 1 1
github.com/fall_out_bug/sdp-trace/internal/repoobserver/config.go:32.2,32.16 1 1
github.com/fall_out_bug/sdp-trace/internal/repoobserver/config.go:32.16,34.3 1 0
github.com/fall_out_bug/sdp-trace/internal/repoobserver/config.go:35.2,35.31 1 1
github.com/fall_out_bug/sdp-trace/internal/repoobserver/config.go:35.31,37.3 1 1
github.com/fall_out_bug/sdp-trace/internal/repoobserver/config.go:38.2,38.18 1 1
github.com/fall_out_bug/sdp-trace/internal/repoobserver/config.go:41.52,42.78 1 1
github.com/fall_out_bug/sdp-trace/internal/repoobserver/config.go:42.78,45.3 1 0
github.com/fall_out_bug/sdp-trace/internal/repoobserver/config.go:46.2,46.128 1 1
github.com/fall_out_bug/sdp-trace/internal/repoobserver/config.go:49.63,50.68 1 1
github.com/fall_out_bug/sdp-trace/internal/repoobserver/config.go:50.68,54.3 1 1
github.com/fall_out_bug/sdp-trace/internal/repoobserver/config.go:55.2,55.12 1 1
github.com/fall_out_bug/sdp-trace/internal/repoobserver/content_summary.go:10.41,14.19 3 1
github.com/fall_out_bug/sdp-trace/internal/repoobserver/content_summary.go:14.19,17.32 2 1
github.com/fall_out_bug/sdp-trace/internal/repoobserver/content_summary.go:17.32,19.4 1 0
github.com/fall_out_bug/sdp-trace/internal/repoobserver/content_summary.go:21.2,21.102 1 1
github.com/fall_out_bug/sdp-trace/internal/repoobserver/git.go:9.45,12.16 2 1
github.com/fall_out_bug/sdp-trace/internal/repoobserver/git.go:12.16,14.3 1 0
github.com/fall_out_bug/sdp-trace/internal/repoobserver/git.go:15.2,15.44 1 1
github.com/fall_out_bug/sdp-trace/internal/repoobserver/git.go:18.52,22.16 2 1
github.com/fall_out_bug/sdp-trace/internal/repoobserver/git.go:22.16,24.3 1 1
github.com/fall_out_bug/sdp-trace/internal/repoobserver/git.go:25.2,25.39 1 1
github.com/fall_out_bug/sdp-trace/internal/repoobserver/git.go:28.48,32.16 3 1
github.com/fall_out_bug/sdp-trace/internal/repoobserver/git.go:32.16,34.3 1 0
github.com/fall_out_bug/sdp-trace/internal/repoobserver/git.go:35.2,35.12 1 1
github.com/fall_out_bug/sdp-trace/internal/repoobserver/install.go:3.61,8.54 1 1
github.com/fall_out_bug/sdp-trace/internal/repoobserver/install.go:8.54,10.3 1 1
github.com/fall_out_bug/sdp-trace/internal/repoobserver/install.go:11.2,12.16 2 1
github.com/fall_out_bug/sdp-trace/internal/repoobserver/install.go:12.16,14.3 1 0
github.com/fall_out_bug/sdp-trace/internal/repoobserver/install.go:15.2,16.16 2 1
github.com/fall_out_bug/sdp-trace/internal/repoobserver/install.go:16.16,18.3 1 0
github.com/fall_out_bug/sdp-trace/internal/repoobserver/install.go:19.2,20.48 2 1
github.com/fall_out_bug/sdp-trace/internal/repoobserver/install_entry.go:3.44,7.16 2 1
github.com/fall_out_bug/sdp-trace/internal/repoobserver/install_entry.go:7.16,9.3 1 0
github.com/fall_out_bug/sdp-trace/internal/repoobserver/install_entry.go:10.2,11.16 2 1
github.com/fall_out_bug/sdp-trace/internal/repoobserver/install_entry.go:11.16,13.3 1 0
github.com/fall_out_bug/sdp-trace/internal/repoobserver/install_entry.go:14.2,14.17 1 1
github.com/fall_out_bug/sdp-trace/internal/repoobserver/install_entry.go:14.17,16.3 1 1
github.com/fall_out_bug/sdp-trace/internal/repoobserver/install_entry.go:17.2,17.39 1 1
github.com/fall_out_bug/sdp-trace/internal/repoobserver/install_entry.go:20.68,25.16 3 1
github.com/fall_out_bug/sdp-trace/internal/repoobserver/install_entry.go:25.16,27.3 1 1
github.com/fall_out_bug/sdp-trace/internal/repoobserver/install_entry.go:28.2,30.20 3 1
github.com/fall_out_bug/sdp-trace/internal/repoobserver/install_gitignore.go:9.59,16.36 3 1
github.com/fall_out_bug/sdp-trace/internal/repoobserver/install_gitignore.go:16.36,18.3 1 1
github.com/fall_out_bug/sdp-trace/internal/repoobserver/install_gitignore.go:19.2,19.16 1 1
github.com/fall_out_bug/sdp-trace/internal/repoobserver/install_gitignore.go:19.16,21.3 1 0
github.com/fall_out_bug/sdp-trace/internal/repoobserver/install_gitignore.go:22.2,24.16 3 1
github.com/fall_out_bug/sdp-trace/internal/repoobserver/install_gitignore.go:24.16,26.3 1 1
github.com/fall_out_bug/sdp-trace/internal/repoobserver/install_gitignore.go:27.2,27.42 1 1
github.com/fall_out_bug/sdp-trace/internal/repoobserver/install_gitignore_block.go:12.51,16.15 2 1
github.com/fall_out_bug/sdp-trace/internal/repoobserver/install_gitignore_block.go:16.15,18.3 1 1
github.com/fall_out_bug/sdp-trace/internal/repoobserver/install_gitignore_block.go:19.2,20.17 2 1
github.com/fall_out_bug/sdp-trace/internal/repoobserver/install_gitignore_block.go:20.17,22.3 1 0
github.com/fall_out_bug/sdp-trace/internal/repoobserver/install_gitignore_block.go:24.2,24.45 1 1
github.com/fall_out_bug/sdp-trace/internal/repoobserver/install_gitignore_update.go:9.120,19.57 2 1
github.com/fall_out_bug/sdp-trace/internal/repoobserver/install_gitignore_update.go:19.57,21.3 1 1
github.com/fall_out_bug/sdp-trace/internal/repoobserver/install_gitignore_update.go:22.2,22.17 1 1
github.com/fall_out_bug/sdp-trace/internal/repoobserver/install_gitignore_update.go:22.17,24.3 1 1
github.com/fall_out_bug/sdp-trace/internal/repoobserver/install_gitignore_update.go:25.2,25.63 1 1
github.com/fall_out_bug/sdp-trace/internal/repoobserver/install_gitignore_update.go:25.63,27.3 1 0
github.com/fall_out_bug/sdp-trace/internal/repoobserver/install_gitignore_update.go:28.2,29.91 2 1
github.com/fall_out_bug/sdp-trace/internal/repoobserver/install_gitignore_update.go:32.78,43.2 1 1
github.com/fall_out_bug/sdp-trace/internal/repoobserver/install_gitignore_update.go:45.70,48.69 1 1
github.com/fall_out_bug/sdp-trace/internal/repoobserver/install_gitignore_update.go:48.69,50.3 1 1
github.com/fall_out_bug/sdp-trace/internal/repoobserver/install_gitignore_update.go:51.2,52.53 2 1
github.com/fall_out_bug/sdp-trace/internal/repoobserver/install_hooks_path.go:8.91,14.59 2 1
github.com/fall_out_bug/sdp-trace/internal/repoobserver/install_hooks_path.go:14.59,22.3 1 0
github.com/fall_out_bug/sdp-trace/internal/repoobserver/install_hooks_path.go:23.2,23.87 1 1
github.com/fall_out_bug/sdp-trace/internal/repoobserver/install_hooks_path.go:23.87,25.3 1 0
github.com/fall_out_bug/sdp-trace/internal/repoobserver/install_hooks_path.go:26.2,26.23 1 1
github.com/fall_out_bug/sdp-trace/internal/repoobserver/install_hooks_path.go:29.45,31.2 1 1
github.com/fall_out_bug/sdp-trace/internal/repoobserver/install_hooks_path.go:33.50,37.55 2 1
github.com/fall_out_bug/sdp-trace/internal/repoobserver/install_hooks_path.go:37.55,39.3 1 1
github.com/fall_out_bug/sdp-trace/internal/repoobserver/install_hooks_path.go:40.2,40.137 1 1
github.com/fall_out_bug/sdp-trace/internal/repoobserver/install_target.go:8.74,14.16 2 1
github.com/fall_out_bug/sdp-trace/internal/repoobserver/install_target.go:14.16,16.3 1 1
github.com/fall_out_bug/sdp-trace/internal/repoobserver/install_target.go:17.2,19.52 3 1
github.com/fall_out_bug/sdp-trace/internal/repoobserver/install_target.go:19.52,21.3 1 1
github.com/fall_out_bug/sdp-trace/internal/repoobserver/install_target.go:21.8,21.44 1 1
github.com/fall_out_bug/sdp-trace/internal/repoobserver/install_target.go:21.44,23.3 1 0
github.com/fall_out_bug/sdp-trace/internal/repoobserver/install_target.go:24.2,24.41 1 1
github.com/fall_out_bug/sdp-trace/internal/repoobserver/install_target_existing.go:8.136,11.40 1 1
github.com/fall_out_bug/sdp-trace/internal/repoobserver/install_target_existing.go:11.40,12.24 1 1
github.com/fall_out_bug/sdp-trace/internal/repoobserver/install_target_existing.go:12.24,14.4 1 1
github.com/fall_out_bug/sdp-trace/internal/repoobserver/install_target_existing.go:15.3,15.18 1 1
github.com/fall_out_bug/sdp-trace/internal/repoobserver/install_target_existing.go:17.2,17.17 1 1
github.com/fall_out_bug/sdp-trace/internal/repoobserver/install_target_existing.go:17.17,19.3 1 0
github.com/fall_out_bug/sdp-trace/internal/repoobserver/install_target_existing.go:20.2,20.60 1 1
github.com/fall_out_bug/sdp-trace/internal/repoobserver/install_target_new.go:8.88,9.63 1 1
github.com/fall_out_bug/sdp-trace/internal/repoobserver/install_target_new.go:9.63,11.3 1 0
github.com/fall_out_bug/sdp-trace/internal/repoobserver/install_target_new.go:14.2,14.44 1 1
github.com/fall_out_bug/sdp-trace/internal/repoobserver/install_target_overwrite.go:9.118,16.67 1 1
github.com/fall_out_bug/sdp-trace/internal/repoobserver/install_target_overwrite.go:16.67,18.3 1 0
github.com/fall_out_bug/sdp-trace/internal/repoobserver/install_target_overwrite.go:19.2,27.63 2 1
github.com/fall_out_bug/sdp-trace/internal/repoobserver/install_target_overwrite.go:27.63,29.3 1 0
github.com/fall_out_bug/sdp-trace/internal/repoobserver/install_target_overwrite.go:30.2,30.63 1 1
github.com/fall_out_bug/sdp-trace/internal/repoobserver/install_target_path.go:10.70,15.36 3 1
github.com/fall_out_bug/sdp-trace/internal/repoobserver/install_target_path.go:15.36,17.3 1 1
github.com/fall_out_bug/sdp-trace/internal/repoobserver/install_target_path.go:18.2,18.18 1 1
github.com/fall_out_bug/sdp-trace/internal/repoobserver/install_target_path.go:21.55,22.19 1 1
github.com/fall_out_bug/sdp-trace/internal/repoobserver/install_target_path.go:22.19,25.3 1 0
github.com/fall_out_bug/sdp-trace/internal/repoobserver/install_target_path.go:26.2,26.35 1 1
github.com/fall_out_bug/sdp-trace/internal/repoobserver/install_target_path.go:29.45,31.31 1 1
github.com/fall_out_bug/sdp-trace/internal/repoobserver/install_target_path.go:31.31,33.3 1 1
github.com/fall_out_bug/sdp-trace/internal/repoobserver/install_target_path.go:34.2,34.25 1 1
github.com/fall_out_bug/sdp-trace/internal/repoobserver/install_target_path.go:34.25,36.3 1 1
github.com/fall_out_bug/sdp-trace/internal/repoobserver/install_target_path.go:37.2,37.62 1 1
github.com/fall_out_bug/sdp-trace/internal/repoobserver/install_target_path.go:40.48,41.23 1 1
github.com/fall_out_bug/sdp-trace/internal/repoobserver/install_target_path.go:41.23,45.3 1 1
github.com/fall_out_bug/sdp-trace/internal/repoobserver/install_target_path.go:46.2,46.14 1 1
github.com/fall_out_bug/sdp-trace/internal/repoobserver/install_targets.go:9.63,20.2 1 1
github.com/fall_out_bug/sdp-trace/internal/repoobserver/install_targets_write.go:3.63,8.18 2 1
github.com/fall_out_bug/sdp-trace/internal/repoobserver/install_targets_write.go:8.18,10.3 1 0
github.com/fall_out_bug/sdp-trace/internal/repoobserver/install_targets_write.go:11.2,12.54 2 1
github.com/fall_out_bug/sdp-trace/internal/repoobserver/install_targets_write.go:12.54,14.17 2 1
github.com/fall_out_bug/sdp-trace/internal/repoobserver/install_targets_write.go:14.17,16.4 1 0
github.com/fall_out_bug/sdp-trace/internal/repoobserver/install_targets_write.go:17.3,17.44 1 1
github.com/fall_out_bug/sdp-trace/internal/repoobserver/install_targets_write.go:19.2,19.23 1 1
github.com/fall_out_bug/sdp-trace/internal/repoobserver/json.go:10.50,15.35 1 1
github.com/fall_out_bug/sdp-trace/internal/repoobserver/json.go:15.35,17.3 1 1
github.com/fall_out_bug/sdp-trace/internal/repoobserver/json.go:18.2,19.16 2 1
github.com/fall_out_bug/sdp-trace/internal/repoobserver/json.go:19.16,21.3 1 0
github.com/fall_out_bug/sdp-trace/internal/repoobserver/json.go:22.2,23.63 2 1
github.com/fall_out_bug/sdp-trace/internal/repoobserver/json.go:23.63,25.3 1 0
github.com/fall_out_bug/sdp-trace/internal/repoobserver/json.go:26.2,26.40 1 1
github.com/fall_out_bug/sdp-trace/internal/repoobserver/load_config.go:10.50,14.16 2 1
github.com/fall_out_bug/sdp-trace/internal/repoobserver/load_config.go:14.16,16.3 1 1
github.com/fall_out_bug/sdp-trace/internal/repoobserver/load_config.go:17.2,18.54 2 1
github.com/fall_out_bug/sdp-trace/internal/repoobserver/load_config.go:18.54,20.3 1 0
github.com/fall_out_bug/sdp-trace/internal/repoobserver/load_config.go:21.2,21.31 1 1
github.com/fall_out_bug/sdp-trace/internal/repoobserver/options.go:20.54,24.54 2 1
github.com/fall_out_bug/sdp-trace/internal/repoobserver/options.go:24.54,26.3 1 0
github.com/fall_out_bug/sdp-trace/internal/repoobserver/options.go:27.2,28.16 2 1
github.com/fall_out_bug/sdp-trace/internal/repoobserver/options.go:28.16,30.3 1 0
github.com/fall_out_bug/sdp-trace/internal/repoobserver/options.go:31.2,32.98 2 1
github.com/fall_out_bug/sdp-trace/internal/repoobserver/options.go:35.47,36.43 1 1
github.com/fall_out_bug/sdp-trace/internal/repoobserver/options.go:36.43,40.3 1 0
github.com/fall_out_bug/sdp-trace/internal/repoobserver/options.go:41.2,41.13 1 1
github.com/fall_out_bug/sdp-trace/internal/repoobserver/options.go:44.44,45.47 1 1
github.com/fall_out_bug/sdp-trace/internal/repoobserver/options.go:45.47,49.3 1 0
github.com/fall_out_bug/sdp-trace/internal/repoobserver/options.go:50.2,50.12 1 1
github.com/fall_out_bug/sdp-trace/internal/repoobserver/options_clock.go:5.43,6.23 1 1
github.com/fall_out_bug/sdp-trace/internal/repoobserver/options_clock.go:6.23,10.3 1 1
github.com/fall_out_bug/sdp-trace/internal/repoobserver/options_clock.go:11.2,11.13 1 1
github.com/fall_out_bug/sdp-trace/internal/repoobserver/options_root.go:8.58,13.44 1 1
github.com/fall_out_bug/sdp-trace/internal/repoobserver/options_root.go:13.44,15.17 2 1
github.com/fall_out_bug/sdp-trace/internal/repoobserver/options_root.go:15.17,17.4 1 0
github.com/fall_out_bug/sdp-trace/internal/repoobserver/options_root.go:18.3,18.23 1 1
github.com/fall_out_bug/sdp-trace/internal/repoobserver/options_root.go:20.2,21.16 2 1
github.com/fall_out_bug/sdp-trace/internal/repoobserver/options_root.go:21.16,23.3 1 0
github.com/fall_out_bug/sdp-trace/internal/repoobserver/options_root.go:24.2,25.18 2 1
github.com/fall_out_bug/sdp-trace/internal/repoobserver/origin_credentials.go:5.49,6.49 1 1
github.com/fall_out_bug/sdp-trace/internal/repoobserver/origin_credentials.go:6.49,9.3 1 1
github.com/fall_out_bug/sdp-trace/internal/repoobserver/origin_credentials.go:10.2,10.15 1 1
github.com/fall_out_bug/sdp-trace/internal/repoobserver/origin_credentials.go:13.52,15.71 1 1
github.com/fall_out_bug/sdp-trace/internal/repoobserver/origin_credentials.go:15.71,17.3 1 1
github.com/fall_out_bug/sdp-trace/internal/repoobserver/origin_credentials.go:18.2,18.37 1 1
github.com/fall_out_bug/sdp-trace/internal/repoobserver/origin_credentials.go:18.37,20.3 1 1
github.com/fall_out_bug/sdp-trace/internal/repoobserver/origin_credentials.go:21.2,21.15 1 1
github.com/fall_out_bug/sdp-trace/internal/repoobserver/origin_credentials.go:24.50,28.2 2 1
github.com/fall_out_bug/sdp-trace/internal/repoobserver/origin_sanitize.go:5.43,10.23 4 1
github.com/fall_out_bug/sdp-trace/internal/repoobserver/origin_sanitize.go:10.23,12.3 1 1
github.com/fall_out_bug/sdp-trace/internal/repoobserver/origin_sanitize.go:13.2,13.27 1 1
github.com/fall_out_bug/sdp-trace/internal/repoobserver/origin_tail.go:5.56,10.2 3 1
github.com/fall_out_bug/sdp-trace/internal/repoobserver/origin_tail.go:12.44,14.2 1 1
github.com/fall_out_bug/sdp-trace/internal/repoobserver/origin_tail.go:16.39,20.20 3 1
github.com/fall_out_bug/sdp-trace/internal/repoobserver/origin_tail.go:20.20,22.3 1 1
github.com/fall_out_bug/sdp-trace/internal/repoobserver/origin_tail.go:23.2,23.15 1 1
github.com/fall_out_bug/sdp-trace/internal/repoobserver/render.go:5.39,14.2 6 1
github.com/fall_out_bug/sdp-trace/internal/repoobserver/render_diff.go:17.76,20.23 1 1
github.com/fall_out_bug/sdp-trace/internal/repoobserver/render_diff.go:20.23,22.3 1 0
github.com/fall_out_bug/sdp-trace/internal/repoobserver/render_diff.go:23.2,24.31 2 1
github.com/fall_out_bug/sdp-trace/internal/repoobserver/render_diff.go:24.31,26.3 1 1
github.com/fall_out_bug/sdp-trace/internal/repoobserver/render_diff.go:29.68,33.43 2 1
github.com/fall_out_bug/sdp-trace/internal/repoobserver/render_diff.go:33.43,35.3 1 1
github.com/fall_out_bug/sdp-trace/internal/repoobserver/render_diff.go:36.2,36.23 1 1
github.com/fall_out_bug/sdp-trace/internal/repoobserver/render_diff.go:36.23,38.3 1 1
github.com/fall_out_bug/sdp-trace/internal/repoobserver/render_diff.go:39.2,39.21 1 1
github.com/fall_out_bug/sdp-trace/internal/repoobserver/render_header.go:8.63,17.2 6 1
github.com/fall_out_bug/sdp-trace/internal/repoobserver/render_header.go:19.70,20.35 1 1
github.com/fall_out_bug/sdp-trace/internal/repoobserver/render_header.go:20.35,24.3 1 1
github.com/fall_out_bug/sdp-trace/internal/repoobserver/render_header.go:27.66,32.18 2 1
github.com/fall_out_bug/sdp-trace/internal/repoobserver/render_header.go:32.18,34.3 1 1
github.com/fall_out_bug/sdp-trace/internal/repoobserver/render_header.go:35.2,42.3 1 1
github.com/fall_out_bug/sdp-trace/internal/repoobserver/repoobserver.go:3.43,7.16 2 1
github.com/fall_out_bug/sdp-trace/internal/repoobserver/repoobserver.go:7.16,9.3 1 1
github.com/fall_out_bug/sdp-trace/internal/repoobserver/repoobserver.go:10.2,11.16 2 1
github.com/fall_out_bug/sdp-trace/internal/repoobserver/repoobserver.go:11.16,13.3 1 0
github.com/fall_out_bug/sdp-trace/internal/repoobserver/repoobserver.go:14.2,14.33 1 1
github.com/fall_out_bug/sdp-trace/internal/repoobserver/repository_id.go:9.46,12.37 2 1
github.com/fall_out_bug/sdp-trace/internal/repoobserver/repository_id.go:12.37,14.3 1 0
github.com/fall_out_bug/sdp-trace/internal/repoobserver/repository_id.go:15.2,17.50 3 1
github.com/fall_out_bug/sdp-trace/internal/repoobserver/safe_ref.go:5.33,7.15 2 1
github.com/fall_out_bug/sdp-trace/internal/repoobserver/safe_ref.go:7.15,9.3 1 1
github.com/fall_out_bug/sdp-trace/internal/repoobserver/safe_ref.go:12.2,13.64 2 1
github.com/fall_out_bug/sdp-trace/internal/repoobserver/safe_ref.go:13.64,15.3 1 0
github.com/fall_out_bug/sdp-trace/internal/repoobserver/safe_ref.go:18.2,18.12 1 1
github.com/fall_out_bug/sdp-trace/internal/repoobserver/status.go:23.69,37.18 2 1
github.com/fall_out_bug/sdp-trace/internal/repoobserver/status.go:37.18,39.3 1 1
github.com/fall_out_bug/sdp-trace/internal/repoobserver/status.go:40.2,41.20 2 1
github.com/fall_out_bug/sdp-trace/internal/repoobserver/status.go:41.20,43.3 1 1
github.com/fall_out_bug/sdp-trace/internal/repoobserver/status.go:44.2,44.56 1 1
github.com/fall_out_bug/sdp-trace/internal/repoobserver/status.go:47.81,70.2 3 1
github.com/fall_out_bug/sdp-trace/internal/repoobserver/status_git.go:3.54,8.2 1 1
github.com/fall_out_bug/sdp-trace/internal/repoobserver/status_state.go:10.58,19.2 1 1
github.com/fall_out_bug/sdp-trace/internal/repoobserver/surface_actions.go:5.54,10.29 2 1
github.com/fall_out_bug/sdp-trace/internal/repoobserver/surface_actions.go:10.29,11.25 1 1
github.com/fall_out_bug/sdp-trace/internal/repoobserver/surface_actions.go:11.25,12.12 1 1
github.com/fall_out_bug/sdp-trace/internal/repoobserver/surface_actions.go:14.3,14.53 1 1
github.com/fall_out_bug/sdp-trace/internal/repoobserver/surface_actions.go:16.2,16.48 1 1
github.com/fall_out_bug/sdp-trace/internal/repoobserver/surface_actions.go:16.48,18.3 1 1
github.com/fall_out_bug/sdp-trace/internal/repoobserver/surface_actions.go:19.2,19.16 1 1
github.com/fall_out_bug/sdp-trace/internal/repoobserver/surface_actions.go:22.49,24.2 1 1
github.com/fall_out_bug/sdp-trace/internal/repoobserver/surface_actions.go:26.44,28.2 1 1
github.com/fall_out_bug/sdp-trace/internal/repoobserver/surface_ci_artifact_bundle.go:14.52,20.36 4 1
github.com/fall_out_bug/sdp-trace/internal/repoobserver/surface_ci_artifact_bundle.go:20.36,22.3 1 0
github.com/fall_out_bug/sdp-trace/internal/repoobserver/surface_ci_artifact_bundle.go:23.2,23.49 1 1
github.com/fall_out_bug/sdp-trace/internal/repoobserver/surface_ci_artifact_bundle.go:26.68,29.50 1 1
github.com/fall_out_bug/sdp-trace/internal/repoobserver/surface_ci_artifact_bundle.go:29.50,31.3 1 1
github.com/fall_out_bug/sdp-trace/internal/repoobserver/surface_ci_artifact_bundle.go:32.2,32.193 1 0
github.com/fall_out_bug/sdp-trace/internal/repoobserver/surface_ci_artifact_upload.go:15.52,20.77 3 1
github.com/fall_out_bug/sdp-trace/internal/repoobserver/surface_ci_artifact_upload.go:20.77,22.3 1 1
github.com/fall_out_bug/sdp-trace/internal/repoobserver/surface_ci_artifact_upload.go:23.2,23.49 1 1
github.com/fall_out_bug/sdp-trace/internal/repoobserver/surface_ci_artifact_upload.go:26.68,29.50 1 1
github.com/fall_out_bug/sdp-trace/internal/repoobserver/surface_ci_artifact_upload.go:29.50,31.3 1 1
github.com/fall_out_bug/sdp-trace/internal/repoobserver/surface_ci_artifact_upload.go:32.2,32.189 1 0
github.com/fall_out_bug/sdp-trace/internal/repoobserver/surface_ci_workflow.go:14.46,18.16 3 1
github.com/fall_out_bug/sdp-trace/internal/repoobserver/surface_ci_workflow.go:18.16,22.3 3 1
github.com/fall_out_bug/sdp-trace/internal/repoobserver/surface_ci_workflow.go:23.2,23.43 1 1
github.com/fall_out_bug/sdp-trace/internal/repoobserver/surface_ci_workflow.go:26.62,27.36 1 1
github.com/fall_out_bug/sdp-trace/internal/repoobserver/surface_ci_workflow.go:27.36,31.3 1 1
github.com/fall_out_bug/sdp-trace/internal/repoobserver/surface_ci_workflow.go:32.2,32.178 1 0
github.com/fall_out_bug/sdp-trace/internal/repoobserver/surface_construct.go:20.85,33.2 1 1
github.com/fall_out_bug/sdp-trace/internal/repoobserver/surface_files.go:11.72,16.16 3 1
github.com/fall_out_bug/sdp-trace/internal/repoobserver/surface_files.go:16.16,18.3 1 1
github.com/fall_out_bug/sdp-trace/internal/repoobserver/surface_files.go:19.2,19.36 1 1
github.com/fall_out_bug/sdp-trace/internal/repoobserver/surface_files.go:19.36,21.3 1 1
github.com/fall_out_bug/sdp-trace/internal/repoobserver/surface_files.go:22.2,22.176 1 0
github.com/fall_out_bug/sdp-trace/internal/repoobserver/surface_gaps.go:5.40,8.29 2 1
github.com/fall_out_bug/sdp-trace/internal/repoobserver/surface_gaps.go:8.29,10.10 2 1
github.com/fall_out_bug/sdp-trace/internal/repoobserver/surface_gaps.go:10.10,11.12 1 0
github.com/fall_out_bug/sdp-trace/internal/repoobserver/surface_gaps.go:13.3,13.27 1 1
github.com/fall_out_bug/sdp-trace/internal/repoobserver/surface_gaps.go:15.2,15.13 1 1
github.com/fall_out_bug/sdp-trace/internal/repoobserver/surface_gaps.go:18.43,21.62 1 1
github.com/fall_out_bug/sdp-trace/internal/repoobserver/surface_gaps.go:21.62,23.3 1 1
github.com/fall_out_bug/sdp-trace/internal/repoobserver/surface_gaps.go:24.2,24.31 1 1
github.com/fall_out_bug/sdp-trace/internal/repoobserver/surface_gaps.go:24.31,26.3 1 1
github.com/fall_out_bug/sdp-trace/internal/repoobserver/surface_gaps.go:27.2,27.90 1 1
github.com/fall_out_bug/sdp-trace/internal/repoobserver/surface_gaps.go:30.45,34.2 1 1
github.com/fall_out_bug/sdp-trace/internal/repoobserver/surface_gaps.go:36.36,38.2 1 1
github.com/fall_out_bug/sdp-trace/internal/repoobserver/surface_gaps.go:40.34,41.24 1 1
github.com/fall_out_bug/sdp-trace/internal/repoobserver/surface_gaps.go:41.24,44.3 1 1
github.com/fall_out_bug/sdp-trace/internal/repoobserver/surface_gaps.go:45.2,45.21 1 1
github.com/fall_out_bug/sdp-trace/internal/repoobserver/surface_gitignore.go:10.45,15.16 3 1
github.com/fall_out_bug/sdp-trace/internal/repoobserver/surface_gitignore.go:15.16,17.3 1 1
github.com/fall_out_bug/sdp-trace/internal/repoobserver/surface_gitignore.go:18.2,18.36 1 1
github.com/fall_out_bug/sdp-trace/internal/repoobserver/surface_gitignore.go:18.36,20.3 1 1
github.com/fall_out_bug/sdp-trace/internal/repoobserver/surface_gitignore.go:21.2,21.180 1 0
github.com/fall_out_bug/sdp-trace/internal/repoobserver/surface_gitignore.go:24.56,25.94 1 1
github.com/fall_out_bug/sdp-trace/internal/repoobserver/surface_gitignore.go:25.94,28.3 1 1
github.com/fall_out_bug/sdp-trace/internal/repoobserver/surface_gitignore.go:29.2,29.37 1 0
github.com/fall_out_bug/sdp-trace/internal/repoobserver/surface_gitignore.go:32.50,34.2 1 1
github.com/fall_out_bug/sdp-trace/internal/repoobserver/surface_hook_script.go:9.64,15.16 4 1
github.com/fall_out_bug/sdp-trace/internal/repoobserver/surface_hook_script.go:15.16,17.3 1 1
github.com/fall_out_bug/sdp-trace/internal/repoobserver/surface_hook_script.go:18.2,18.51 1 1
github.com/fall_out_bug/sdp-trace/internal/repoobserver/surface_hook_script.go:18.51,20.3 1 0
github.com/fall_out_bug/sdp-trace/internal/repoobserver/surface_hook_script.go:21.2,21.159 1 1
github.com/fall_out_bug/sdp-trace/internal/repoobserver/surface_hook_script.go:24.74,26.18 1 1
github.com/fall_out_bug/sdp-trace/internal/repoobserver/surface_hook_script.go:26.18,28.3 1 0
github.com/fall_out_bug/sdp-trace/internal/repoobserver/surface_hook_script.go:29.2,30.28 2 1
github.com/fall_out_bug/sdp-trace/internal/repoobserver/surface_hook_script.go:30.28,32.3 1 1
github.com/fall_out_bug/sdp-trace/internal/repoobserver/surface_hook_script.go:33.2,33.169 1 1
github.com/fall_out_bug/sdp-trace/internal/repoobserver/surface_hooks.go:15.45,19.26 2 1
github.com/fall_out_bug/sdp-trace/internal/repoobserver/surface_hooks.go:19.26,21.3 1 1
github.com/fall_out_bug/sdp-trace/internal/repoobserver/surface_hooks.go:22.2,22.17 1 1
github.com/fall_out_bug/sdp-trace/internal/repoobserver/surface_hooks.go:22.17,24.3 1 1
github.com/fall_out_bug/sdp-trace/internal/repoobserver/surface_hooks.go:25.2,25.225 1 1
github.com/fall_out_bug/sdp-trace/internal/repoobserver/surface_install_aggregate.go:3.55,7.29 2 1
github.com/fall_out_bug/sdp-trace/internal/repoobserver/surface_install_aggregate.go:7.29,8.42 1 1
github.com/fall_out_bug/sdp-trace/internal/repoobserver/surface_install_aggregate.go:8.42,10.4 1 1
github.com/fall_out_bug/sdp-trace/internal/repoobserver/surface_install_aggregate.go:11.3,11.34 1 1
github.com/fall_out_bug/sdp-trace/internal/repoobserver/surface_install_aggregate.go:11.34,13.4 1 1
github.com/fall_out_bug/sdp-trace/internal/repoobserver/surface_install_aggregate.go:15.2,15.14 1 1
github.com/fall_out_bug/sdp-trace/internal/repoobserver/surface_profile.go:8.35,12.2 1 1
github.com/fall_out_bug/sdp-trace/internal/repoobserver/surface_profile.go:14.38,18.2 1 1
github.com/fall_out_bug/sdp-trace/internal/repoobserver/surface_profile.go:20.44,23.2 1 1
github.com/fall_out_bug/sdp-trace/internal/repoobserver/surface_proof_aggregate.go:3.53,6.24 1 1
github.com/fall_out_bug/sdp-trace/internal/repoobserver/surface_proof_aggregate.go:6.24,8.3 1 0
github.com/fall_out_bug/sdp-trace/internal/repoobserver/surface_proof_aggregate.go:9.2,10.29 2 1
github.com/fall_out_bug/sdp-trace/internal/repoobserver/surface_proof_aggregate.go:10.29,12.33 2 1
github.com/fall_out_bug/sdp-trace/internal/repoobserver/surface_proof_aggregate.go:12.33,14.4 1 1
github.com/fall_out_bug/sdp-trace/internal/repoobserver/surface_proof_aggregate.go:16.2,16.14 1 1
github.com/fall_out_bug/sdp-trace/internal/repoobserver/surface_proof_aggregate.go:19.53,21.2 1 1
github.com/fall_out_bug/sdp-trace/internal/repoobserver/surface_proof_aggregate.go:23.54,26.31 1 1
github.com/fall_out_bug/sdp-trace/internal/repoobserver/surface_proof_aggregate.go:26.31,28.3 1 1
github.com/fall_out_bug/sdp-trace/internal/repoobserver/surface_proof_aggregate.go:29.2,29.27 1 1
github.com/fall_out_bug/sdp-trace/internal/repoobserver/surface_proof_aggregate.go:29.27,31.3 1 0
github.com/fall_out_bug/sdp-trace/internal/repoobserver/surface_proof_aggregate.go:32.2,32.51 1 1
github.com/fall_out_bug/sdp-trace/internal/repoobserver/surface_proof_aggregate.go:35.45,37.2 1 1
github.com/fall_out_bug/sdp-trace/internal/repoobserver/surface_proof_aggregate.go:39.41,41.2 1 1
github.com/fall_out_bug/sdp-trace/internal/repoobserver/surface_proof_aggregate.go:43.63,44.54 1 1
github.com/fall_out_bug/sdp-trace/internal/repoobserver/surface_proof_aggregate.go:44.54,48.3 1 1
github.com/fall_out_bug/sdp-trace/internal/repoobserver/surface_proof_aggregate.go:49.2,49.16 1 1
github.com/fall_out_bug/sdp-trace/internal/repoobserver/surface_repository.go:3.54,4.29 1 1
github.com/fall_out_bug/sdp-trace/internal/repoobserver/surface_repository.go:4.29,8.3 1 1
github.com/fall_out_bug/sdp-trace/internal/repoobserver/surface_repository.go:11.2,11.153 1 1
github.com/fall_out_bug/sdp-trace/internal/repoobserver/surfaces.go:22.44,43.2 1 1
github.com/fall_out_bug/sdp-trace/internal/repoobserver/surfaces.go:45.53,48.26 1 1
github.com/fall_out_bug/sdp-trace/internal/repoobserver/surfaces.go:48.26,49.104 1 1
github.com/fall_out_bug/sdp-trace/internal/repoobserver/surfaces.go:49.104,51.4 1 0
github.com/fall_out_bug/sdp-trace/internal/repoobserver/template_config.go:5.57,19.2 3 1
github.com/fall_out_bug/sdp-trace/internal/repoobserver/template_config.go:21.72,32.2 1 1
github.com/fall_out_bug/sdp-trace/internal/repoobserver/template_config_paths.go:5.37,9.53 2 1
github.com/fall_out_bug/sdp-trace/internal/repoobserver/template_config_paths.go:9.53,11.3 1 1
github.com/fall_out_bug/sdp-trace/internal/repoobserver/template_config_paths.go:12.2,14.14 3 1
github.com/fall_out_bug/sdp-trace/internal/repoobserver/template_config_paths.go:17.50,25.2 1 1
github.com/fall_out_bug/sdp-trace/internal/repoobserver/template_config_paths.go:27.47,38.2 1 1
github.com/fall_out_bug/sdp-trace/internal/repoobserver/template_hook.go:3.37,26.2 1 1
github.com/fall_out_bug/sdp-trace/internal/repoobserver/template_readme.go:3.30,14.2 1 1
github.com/fall_out_bug/sdp-trace/internal/repoobserver/template_workflow.go:3.30,55.2 1 1
github.com/fall_out_bug/sdp-trace/internal/prreview/prreview_020_buildpacket.go:3.54,8.52 1 1
github.com/fall_out_bug/sdp-trace/internal/prreview/prreview_020_buildpacket.go:8.52,10.3 1 1
github.com/fall_out_bug/sdp-trace/internal/prreview/prreview_020_buildpacket.go:11.2,11.50 1 1
github.com/fall_out_bug/sdp-trace/internal/prreview/prreview_020_buildpacket.go:11.50,13.3 1 0
github.com/fall_out_bug/sdp-trace/internal/prreview/prreview_020_buildpacket.go:14.2,14.39 1 1
github.com/fall_out_bug/sdp-trace/internal/prreview/prreview_021_buildpacketinprepareddir.go:3.67,10.16 3 1
github.com/fall_out_bug/sdp-trace/internal/prreview/prreview_021_buildpacketinprepareddir.go:10.16,12.3 1 0
github.com/fall_out_bug/sdp-trace/internal/prreview/prreview_021_buildpacketinprepareddir.go:13.2,14.61 2 1
github.com/fall_out_bug/sdp-trace/internal/prreview/prreview_021_buildpacketinprepareddir.go:14.61,16.3 1 0
github.com/fall_out_bug/sdp-trace/internal/prreview/prreview_021_buildpacketinprepareddir.go:17.2,17.20 1 1
github.com/fall_out_bug/sdp-trace/internal/prreview/prreview_022_finalizepacket.go:7.58,13.16 2 1
github.com/fall_out_bug/sdp-trace/internal/prreview/prreview_022_finalizepacket.go:13.16,15.3 1 0
github.com/fall_out_bug/sdp-trace/internal/prreview/prreview_022_finalizepacket.go:16.2,17.65 2 1
github.com/fall_out_bug/sdp-trace/internal/prreview/prreview_023_newpacket.go:7.102,17.2 5 1
github.com/fall_out_bug/sdp-trace/internal/prreview/prreview_024_newpacketidentity.go:7.51,21.2 1 1
github.com/fall_out_bug/sdp-trace/internal/prreview/prreview_025_attachpacketrefs.go:3.56,12.2 4 1
github.com/fall_out_bug/sdp-trace/internal/prreview/prreview_026_attachpacketprovenance.go:7.87,15.2 3 1
github.com/fall_out_bug/sdp-trace/internal/prreview/prreview_028_packetdefaults.go:9.69,15.18 2 1
github.com/fall_out_bug/sdp-trace/internal/prreview/prreview_028_packetdefaults.go:15.18,18.3 1 0
github.com/fall_out_bug/sdp-trace/internal/prreview/prreview_028_packetdefaults.go:19.2,20.21 2 1
github.com/fall_out_bug/sdp-trace/internal/prreview/prreview_028_packetdefaults.go:20.21,22.3 1 1
github.com/fall_out_bug/sdp-trace/internal/prreview/prreview_028_packetdefaults.go:23.2,24.19 2 1
github.com/fall_out_bug/sdp-trace/internal/prreview/prreview_028_packetdefaults.go:24.19,27.3 1 0
github.com/fall_out_bug/sdp-trace/internal/prreview/prreview_028_packetdefaults.go:28.2,28.32 1 1
github.com/fall_out_bug/sdp-trace/internal/prreview/prreview_029_buildpacketrefs.go:9.62,15.53 2 1
github.com/fall_out_bug/sdp-trace/internal/prreview/prreview_029_buildpacketrefs.go:15.53,17.3 1 0
github.com/fall_out_bug/sdp-trace/internal/prreview/prreview_029_buildpacketrefs.go:18.2,18.42 1 1
github.com/fall_out_bug/sdp-trace/internal/prreview/prreview_030_collectpacketrefs.go:3.81,9.16 2 1
github.com/fall_out_bug/sdp-trace/internal/prreview/prreview_030_collectpacketrefs.go:9.16,11.3 1 0
github.com/fall_out_bug/sdp-trace/internal/prreview/prreview_030_collectpacketrefs.go:12.2,12.59 1 1
github.com/fall_out_bug/sdp-trace/internal/prreview/prreview_031_collectoptionalpacketrefs.go:3.106,9.16 2 1
github.com/fall_out_bug/sdp-trace/internal/prreview/prreview_031_collectoptionalpacketrefs.go:9.16,11.3 1 0
github.com/fall_out_bug/sdp-trace/internal/prreview/prreview_031_collectoptionalpacketrefs.go:12.2,13.16 2 1
github.com/fall_out_bug/sdp-trace/internal/prreview/prreview_031_collectoptionalpacketrefs.go:13.16,15.3 1 0
github.com/fall_out_bug/sdp-trace/internal/prreview/prreview_031_collectoptionalpacketrefs.go:16.2,16.86 1 1
github.com/fall_out_bug/sdp-trace/internal/prreview/prreview_032_copydiffref.go:3.62,5.2 1 1
github.com/fall_out_bug/sdp-trace/internal/prreview/prreview_033_packetrefswithverification.go:3.152,9.16 2 1
github.com/fall_out_bug/sdp-trace/internal/prreview/prreview_033_packetrefswithverification.go:9.16,11.3 1 0
github.com/fall_out_bug/sdp-trace/internal/prreview/prreview_033_packetrefswithverification.go:12.2,12.116 1 1
github.com/fall_out_bug/sdp-trace/internal/prreview/prreview_034_optionalmetadataref.go:7.75,12.43 1 1
github.com/fall_out_bug/sdp-trace/internal/prreview/prreview_034_optionalmetadataref.go:12.43,14.3 1 1
github.com/fall_out_bug/sdp-trace/internal/prreview/prreview_034_optionalmetadataref.go:15.2,16.16 2 1
github.com/fall_out_bug/sdp-trace/internal/prreview/prreview_034_optionalmetadataref.go:16.16,18.3 1 0
github.com/fall_out_bug/sdp-trace/internal/prreview/prreview_034_optionalmetadataref.go:19.2,19.18 1 1
github.com/fall_out_bug/sdp-trace/internal/prreview/prreview_035_packetcontextrefs.go:3.76,8.16 2 1
github.com/fall_out_bug/sdp-trace/internal/prreview/prreview_035_packetcontextrefs.go:8.16,10.3 1 0
github.com/fall_out_bug/sdp-trace/internal/prreview/prreview_035_packetcontextrefs.go:11.2,11.22 1 1
github.com/fall_out_bug/sdp-trace/internal/prreview/prreview_035_packetcontextrefs.go:11.22,14.3 1 1
github.com/fall_out_bug/sdp-trace/internal/prreview/prreview_035_packetcontextrefs.go:15.2,15.18 1 1
github.com/fall_out_bug/sdp-trace/internal/prreview/prreview_036_packetverificationrefs.go:3.81,8.16 2 1
github.com/fall_out_bug/sdp-trace/internal/prreview/prreview_036_packetverificationrefs.go:8.16,10.3 1 0
github.com/fall_out_bug/sdp-trace/internal/prreview/prreview_036_packetverificationrefs.go:11.2,11.22 1 1
github.com/fall_out_bug/sdp-trace/internal/prreview/prreview_036_packetverificationrefs.go:11.22,14.3 1 1
github.com/fall_out_bug/sdp-trace/internal/prreview/prreview_036_packetverificationrefs.go:15.2,15.18 1 1
github.com/fall_out_bug/sdp-trace/internal/prreview/prreview_037_unavailablepacketfields.go:7.69,13.48 2 1
github.com/fall_out_bug/sdp-trace/internal/prreview/prreview_037_unavailablepacketfields.go:13.48,16.3 1 1
github.com/fall_out_bug/sdp-trace/internal/prreview/prreview_037_unavailablepacketfields.go:17.2,17.33 1 1
github.com/fall_out_bug/sdp-trace/internal/prreview/prreview_037_unavailablepacketfields.go:17.33,20.3 1 1
github.com/fall_out_bug/sdp-trace/internal/prreview/prreview_037_unavailablepacketfields.go:21.2,21.38 1 1
github.com/fall_out_bug/sdp-trace/internal/prreview/prreview_037_unavailablepacketfields.go:21.38,24.3 1 1
github.com/fall_out_bug/sdp-trace/internal/prreview/prreview_037_unavailablepacketfields.go:25.2,25.15 1 1
github.com/fall_out_bug/sdp-trace/internal/prreview/prreview_038_runreview.go:3.100,8.49 1 1
github.com/fall_out_bug/sdp-trace/internal/prreview/prreview_038_runreview.go:8.49,10.3 1 0
github.com/fall_out_bug/sdp-trace/internal/prreview/prreview_038_runreview.go:11.2,12.18 2 1
github.com/fall_out_bug/sdp-trace/internal/prreview/prreview_038_runreview.go:12.18,14.3 1 1
github.com/fall_out_bug/sdp-trace/internal/prreview/prreview_038_runreview.go:15.2,15.41 1 1
github.com/fall_out_bug/sdp-trace/internal/prreview/prreview_039_normalizerunoptions.go:7.54,11.23 1 1
github.com/fall_out_bug/sdp-trace/internal/prreview/prreview_039_normalizerunoptions.go:11.23,14.3 1 1
github.com/fall_out_bug/sdp-trace/internal/prreview/prreview_039_normalizerunoptions.go:15.2,15.24 1 1
github.com/fall_out_bug/sdp-trace/internal/prreview/prreview_039_normalizerunoptions.go:15.24,18.3 1 1
github.com/fall_out_bug/sdp-trace/internal/prreview/prreview_039_normalizerunoptions.go:19.2,19.13 1 1
github.com/fall_out_bug/sdp-trace/internal/prreview/prreview_040_runreview.go:7.100,13.16 2 1
github.com/fall_out_bug/sdp-trace/internal/prreview/prreview_040_runreview.go:13.16,15.3 1 0
github.com/fall_out_bug/sdp-trace/internal/prreview/prreview_040_runreview.go:16.2,17.16 2 1
github.com/fall_out_bug/sdp-trace/internal/prreview/prreview_040_runreview.go:17.16,19.3 1 0
github.com/fall_out_bug/sdp-trace/internal/prreview/prreview_040_runreview.go:20.2,22.86 2 1
github.com/fall_out_bug/sdp-trace/internal/prreview/prreview_040_runreview.go:22.86,24.3 1 0
github.com/fall_out_bug/sdp-trace/internal/prreview/prreview_040_runreview.go:25.2,25.25 1 1
github.com/fall_out_bug/sdp-trace/internal/prreview/prreview_041_preparerundirectories.go:9.59,13.45 1 1
github.com/fall_out_bug/sdp-trace/internal/prreview/prreview_041_preparerundirectories.go:13.45,15.3 1 0
github.com/fall_out_bug/sdp-trace/internal/prreview/prreview_041_preparerundirectories.go:16.2,18.51 2 1
github.com/fall_out_bug/sdp-trace/internal/prreview/prreview_041_preparerundirectories.go:18.51,20.3 1 0
github.com/fall_out_bug/sdp-trace/internal/prreview/prreview_041_preparerundirectories.go:21.2,21.20 1 1
github.com/fall_out_bug/sdp-trace/internal/prreview/prreview_042_runreviewroles.go:3.114,9.29 2 1
github.com/fall_out_bug/sdp-trace/internal/prreview/prreview_042_runreviewroles.go:9.29,11.17 2 1
github.com/fall_out_bug/sdp-trace/internal/prreview/prreview_042_runreviewroles.go:11.17,13.4 1 0
github.com/fall_out_bug/sdp-trace/internal/prreview/prreview_042_runreviewroles.go:14.3,14.36 1 1
github.com/fall_out_bug/sdp-trace/internal/prreview/prreview_042_runreviewroles.go:16.2,16.21 1 1
github.com/fall_out_bug/sdp-trace/internal/prreview/prreview_043_synthesizeledger.go:7.76,13.43 2 1
github.com/fall_out_bug/sdp-trace/internal/prreview/prreview_043_synthesizeledger.go:13.43,13.85 1 1
github.com/fall_out_bug/sdp-trace/internal/prreview/prreview_043_synthesizeledger.go:14.2,14.106 1 1
github.com/fall_out_bug/sdp-trace/internal/prreview/prreview_044_existingfindings.go:3.66,9.21 2 1
github.com/fall_out_bug/sdp-trace/internal/prreview/prreview_044_existingfindings.go:9.21,10.45 1 0
github.com/fall_out_bug/sdp-trace/internal/prreview/prreview_044_existingfindings.go:10.45,12.4 1 0
github.com/fall_out_bug/sdp-trace/internal/prreview/prreview_044_existingfindings.go:14.2,14.18 1 1
github.com/fall_out_bug/sdp-trace/internal/prreview/prreview_045_synthesizeledgerfindings.go:3.96,9.38 2 1
github.com/fall_out_bug/sdp-trace/internal/prreview/prreview_045_synthesizeledgerfindings.go:9.38,10.43 1 1
github.com/fall_out_bug/sdp-trace/internal/prreview/prreview_045_synthesizeledgerfindings.go:10.43,12.4 1 1
github.com/fall_out_bug/sdp-trace/internal/prreview/prreview_045_synthesizeledgerfindings.go:14.2,14.17 1 1
github.com/fall_out_bug/sdp-trace/internal/prreview/prreview_046_ledgerfindingfromreviewfinding.go:3.127,20.2 2 1
github.com/fall_out_bug/sdp-trace/internal/prreview/prreview_047_ledgerfindingid.go:3.69,7.22 1 1
github.com/fall_out_bug/sdp-trace/internal/prreview/prreview_047_ledgerfindingid.go:7.22,9.3 1 1
github.com/fall_out_bug/sdp-trace/internal/prreview/prreview_047_ledgerfindingid.go:11.2,11.40 1 0
github.com/fall_out_bug/sdp-trace/internal/prreview/prreview_048_carriedledgerdisposition.go:3.102,7.63 1 1
github.com/fall_out_bug/sdp-trace/internal/prreview/prreview_048_carriedledgerdisposition.go:7.63,10.3 1 0
github.com/fall_out_bug/sdp-trace/internal/prreview/prreview_048_carriedledgerdisposition.go:11.2,11.45 1 1
github.com/fall_out_bug/sdp-trace/internal/prreview/prreview_049_validate.go:3.92,17.2 8 1
github.com/fall_out_bug/sdp-trace/internal/prreview/prreview_050_reviewrolesbyid.go:3.64,8.29 2 1
github.com/fall_out_bug/sdp-trace/internal/prreview/prreview_050_reviewrolesbyid.go:8.29,11.3 1 1
github.com/fall_out_bug/sdp-trace/internal/prreview/prreview_050_reviewrolesbyid.go:12.2,12.17 1 1
github.com/fall_out_bug/sdp-trace/internal/prreview/prreview_051_validationresult.go:3.148,22.2 1 1
github.com/fall_out_bug/sdp-trace/internal/prreview/prreview_052_requiredplaneset.go:3.56,8.31 2 1
github.com/fall_out_bug/sdp-trace/internal/prreview/prreview_052_requiredplaneset.go:8.31,9.18 1 1
github.com/fall_out_bug/sdp-trace/internal/prreview/prreview_052_requiredplaneset.go:9.18,12.4 1 1
github.com/fall_out_bug/sdp-trace/internal/prreview/prreview_052_requiredplaneset.go:14.2,14.17 1 1
github.com/fall_out_bug/sdp-trace/internal/prreview/prreview_053_appenddigestvalidation.go:3.109,9.48 2 1
github.com/fall_out_bug/sdp-trace/internal/prreview/prreview_053_appenddigestvalidation.go:9.48,12.3 2 1
github.com/fall_out_bug/sdp-trace/internal/prreview/prreview_053_appenddigestvalidation.go:13.2,13.38 1 1
github.com/fall_out_bug/sdp-trace/internal/prreview/prreview_053_appenddigestvalidation.go:13.38,14.49 1 1
github.com/fall_out_bug/sdp-trace/internal/prreview/prreview_053_appenddigestvalidation.go:14.49,18.4 2 1
github.com/fall_out_bug/sdp-trace/internal/prreview/prreview_053_appenddigestvalidation.go:20.2,20.21 1 1
github.com/fall_out_bug/sdp-trace/internal/prreview/prreview_054_packetdigestmismatch.go:3.75,5.2 1 1
github.com/fall_out_bug/sdp-trace/internal/prreview/prreview_055_appendvalidationaction.go:3.88,10.2 2 1
github.com/fall_out_bug/sdp-trace/internal/prreview/prreview_056_validaterequiredplanes.go:7.159,15.30 4 1
github.com/fall_out_bug/sdp-trace/internal/prreview/prreview_056_validaterequiredplanes.go:15.30,20.3 4 1
github.com/fall_out_bug/sdp-trace/internal/prreview/prreview_056_validaterequiredplanes.go:21.2,21.47 1 1
github.com/fall_out_bug/sdp-trace/internal/prreview/prreview_056_validaterequiredplanes.go:21.47,21.103 1 1
github.com/fall_out_bug/sdp-trace/internal/prreview/prreview_056_validaterequiredplanes.go:22.2,22.48 1 1
github.com/fall_out_bug/sdp-trace/internal/prreview/prreview_057_requiredplaneresult.go:3.129,11.2 3 1
github.com/fall_out_bug/sdp-trace/internal/prreview/prreview_058_boolcount.go:3.32,4.11 1 1
github.com/fall_out_bug/sdp-trace/internal/prreview/prreview_058_boolcount.go:4.11,6.3 1 1
github.com/fall_out_bug/sdp-trace/internal/prreview/prreview_058_boolcount.go:7.2,7.10 1 1
github.com/fall_out_bug/sdp-trace/internal/prreview/prreview_059_appendplanevalidationnotes.go:7.85,11.25 1 1
github.com/fall_out_bug/sdp-trace/internal/prreview/prreview_059_appendplanevalidationnotes.go:11.25,14.3 1 1
github.com/fall_out_bug/sdp-trace/internal/prreview/prreview_059_appendplanevalidationnotes.go:15.2,15.47 1 1
github.com/fall_out_bug/sdp-trace/internal/prreview/prreview_059_appendplanevalidationnotes.go:15.47,18.3 1 1
github.com/fall_out_bug/sdp-trace/internal/prreview/prreview_060_bestplaneresult.go:3.93,9.38 2 1
github.com/fall_out_bug/sdp-trace/internal/prreview/prreview_060_bestplaneresult.go:9.38,10.28 1 1
github.com/fall_out_bug/sdp-trace/internal/prreview/prreview_060_bestplaneresult.go:10.28,11.12 1 1
github.com/fall_out_bug/sdp-trace/internal/prreview/prreview_060_bestplaneresult.go:13.3,14.57 2 1
github.com/fall_out_bug/sdp-trace/internal/prreview/prreview_060_bestplaneresult.go:14.57,16.4 1 1
github.com/fall_out_bug/sdp-trace/internal/prreview/prreview_060_bestplaneresult.go:18.2,18.13 1 1
github.com/fall_out_bug/sdp-trace/internal/prreview/prreview_061_planeresultrank.go:3.46,6.19 1 1
github.com/fall_out_bug/sdp-trace/internal/prreview/prreview_061_planeresultrank.go:6.19,8.3 1 1
github.com/fall_out_bug/sdp-trace/internal/prreview/prreview_061_planeresultrank.go:9.2,9.48 1 1
github.com/fall_out_bug/sdp-trace/internal/prreview/prreview_062_usableplaneresultrank.go:3.47,6.38 1 1
github.com/fall_out_bug/sdp-trace/internal/prreview/prreview_062_usableplaneresultrank.go:6.38,8.3 1 1
github.com/fall_out_bug/sdp-trace/internal/prreview/prreview_062_usableplaneresultrank.go:9.2,9.10 1 1
github.com/fall_out_bug/sdp-trace/internal/prreview/prreview_063_nonusableplaneresultrank.go:3.50,6.31 1 1
github.com/fall_out_bug/sdp-trace/internal/prreview/prreview_063_nonusableplaneresultrank.go:6.31,8.3 1 1
github.com/fall_out_bug/sdp-trace/internal/prreview/prreview_063_nonusableplaneresultrank.go:9.2,9.32 1 1
github.com/fall_out_bug/sdp-trace/internal/prreview/prreview_063_nonusableplaneresultrank.go:9.32,11.3 1 0
github.com/fall_out_bug/sdp-trace/internal/prreview/prreview_063_nonusableplaneresultrank.go:12.2,12.10 1 1
github.com/fall_out_bug/sdp-trace/internal/prreview/prreview_064_planeresultwithmodelcheck.go:3.84,9.63 2 1
github.com/fall_out_bug/sdp-trace/internal/prreview/prreview_064_planeresultwithmodelcheck.go:9.63,14.3 4 1
github.com/fall_out_bug/sdp-trace/internal/prreview/prreview_064_planeresultwithmodelcheck.go:15.2,15.13 1 1
github.com/fall_out_bug/sdp-trace/internal/prreview/prreview_065_planecannotverify.go:3.44,7.16 1 1
github.com/fall_out_bug/sdp-trace/internal/prreview/prreview_065_planecannotverify.go:9.95,10.14 1 1
github.com/fall_out_bug/sdp-trace/internal/prreview/prreview_065_planecannotverify.go:11.10,12.15 1 1
github.com/fall_out_bug/sdp-trace/internal/prreview/prreview_066_validateledgerfindings.go:3.108,11.42 4 1
github.com/fall_out_bug/sdp-trace/internal/prreview/prreview_066_validateledgerfindings.go:11.42,16.3 4 1
github.com/fall_out_bug/sdp-trace/internal/prreview/prreview_066_validateledgerfindings.go:17.2,17.47 1 1
github.com/fall_out_bug/sdp-trace/internal/prreview/prreview_067_ledgerfindingunresolved.go:3.58,5.2 1 1
github.com/fall_out_bug/sdp-trace/internal/prreview/prreview_068_appendcitationreasonifunresolvable.go:3.103,7.50 1 1
github.com/fall_out_bug/sdp-trace/internal/prreview/prreview_068_appendcitationreasonifunresolvable.go:7.50,9.3 1 1
github.com/fall_out_bug/sdp-trace/internal/prreview/prreview_068_appendcitationreasonifunresolvable.go:11.2,12.13 2 0
github.com/fall_out_bug/sdp-trace/internal/prreview/prreview_069_reviewcoveragestate.go:3.107,8.18 1 1
github.com/fall_out_bug/sdp-trace/internal/prreview/prreview_069_reviewcoveragestate.go:8.18,10.3 1 1
github.com/fall_out_bug/sdp-trace/internal/prreview/prreview_069_reviewcoveragestate.go:11.2,11.45 1 1
github.com/fall_out_bug/sdp-trace/internal/prreview/prreview_069_reviewcoveragestate.go:11.45,13.3 1 1
github.com/fall_out_bug/sdp-trace/internal/prreview/prreview_069_reviewcoveragestate.go:14.2,14.71 1 1
github.com/fall_out_bug/sdp-trace/internal/prreview/prreview_070_noreviewcoverage.go:3.71,5.2 1 1
github.com/fall_out_bug/sdp-trace/internal/prreview/prreview_071_assessedreviewcoveragestate.go:3.101,7.33 1 1
github.com/fall_out_bug/sdp-trace/internal/prreview/prreview_071_assessedreviewcoveragestate.go:7.33,10.3 1 0
github.com/fall_out_bug/sdp-trace/internal/prreview/prreview_071_assessedreviewcoveragestate.go:11.2,11.16 1 1
github.com/fall_out_bug/sdp-trace/internal/prreview/prreview_071_assessedreviewcoveragestate.go:11.16,14.3 1 1
github.com/fall_out_bug/sdp-trace/internal/prreview/prreview_071_assessedreviewcoveragestate.go:15.2,15.26 1 1
github.com/fall_out_bug/sdp-trace/internal/prreview/prreview_072_modelmismatchwithoutfallback.go:3.80,10.71 3 1
github.com/fall_out_bug/sdp-trace/internal/prreview/prreview_072_modelmismatchwithoutfallback.go:10.71,12.3 1 1
github.com/fall_out_bug/sdp-trace/internal/prreview/prreview_072_modelmismatchwithoutfallback.go:13.2,13.27 1 1
github.com/fall_out_bug/sdp-trace/internal/prreview/prreview_072_modelmismatchwithoutfallback.go:13.27,15.3 1 0
github.com/fall_out_bug/sdp-trace/internal/prreview/prreview_072_modelmismatchwithoutfallback.go:16.2,16.40 1 1
github.com/fall_out_bug/sdp-trace/internal/prreview/prreview_073_modelidentitymissing.go:3.46,5.2 1 1
github.com/fall_out_bug/sdp-trace/internal/prreview/prreview_074_fallbackmetadatamissing.go:3.58,5.2 1 1
github.com/fall_out_bug/sdp-trace/internal/prreview/prreview_075_summarize.go:7.61,15.2 5 1
github.com/fall_out_bug/sdp-trace/internal/prreview/prreview_076_writesummaryheader.go:9.68,21.2 7 1
github.com/fall_out_bug/sdp-trace/internal/prreview/prreview_077_writesummaryplanes.go:9.67,13.21 1 1
github.com/fall_out_bug/sdp-trace/internal/prreview/prreview_077_writesummaryplanes.go:13.21,15.32 2 1
github.com/fall_out_bug/sdp-trace/internal/prreview/prreview_077_writesummaryplanes.go:15.32,18.30 2 1
github.com/fall_out_bug/sdp-trace/internal/prreview/prreview_077_writesummaryplanes.go:18.30,20.5 1 1
github.com/fall_out_bug/sdp-trace/internal/prreview/prreview_077_writesummaryplanes.go:21.4,21.23 1 1
github.com/fall_out_bug/sdp-trace/internal/prreview/prreview_078_writesummaryfindings.go:9.73,13.23 1 1
github.com/fall_out_bug/sdp-trace/internal/prreview/prreview_078_writesummaryfindings.go:13.23,15.36 2 1
github.com/fall_out_bug/sdp-trace/internal/prreview/prreview_078_writesummaryfindings.go:15.36,18.4 1 1
github.com/fall_out_bug/sdp-trace/internal/prreview/prreview_079_writejson.go:12.46,17.35 1 1
github.com/fall_out_bug/sdp-trace/internal/prreview/prreview_079_writejson.go:17.35,19.3 1 1
github.com/fall_out_bug/sdp-trace/internal/prreview/prreview_079_writejson.go:20.2,20.63 1 1
github.com/fall_out_bug/sdp-trace/internal/prreview/prreview_079_writejson.go:20.63,22.3 1 0
github.com/fall_out_bug/sdp-trace/internal/prreview/prreview_079_writejson.go:23.2,24.16 2 1
github.com/fall_out_bug/sdp-trace/internal/prreview/prreview_079_writejson.go:24.16,26.3 1 0
github.com/fall_out_bug/sdp-trace/internal/prreview/prreview_079_writejson.go:27.2,27.54 1 1
github.com/fall_out_bug/sdp-trace/internal/prreview/prreview_080_readpacket.go:9.46,14.68 2 1
github.com/fall_out_bug/sdp-trace/internal/prreview/prreview_080_readpacket.go:14.68,17.3 1 1
github.com/fall_out_bug/sdp-trace/internal/prreview/prreview_080_readpacket.go:18.2,18.40 1 1
github.com/fall_out_bug/sdp-trace/internal/prreview/prreview_081_readprofile.go:3.54,8.49 2 1
github.com/fall_out_bug/sdp-trace/internal/prreview/prreview_081_readprofile.go:8.49,10.3 1 0
github.com/fall_out_bug/sdp-trace/internal/prreview/prreview_081_readprofile.go:12.2,12.42 1 1
github.com/fall_out_bug/sdp-trace/internal/prreview/prreview_082_readrunset.go:3.46,10.46 3 1
github.com/fall_out_bug/sdp-trace/internal/prreview/prreview_082_readrunset.go:10.46,12.3 1 0
github.com/fall_out_bug/sdp-trace/internal/prreview/prreview_082_readrunset.go:13.2,13.45 1 1
github.com/fall_out_bug/sdp-trace/internal/prreview/prreview_082_readrunset.go:13.45,15.3 1 1
github.com/fall_out_bug/sdp-trace/internal/prreview/prreview_082_readrunset.go:16.2,16.18 1 1
github.com/fall_out_bug/sdp-trace/internal/prreview/prreview_083_runsetpath.go:9.37,13.68 1 1
github.com/fall_out_bug/sdp-trace/internal/prreview/prreview_083_runsetpath.go:13.68,16.3 1 1
github.com/fall_out_bug/sdp-trace/internal/prreview/prreview_083_runsetpath.go:17.2,17.13 1 1
github.com/fall_out_bug/sdp-trace/internal/prreview/prreview_084_readledger.go:3.46,6.2 2 0
github.com/fall_out_bug/sdp-trace/internal/prreview/prreview_085_readvalidation.go:3.54,6.2 2 0
github.com/fall_out_bug/sdp-trace/internal/prreview/prreview_086_readjson.go:8.45,14.16 2 1
github.com/fall_out_bug/sdp-trace/internal/prreview/prreview_086_readjson.go:14.16,16.3 1 0
github.com/fall_out_bug/sdp-trace/internal/prreview/prreview_086_readjson.go:17.2,17.36 1 1
github.com/fall_out_bug/sdp-trace/internal/prreview/prreview_087_validatepacketoptions.go:9.54,13.42 1 1
github.com/fall_out_bug/sdp-trace/internal/prreview/prreview_087_validatepacketoptions.go:13.42,16.3 1 0
github.com/fall_out_bug/sdp-trace/internal/prreview/prreview_087_validatepacketoptions.go:17.2,17.60 1 1
github.com/fall_out_bug/sdp-trace/internal/prreview/prreview_087_validatepacketoptions.go:17.60,19.3 1 1
github.com/fall_out_bug/sdp-trace/internal/prreview/prreview_087_validatepacketoptions.go:20.2,20.57 1 1
github.com/fall_out_bug/sdp-trace/internal/prreview/prreview_087_validatepacketoptions.go:20.57,22.3 1 0
github.com/fall_out_bug/sdp-trace/internal/prreview/prreview_087_validatepacketoptions.go:23.2,23.12 1 1
github.com/fall_out_bug/sdp-trace/internal/prreview/prreview_088_validatepacketidentityoptions.go:8.62,13.45 1 1
github.com/fall_out_bug/sdp-trace/internal/prreview/prreview_088_validatepacketidentityoptions.go:13.45,15.3 1 1
github.com/fall_out_bug/sdp-trace/internal/prreview/prreview_088_validatepacketidentityoptions.go:16.2,16.51 1 1
github.com/fall_out_bug/sdp-trace/internal/prreview/prreview_088_validatepacketidentityoptions.go:16.51,18.3 1 0
github.com/fall_out_bug/sdp-trace/internal/prreview/prreview_088_validatepacketidentityoptions.go:19.2,19.31 1 1
github.com/fall_out_bug/sdp-trace/internal/prreview/prreview_088_validatepacketidentityoptions.go:19.31,21.3 1 0
github.com/fall_out_bug/sdp-trace/internal/prreview/prreview_088_validatepacketidentityoptions.go:22.2,22.12 1 1
github.com/fall_out_bug/sdp-trace/internal/prreview/prreview_089_validpacketcommits.go:3.50,5.2 1 1
github.com/fall_out_bug/sdp-trace/internal/prreview/prreview_090_validatepacketinputoptions.go:10.59,14.44 1 1
github.com/fall_out_bug/sdp-trace/internal/prreview/prreview_090_validatepacketinputoptions.go:14.44,17.3 1 0
github.com/fall_out_bug/sdp-trace/internal/prreview/prreview_090_validatepacketinputoptions.go:18.2,18.32 1 1
github.com/fall_out_bug/sdp-trace/internal/prreview/prreview_090_validatepacketinputoptions.go:18.32,21.3 1 0
github.com/fall_out_bug/sdp-trace/internal/prreview/prreview_090_validatepacketinputoptions.go:22.2,22.12 1 1
github.com/fall_out_bug/sdp-trace/internal/prreview/prreview_091_invalidpacketcistate.go:3.52,5.2 1 1
github.com/fall_out_bug/sdp-trace/internal/prreview/prreview_092_validaterunset.go:10.40,16.38 2 1
github.com/fall_out_bug/sdp-trace/internal/prreview/prreview_092_validaterunset.go:16.38,17.50 1 1
github.com/fall_out_bug/sdp-trace/internal/prreview/prreview_092_validaterunset.go:17.50,20.4 1 0
github.com/fall_out_bug/sdp-trace/internal/prreview/prreview_092_validaterunset.go:21.3,21.31 1 1
github.com/fall_out_bug/sdp-trace/internal/prreview/prreview_092_validaterunset.go:21.31,24.4 1 1
github.com/fall_out_bug/sdp-trace/internal/prreview/prreview_092_validaterunset.go:25.3,25.34 1 1
github.com/fall_out_bug/sdp-trace/internal/prreview/prreview_092_validaterunset.go:27.2,27.12 1 1
github.com/fall_out_bug/sdp-trace/internal/prreview/prreview_093_validateprofile.go:3.51,8.55 1 1
github.com/fall_out_bug/sdp-trace/internal/prreview/prreview_093_validateprofile.go:8.55,10.3 1 1
github.com/fall_out_bug/sdp-trace/internal/prreview/prreview_093_validateprofile.go:11.2,12.16 2 1
github.com/fall_out_bug/sdp-trace/internal/prreview/prreview_093_validateprofile.go:12.16,14.3 1 1
github.com/fall_out_bug/sdp-trace/internal/prreview/prreview_093_validateprofile.go:15.2,15.71 1 1
github.com/fall_out_bug/sdp-trace/internal/prreview/prreview_094_validateprofileheader.go:7.57,11.82 1 1
github.com/fall_out_bug/sdp-trace/internal/prreview/prreview_094_validateprofileheader.go:11.82,14.3 1 1
github.com/fall_out_bug/sdp-trace/internal/prreview/prreview_094_validateprofileheader.go:15.2,15.38 1 1
github.com/fall_out_bug/sdp-trace/internal/prreview/prreview_095_requireprofilefields.go:9.56,13.48 1 1
github.com/fall_out_bug/sdp-trace/internal/prreview/prreview_095_requireprofilefields.go:13.48,16.3 1 1
github.com/fall_out_bug/sdp-trace/internal/prreview/prreview_095_requireprofilefields.go:17.2,17.38 1 1
github.com/fall_out_bug/sdp-trace/internal/prreview/prreview_095_requireprofilefields.go:17.38,20.3 1 1
github.com/fall_out_bug/sdp-trace/internal/prreview/prreview_095_requireprofilefields.go:21.2,21.29 1 1
github.com/fall_out_bug/sdp-trace/internal/prreview/prreview_095_requireprofilefields.go:21.29,24.3 1 1
github.com/fall_out_bug/sdp-trace/internal/prreview/prreview_095_requireprofilefields.go:25.2,25.12 1 1
github.com/fall_out_bug/sdp-trace/internal/prreview/prreview_096_validateprofileroles.go:3.72,9.29 2 1
github.com/fall_out_bug/sdp-trace/internal/prreview/prreview_096_validateprofileroles.go:9.29,10.51 1 1
github.com/fall_out_bug/sdp-trace/internal/prreview/prreview_096_validateprofileroles.go:10.51,12.4 1 1
github.com/fall_out_bug/sdp-trace/internal/prreview/prreview_096_validateprofileroles.go:13.3,13.32 1 1
github.com/fall_out_bug/sdp-trace/internal/prreview/prreview_096_validateprofileroles.go:15.2,15.24 1 1
github.com/fall_out_bug/sdp-trace/internal/prreview/prreview_097_validateprofilerole.go:8.49,12.43 1 1
github.com/fall_out_bug/sdp-trace/internal/prreview/prreview_097_validateprofilerole.go:12.43,15.3 1 1
github.com/fall_out_bug/sdp-trace/internal/prreview/prreview_097_validateprofilerole.go:16.2,16.31 1 1
github.com/fall_out_bug/sdp-trace/internal/prreview/prreview_097_validateprofilerole.go:16.31,19.3 1 1
github.com/fall_out_bug/sdp-trace/internal/prreview/prreview_097_validateprofilerole.go:20.2,20.12 1 1
github.com/fall_out_bug/sdp-trace/internal/prreview/prreview_098_profilerolemissingrequiredfield.go:3.60,6.2 1 1
github.com/fall_out_bug/sdp-trace/internal/prreview/prreview_099_validaterequiredplaneroles.go:7.92,12.39 1 1
github.com/fall_out_bug/sdp-trace/internal/prreview/prreview_099_validaterequiredplaneroles.go:12.39,13.25 1 1
github.com/fall_out_bug/sdp-trace/internal/prreview/prreview_099_validaterequiredplaneroles.go:13.25,15.4 1 1
github.com/fall_out_bug/sdp-trace/internal/prreview/prreview_099_validaterequiredplaneroles.go:17.2,17.12 1 1
github.com/fall_out_bug/sdp-trace/internal/prreview/prreview_100_runrole.go:7.102,15.26 4 1
github.com/fall_out_bug/sdp-trace/internal/prreview/prreview_100_runrole.go:15.26,17.3 1 1
github.com/fall_out_bug/sdp-trace/internal/prreview/prreview_100_runrole.go:18.2,21.47 4 1
github.com/fall_out_bug/sdp-trace/internal/prreview/prreview_101_completeroleresult.go:3.186,8.87 1 1
github.com/fall_out_bug/sdp-trace/internal/prreview/prreview_101_completeroleresult.go:8.87,10.3 1 1
github.com/fall_out_bug/sdp-trace/internal/prreview/prreview_101_completeroleresult.go:11.2,12.93 2 1
github.com/fall_out_bug/sdp-trace/internal/prreview/prreview_102_completeunparsedroleresult.go:3.123,8.14 1 1
github.com/fall_out_bug/sdp-trace/internal/prreview/prreview_102_completeunparsedroleresult.go:8.14,12.3 3 1
github.com/fall_out_bug/sdp-trace/internal/prreview/prreview_102_completeunparsedroleresult.go:13.2,13.65 1 1
github.com/fall_out_bug/sdp-trace/internal/prreview/prreview_103_completeunparsedroleerrororempty.go:3.114,8.9 1 1
github.com/fall_out_bug/sdp-trace/internal/prreview/prreview_103_completeunparsedroleerrororempty.go:9.48,10.22 1 0
github.com/fall_out_bug/sdp-trace/internal/prreview/prreview_103_completeunparsedroleerrororempty.go:11.35,14.22 3 1
github.com/fall_out_bug/sdp-trace/internal/prreview/prreview_103_completeunparsedroleerrororempty.go:15.10,16.23 1 1
github.com/fall_out_bug/sdp-trace/internal/prreview/prreview_104_markroleparsefailure.go:3.76,8.16 1 1
github.com/fall_out_bug/sdp-trace/internal/prreview/prreview_104_markroleparsefailure.go:8.16,10.3 1 1
github.com/fall_out_bug/sdp-trace/internal/prreview/prreview_104_markroleparsefailure.go:11.2,13.15 3 1
github.com/fall_out_bug/sdp-trace/internal/prreview/prreview_105_completeparsedroleresult.go:3.133,10.2 2 1
github.com/fall_out_bug/sdp-trace/internal/prreview/prreview_106_emptyrevieweroutput.go:7.46,9.2 1 1
github.com/fall_out_bug/sdp-trace/internal/prreview/prreview_107_newreviewerresult.go:7.86,28.2 2 1
github.com/fall_out_bug/sdp-trace/internal/prreview/prreview_108_preparerolerunner.go:7.118,12.78 1 1
github.com/fall_out_bug/sdp-trace/internal/prreview/prreview_108_preparerolerunner.go:12.78,14.3 1 0
github.com/fall_out_bug/sdp-trace/internal/prreview/prreview_108_preparerolerunner.go:15.2,15.35 1 1
github.com/fall_out_bug/sdp-trace/internal/prreview/prreview_108_preparerolerunner.go:15.35,17.3 1 1
github.com/fall_out_bug/sdp-trace/internal/prreview/prreview_108_preparerolerunner.go:18.2,18.43 1 1
github.com/fall_out_bug/sdp-trace/internal/prreview/prreview_109_preparecommandrunner.go:3.104,7.54 1 1
github.com/fall_out_bug/sdp-trace/internal/prreview/prreview_109_preparecommandrunner.go:7.54,9.3 1 0
github.com/fall_out_bug/sdp-trace/internal/prreview/prreview_109_preparecommandrunner.go:11.2,11.50 1 1
github.com/fall_out_bug/sdp-trace/internal/prreview/prreview_110_attachpromptref.go:3.69,8.16 2 1
github.com/fall_out_bug/sdp-trace/internal/prreview/prreview_110_attachpromptref.go:8.16,13.3 3 0
github.com/fall_out_bug/sdp-trace/internal/prreview/prreview_110_attachpromptref.go:14.2,15.12 2 1
github.com/fall_out_bug/sdp-trace/internal/prreview/prreview_111_commandconfigured.go:3.70,7.28 1 1
github.com/fall_out_bug/sdp-trace/internal/prreview/prreview_111_commandconfigured.go:7.28,11.3 2 0
github.com/fall_out_bug/sdp-trace/internal/prreview/prreview_111_commandconfigured.go:12.2,12.13 1 1
github.com/fall_out_bug/sdp-trace/internal/prreview/prreview_112_prepareopencodebaseline.go:3.123,8.42 1 1
github.com/fall_out_bug/sdp-trace/internal/prreview/prreview_112_prepareopencodebaseline.go:8.42,10.3 1 1
github.com/fall_out_bug/sdp-trace/internal/prreview/prreview_112_prepareopencodebaseline.go:11.2,12.16 2 1
github.com/fall_out_bug/sdp-trace/internal/prreview/prreview_112_prepareopencodebaseline.go:12.16,16.3 3 0
github.com/fall_out_bug/sdp-trace/internal/prreview/prreview_112_prepareopencodebaseline.go:17.2,17.54 1 1
github.com/fall_out_bug/sdp-trace/internal/prreview/prreview_113_opencodebaselineready.go:3.136,7.52 1 1
github.com/fall_out_bug/sdp-trace/internal/prreview/prreview_113_opencodebaselineready.go:7.52,9.3 1 0
github.com/fall_out_bug/sdp-trace/internal/prreview/prreview_113_opencodebaselineready.go:11.2,11.55 1 1
github.com/fall_out_bug/sdp-trace/internal/prreview/prreview_114_opencodereadonlyready.go:3.74,7.28 1 1
github.com/fall_out_bug/sdp-trace/internal/prreview/prreview_114_opencodereadonlyready.go:7.28,10.3 2 1
github.com/fall_out_bug/sdp-trace/internal/prreview/prreview_114_opencodereadonlyready.go:11.2,11.54 1 1
github.com/fall_out_bug/sdp-trace/internal/prreview/prreview_114_opencodereadonlyready.go:11.54,14.3 1 0
github.com/fall_out_bug/sdp-trace/internal/prreview/prreview_114_opencodereadonlyready.go:15.2,15.13 1 1
github.com/fall_out_bug/sdp-trace/internal/prreview/prreview_115_opencodebaselineclean.go:3.105,9.53 2 1
github.com/fall_out_bug/sdp-trace/internal/prreview/prreview_115_opencodebaselineclean.go:9.53,11.3 1 1
github.com/fall_out_bug/sdp-trace/internal/prreview/prreview_115_opencodebaselineclean.go:12.2,14.14 3 0
github.com/fall_out_bug/sdp-trace/internal/prreview/prreview_116_markopencodereadonlymissing.go:3.58,6.2 1 1
github.com/fall_out_bug/sdp-trace/internal/prreview/prreview_117_runrolecommand.go:12.77,18.18 2 1
github.com/fall_out_bug/sdp-trace/internal/prreview/prreview_117_runrolecommand.go:18.18,20.3 1 1
github.com/fall_out_bug/sdp-trace/internal/prreview/prreview_117_runrolecommand.go:21.2,26.68 6 1
github.com/fall_out_bug/sdp-trace/internal/prreview/prreview_118_applyrunnererror.go:11.64,16.16 1 1
github.com/fall_out_bug/sdp-trace/internal/prreview/prreview_118_applyrunnererror.go:16.16,18.3 1 1
github.com/fall_out_bug/sdp-trace/internal/prreview/prreview_118_applyrunnererror.go:19.2,19.100 1 1
github.com/fall_out_bug/sdp-trace/internal/prreview/prreview_118_applyrunnererror.go:19.100,23.3 2 1
github.com/fall_out_bug/sdp-trace/internal/prreview/prreview_118_applyrunnererror.go:23.8,27.3 2 1
github.com/fall_out_bug/sdp-trace/internal/prreview/prreview_118_applyrunnererror.go:28.2,28.12 1 1
github.com/fall_out_bug/sdp-trace/internal/prreview/prreview_119_applyopencodemutationcheck.go:3.121,8.49 1 1
github.com/fall_out_bug/sdp-trace/internal/prreview/prreview_119_applyopencodemutationcheck.go:8.49,10.3 1 1
github.com/fall_out_bug/sdp-trace/internal/prreview/prreview_119_applyopencodemutationcheck.go:11.2,12.16 2 1
github.com/fall_out_bug/sdp-trace/internal/prreview/prreview_119_applyopencodemutationcheck.go:12.16,15.3 2 0
github.com/fall_out_bug/sdp-trace/internal/prreview/prreview_119_applyopencodemutationcheck.go:16.2,16.38 1 1
github.com/fall_out_bug/sdp-trace/internal/prreview/prreview_119_applyopencodemutationcheck.go:16.38,19.3 2 1
github.com/fall_out_bug/sdp-trace/internal/prreview/prreview_120_needsopencodemutationcheck.go:3.86,5.2 1 1
github.com/fall_out_bug/sdp-trace/internal/prreview/prreview_121_markbaselinecannotverify.go:3.55,6.2 2 0
github.com/fall_out_bug/sdp-trace/internal/prreview/prreview_122_baselinechanged.go:3.63,5.2 1 1
github.com/fall_out_bug/sdp-trace/internal/prreview/prreview_124_captureworkingtreebaseline.go:12.79,20.16 4 1
github.com/fall_out_bug/sdp-trace/internal/prreview/prreview_124_captureworkingtreebaseline.go:20.16,22.3 1 0
github.com/fall_out_bug/sdp-trace/internal/prreview/prreview_124_captureworkingtreebaseline.go:23.2,25.45 3 1
github.com/fall_out_bug/sdp-trace/internal/prreview/prreview_124_captureworkingtreebaseline.go:25.45,28.3 1 1
github.com/fall_out_bug/sdp-trace/internal/prreview/prreview_124_captureworkingtreebaseline.go:29.2,30.84 2 1
github.com/fall_out_bug/sdp-trace/internal/prreview/prreview_125_parserevieweroutput.go:3.118,7.62 2 1
github.com/fall_out_bug/sdp-trace/internal/prreview/prreview_125_parserevieweroutput.go:7.62,9.3 1 1
github.com/fall_out_bug/sdp-trace/internal/prreview/prreview_125_parserevieweroutput.go:10.2,10.52 1 1
github.com/fall_out_bug/sdp-trace/internal/prreview/prreview_125_parserevieweroutput.go:10.52,14.3 3 1
github.com/fall_out_bug/sdp-trace/internal/prreview/prreview_125_parserevieweroutput.go:15.2,15.63 1 1
github.com/fall_out_bug/sdp-trace/internal/prreview/prreview_126_revieweroutputmismatched.go:3.91,6.2 1 1
github.com/fall_out_bug/sdp-trace/internal/prreview/prreview_127_decoderevieweroutput.go:9.72,17.2 3 1
github.com/fall_out_bug/sdp-trace/internal/prreview/prreview_128_normalizeparsedrevieweroutput.go:3.97,14.2 6 1
github.com/fall_out_bug/sdp-trace/internal/prreview/prreview_129_normalizeparsedreviewermodels.go:3.77,12.2 4 1
github.com/fall_out_bug/sdp-trace/internal/prreview/prreview_130_attachparsedreviewerexecution.go:3.81,12.2 4 1
github.com/fall_out_bug/sdp-trace/internal/prreview/prreview_131_normalizeparsedreviewerstatus.go:3.60,7.25 1 1
github.com/fall_out_bug/sdp-trace/internal/prreview/prreview_131_normalizeparsedreviewerstatus.go:7.25,10.3 1 0
github.com/fall_out_bug/sdp-trace/internal/prreview/prreview_132_defaultreviewerstatus.go:3.55,7.23 1 1
github.com/fall_out_bug/sdp-trace/internal/prreview/prreview_132_defaultreviewerstatus.go:7.23,10.3 1 1
github.com/fall_out_bug/sdp-trace/internal/prreview/prreview_132_defaultreviewerstatus.go:11.2,11.25 1 1
github.com/fall_out_bug/sdp-trace/internal/prreview/prreview_133_writerawresult.go:11.98,15.19 1 1
github.com/fall_out_bug/sdp-trace/internal/prreview/prreview_133_writerawresult.go:15.19,19.59 3 1
github.com/fall_out_bug/sdp-trace/internal/prreview/prreview_133_writerawresult.go:19.59,21.4 1 0
github.com/fall_out_bug/sdp-trace/internal/prreview/prreview_133_writerawresult.go:22.3,23.257 2 1
github.com/fall_out_bug/sdp-trace/internal/prreview/prreview_133_writerawresult.go:25.2,25.20 1 1
github.com/fall_out_bug/sdp-trace/internal/prreview/prreview_134_preview.go:3.64,9.37 2 1
github.com/fall_out_bug/sdp-trace/internal/prreview/prreview_134_preview.go:9.37,11.3 1 1
github.com/fall_out_bug/sdp-trace/internal/prreview/prreview_134_preview.go:12.2,12.105 1 1
github.com/fall_out_bug/sdp-trace/internal/prreview/prreview_135_previewrole.go:3.47,18.2 1 1
github.com/fall_out_bug/sdp-trace/internal/prreview/prreview_136_promptdigestforrole.go:3.50,8.22 2 1
github.com/fall_out_bug/sdp-trace/internal/prreview/prreview_136_promptdigestforrole.go:8.22,10.3 1 1
github.com/fall_out_bug/sdp-trace/internal/prreview/prreview_136_promptdigestforrole.go:12.2,12.31 1 0
github.com/fall_out_bug/sdp-trace/internal/prreview/prreview_137_promptsaferef.go:9.55,14.53 1 1
github.com/fall_out_bug/sdp-trace/internal/prreview/prreview_137_promptsaferef.go:14.53,16.3 1 1
github.com/fall_out_bug/sdp-trace/internal/prreview/prreview_137_promptsaferef.go:17.2,18.16 2 1
github.com/fall_out_bug/sdp-trace/internal/prreview/prreview_137_promptsaferef.go:18.16,21.3 1 0
github.com/fall_out_bug/sdp-trace/internal/prreview/prreview_137_promptsaferef.go:22.2,22.41 1 1
github.com/fall_out_bug/sdp-trace/internal/prreview/prreview_138_promptdigestref.go:10.61,24.2 2 1
github.com/fall_out_bug/sdp-trace/internal/prreview/prreview_139_copyinputs.go:3.77,9.29 2 1
github.com/fall_out_bug/sdp-trace/internal/prreview/prreview_139_copyinputs.go:9.29,11.17 2 1
github.com/fall_out_bug/sdp-trace/internal/prreview/prreview_139_copyinputs.go:11.17,13.4 1 0
github.com/fall_out_bug/sdp-trace/internal/prreview/prreview_139_copyinputs.go:14.3,14.27 1 1
github.com/fall_out_bug/sdp-trace/internal/prreview/prreview_139_copyinputs.go:16.2,16.18 1 1
github.com/fall_out_bug/sdp-trace/internal/prreview/prreview_140_copiedinputref.go:7.87,15.16 4 1
github.com/fall_out_bug/sdp-trace/internal/prreview/prreview_140_copiedinputref.go:15.16,17.3 1 0
github.com/fall_out_bug/sdp-trace/internal/prreview/prreview_140_copiedinputref.go:18.2,19.17 2 1
github.com/fall_out_bug/sdp-trace/internal/prreview/prreview_141_copyinput.go:7.83,13.16 2 1
github.com/fall_out_bug/sdp-trace/internal/prreview/prreview_141_copyinput.go:13.16,15.3 1 0
github.com/fall_out_bug/sdp-trace/internal/prreview/prreview_141_copyinput.go:16.2,16.63 1 1
github.com/fall_out_bug/sdp-trace/internal/prreview/prreview_141_copyinput.go:16.63,18.3 1 0
github.com/fall_out_bug/sdp-trace/internal/prreview/prreview_141_copyinput.go:19.2,19.63 1 1
github.com/fall_out_bug/sdp-trace/internal/prreview/prreview_142_writecopiedinput.go:9.65,14.56 2 1
github.com/fall_out_bug/sdp-trace/internal/prreview/prreview_142_writecopiedinput.go:14.56,17.3 1 0
github.com/fall_out_bug/sdp-trace/internal/prreview/prreview_142_writecopiedinput.go:18.2,18.12 1 1
github.com/fall_out_bug/sdp-trace/internal/prreview/prreview_143_copiedinputsaferef.go:12.78,26.2 2 1
github.com/fall_out_bug/sdp-trace/internal/prreview/prreview_144_digestjson.go:9.44,14.16 2 1
github.com/fall_out_bug/sdp-trace/internal/prreview/prreview_144_digestjson.go:14.16,17.3 1 0
github.com/fall_out_bug/sdp-trace/internal/prreview/prreview_144_digestjson.go:18.2,19.43 2 1
github.com/fall_out_bug/sdp-trace/internal/prreview/prreview_145_packetdigest.go:3.50,11.2 3 1
github.com/fall_out_bug/sdp-trace/internal/prreview/prreview_146_ensurenewdir.go:13.38,18.35 1 1
github.com/fall_out_bug/sdp-trace/internal/prreview/prreview_146_ensurenewdir.go:18.35,20.3 1 0
github.com/fall_out_bug/sdp-trace/internal/prreview/prreview_146_ensurenewdir.go:21.2,22.33 2 1
github.com/fall_out_bug/sdp-trace/internal/prreview/prreview_146_ensurenewdir.go:22.33,24.3 1 0
github.com/fall_out_bug/sdp-trace/internal/prreview/prreview_146_ensurenewdir.go:25.2,25.24 1 1
github.com/fall_out_bug/sdp-trace/internal/prreview/prreview_146_ensurenewdir.go:25.24,27.3 1 0
github.com/fall_out_bug/sdp-trace/internal/prreview/prreview_146_ensurenewdir.go:28.2,28.33 1 1
github.com/fall_out_bug/sdp-trace/internal/prreview/prreview_147_dirhasentries.go:7.59,9.2 1 1
github.com/fall_out_bug/sdp-trace/internal/prreview/prreview_148_readdirfailed.go:8.36,10.2 1 1
github.com/fall_out_bug/sdp-trace/internal/prreview/prreview_149_validcistate.go:3.38,7.15 1 1
github.com/fall_out_bug/sdp-trace/internal/prreview/prreview_149_validcistate.go:8.79,10.14 1 1
github.com/fall_out_bug/sdp-trace/internal/prreview/prreview_149_validcistate.go:11.10,12.15 1 0
github.com/fall_out_bug/sdp-trace/internal/prreview/prreview_150_validrunner.go:3.38,8.16 1 1
github.com/fall_out_bug/sdp-trace/internal/prreview/prreview_150_validrunner.go:9.54,10.14 1 1
github.com/fall_out_bug/sdp-trace/internal/prreview/prreview_150_validrunner.go:11.10,12.15 1 1
github.com/fall_out_bug/sdp-trace/internal/prreview/prreview_151_planeresult.go:3.53,9.34 2 1
github.com/fall_out_bug/sdp-trace/internal/prreview/prreview_151_planeresult.go:9.34,12.3 2 1
github.com/fall_out_bug/sdp-trace/internal/prreview/prreview_151_planeresult.go:13.2,13.41 1 1
github.com/fall_out_bug/sdp-trace/internal/prreview/prreview_151_planeresult.go:13.41,17.3 3 1
github.com/fall_out_bug/sdp-trace/internal/prreview/prreview_151_planeresult.go:18.2,19.11 2 1
github.com/fall_out_bug/sdp-trace/internal/prreview/prreview_152_reviewerstatususable.go:3.47,5.2 1 1
github.com/fall_out_bug/sdp-trace/internal/prreview/prreview_153_reviewerresultusable.go:3.55,8.2 1 1
github.com/fall_out_bug/sdp-trace/internal/prreview/prreview_154_reviewerstatusaction.go:3.59,15.39 2 1
github.com/fall_out_bug/sdp-trace/internal/prreview/prreview_154_reviewerstatusaction.go:15.39,17.3 1 1
github.com/fall_out_bug/sdp-trace/internal/prreview/prreview_154_reviewerstatusaction.go:18.2,18.34 1 1
github.com/fall_out_bug/sdp-trace/internal/prreview/prreview_154_reviewerstatusaction.go:18.34,20.3 1 1
github.com/fall_out_bug/sdp-trace/internal/prreview/prreview_154_reviewerstatusaction.go:21.2,21.67 1 0
github.com/fall_out_bug/sdp-trace/internal/prreview/prreview_155_defaultdisposition.go:3.49,8.32 1 1
github.com/fall_out_bug/sdp-trace/internal/prreview/prreview_155_defaultdisposition.go:9.39,10.44 1 1
github.com/fall_out_bug/sdp-trace/internal/prreview/prreview_155_defaultdisposition.go:11.10,12.40 1 1
github.com/fall_out_bug/sdp-trace/internal/prreview/prreview_156_safeseverity.go:3.43,7.18 1 1
github.com/fall_out_bug/sdp-trace/internal/prreview/prreview_156_safeseverity.go:8.77,10.18 1 1
github.com/fall_out_bug/sdp-trace/internal/prreview/prreview_156_safeseverity.go:11.10,12.31 1 0
github.com/fall_out_bug/sdp-trace/internal/prreview/prreview_157_citationresolvable.go:3.64,8.34 1 1
github.com/fall_out_bug/sdp-trace/internal/prreview/prreview_157_citationresolvable.go:8.34,10.3 1 1
github.com/fall_out_bug/sdp-trace/internal/prreview/prreview_157_citationresolvable.go:11.2,11.67 1 1
github.com/fall_out_bug/sdp-trace/internal/prreview/prreview_157_citationresolvable.go:11.67,13.3 1 1
github.com/fall_out_bug/sdp-trace/internal/prreview/prreview_157_citationresolvable.go:14.2,14.36 1 1
github.com/fall_out_bug/sdp-trace/internal/prreview/prreview_158_citationhasanchor.go:3.48,5.2 1 1
github.com/fall_out_bug/sdp-trace/internal/prreview/prreview_159_citationrefresolvable.go:3.75,8.45 1 1
github.com/fall_out_bug/sdp-trace/internal/prreview/prreview_159_citationrefresolvable.go:8.45,9.41 1 1
github.com/fall_out_bug/sdp-trace/internal/prreview/prreview_159_citationrefresolvable.go:9.41,11.4 1 1
github.com/fall_out_bug/sdp-trace/internal/prreview/prreview_159_citationrefresolvable.go:13.2,13.21 1 1
github.com/fall_out_bug/sdp-trace/internal/prreview/prreview_162_citationmatchesdiff.go:3.65,5.2 1 1
github.com/fall_out_bug/sdp-trace/internal/prreview/prreview_163_citationmatchescontext.go:3.68,5.2 1 1
github.com/fall_out_bug/sdp-trace/internal/prreview/prreview_164_citationmatchesverification.go:3.73,5.2 1 1
github.com/fall_out_bug/sdp-trace/internal/prreview/prreview_165_saferefidexists.go:3.54,7.27 1 1
github.com/fall_out_bug/sdp-trace/internal/prreview/prreview_165_saferefidexists.go:7.27,8.19 1 1
github.com/fall_out_bug/sdp-trace/internal/prreview/prreview_165_saferefidexists.go:8.19,11.4 1 1
github.com/fall_out_bug/sdp-trace/internal/prreview/prreview_165_saferefidexists.go:13.2,13.14 1 1
github.com/fall_out_bug/sdp-trace/internal/prreview/prreview_166_citationhasdifflocation.go:3.54,6.2 1 1
github.com/fall_out_bug/sdp-trace/internal/prreview/prreview_167_citationhascontextlocation.go:3.57,6.2 1 1
github.com/fall_out_bug/sdp-trace/internal/prreview/prreview_168_citationhasverificationlocation.go:3.62,6.2 1 1
github.com/fall_out_bug/sdp-trace/internal/prreview/prreview_169_safetext.go:3.35,8.16 1 1
github.com/fall_out_bug/sdp-trace/internal/prreview/prreview_169_safetext.go:8.16,10.3 1 0
github.com/fall_out_bug/sdp-trace/internal/prreview/prreview_169_safetext.go:11.2,11.71 1 1
github.com/fall_out_bug/sdp-trace/internal/prreview/prreview_169_safetext.go:11.71,13.3 1 1
github.com/fall_out_bug/sdp-trace/internal/prreview/prreview_169_safetext.go:14.2,14.13 1 1
github.com/fall_out_bug/sdp-trace/internal/prreview/prreview_170_containsunsafetextmarker.go:7.49,12.39 2 1
github.com/fall_out_bug/sdp-trace/internal/prreview/prreview_170_containsunsafetextmarker.go:12.39,13.37 1 1
github.com/fall_out_bug/sdp-trace/internal/prreview/prreview_170_containsunsafetextmarker.go:13.37,16.4 1 1
github.com/fall_out_bug/sdp-trace/internal/prreview/prreview_170_containsunsafetextmarker.go:18.2,18.14 1 1
github.com/fall_out_bug/sdp-trace/internal/prreview/prreview_171_containsunsafetextpattern.go:7.50,9.2 1 1
github.com/fall_out_bug/sdp-trace/internal/prreview/prreview_172_uniquestrings.go:7.46,14.31 3 1
github.com/fall_out_bug/sdp-trace/internal/prreview/prreview_172_uniquestrings.go:14.31,16.33 2 1
github.com/fall_out_bug/sdp-trace/internal/prreview/prreview_172_uniquestrings.go:16.33,17.12 1 1
github.com/fall_out_bug/sdp-trace/internal/prreview/prreview_172_uniquestrings.go:19.3,20.27 2 1
github.com/fall_out_bug/sdp-trace/internal/prreview/prreview_172_uniquestrings.go:22.2,23.12 2 1
github.com/fall_out_bug/sdp-trace/internal/prreview/prreview_173_commanddigest.go:10.45,15.23 1 1
github.com/fall_out_bug/sdp-trace/internal/prreview/prreview_173_commanddigest.go:15.23,17.3 1 1
github.com/fall_out_bug/sdp-trace/internal/prreview/prreview_173_commanddigest.go:18.2,19.47 2 1
github.com/fall_out_bug/sdp-trace/internal/prreview/prreview_174_contextkind.go:9.38,15.40 2 1
github.com/fall_out_bug/sdp-trace/internal/prreview/prreview_174_contextkind.go:15.40,17.3 1 1
github.com/fall_out_bug/sdp-trace/internal/prreview/prreview_174_contextkind.go:18.2,18.34 1 1
github.com/fall_out_bug/sdp-trace/internal/prreview/prreview_175_contextkindbyextension.go:3.48,7.13 1 1
github.com/fall_out_bug/sdp-trace/internal/prreview/prreview_175_contextkindbyextension.go:8.15,10.23 1 1
github.com/fall_out_bug/sdp-trace/internal/prreview/prreview_175_contextkindbyextension.go:11.10,12.30 1 1
github.com/fall_out_bug/sdp-trace/internal/prreview/prreview_176_markdowncontextkind.go:9.46,13.68 1 1
github.com/fall_out_bug/sdp-trace/internal/prreview/prreview_176_markdowncontextkind.go:13.68,16.3 1 1
github.com/fall_out_bug/sdp-trace/internal/prreview/prreview_176_markdowncontextkind.go:17.2,17.19 1 1
github.com/fall_out_bug/sdp-trace/internal/prreview/prreview_177_contenttype.go:9.38,13.45 1 1
github.com/fall_out_bug/sdp-trace/internal/prreview/prreview_177_contenttype.go:14.15,16.21 1 1
github.com/fall_out_bug/sdp-trace/internal/prreview/prreview_177_contenttype.go:17.26,18.25 1 1
github.com/fall_out_bug/sdp-trace/internal/prreview/prreview_177_contenttype.go:19.10,20.21 1 1
github.com/fall_out_bug/sdp-trace/internal/prreview/prreview_178_normalizedext.go:9.40,14.13 2 1
github.com/fall_out_bug/sdp-trace/internal/prreview/prreview_178_normalizedext.go:15.49,17.13 1 1
github.com/fall_out_bug/sdp-trace/internal/prreview/prreview_178_normalizedext.go:18.10,19.16 1 0
github.com/fall_out_bug/sdp-trace/internal/prreview/prreview_179_safeid.go:7.34,13.15 3 1
github.com/fall_out_bug/sdp-trace/internal/prreview/prreview_179_safeid.go:13.15,16.3 1 1
github.com/fall_out_bug/sdp-trace/internal/prreview/prreview_179_safeid.go:17.2,17.12 1 1
github.com/fall_out_bug/sdp-trace/internal/prreview/prreview_181_safeidmapper.go:7.32,11.69 1 1
github.com/fall_out_bug/sdp-trace/internal/prreview/prreview_181_safeidmapper.go:11.69,13.3 1 1
github.com/fall_out_bug/sdp-trace/internal/prreview/prreview_181_safeidmapper.go:15.2,15.12 1 1
github.com/fall_out_bug/sdp-trace/internal/prreview/prreview_182_defaultstring.go:7.51,11.36 1 1
github.com/fall_out_bug/sdp-trace/internal/prreview/prreview_182_defaultstring.go:11.36,14.3 1 1
github.com/fall_out_bug/sdp-trace/internal/prreview/prreview_182_defaultstring.go:15.2,15.14 1 1
github.com/fall_out_bug/sdp-trace/internal/prreview/prreview_183_copy.go:7.43,10.2 2 0
github.com/fall_out_bug/sdp-trace/tools/qualitycheck/analyze.go:3.58,5.29 2 1
github.com/fall_out_bug/sdp-trace/tools/qualitycheck/analyze.go:5.29,9.17 2 1
github.com/fall_out_bug/sdp-trace/tools/qualitycheck/analyze.go:9.17,11.4 1 0
github.com/fall_out_bug/sdp-trace/tools/qualitycheck/analyze.go:12.3,13.60 2 1
github.com/fall_out_bug/sdp-trace/tools/qualitycheck/analyze.go:15.2,15.20 1 1
github.com/fall_out_bug/sdp-trace/tools/qualitycheck/analyze_file.go:15.69,17.16 2 1
github.com/fall_out_bug/sdp-trace/tools/qualitycheck/analyze_file.go:17.16,19.3 1 0
github.com/fall_out_bug/sdp-trace/tools/qualitycheck/analyze_file.go:20.2,24.16 3 1
github.com/fall_out_bug/sdp-trace/tools/qualitycheck/analyze_file.go:24.16,26.3 1 0
github.com/fall_out_bug/sdp-trace/tools/qualitycheck/analyze_file.go:27.2,27.87 1 1
github.com/fall_out_bug/sdp-trace/tools/qualitycheck/analyze_file.go:30.76,33.52 1 1
github.com/fall_out_bug/sdp-trace/tools/qualitycheck/analyze_file.go:33.52,37.3 1 0
github.com/fall_out_bug/sdp-trace/tools/qualitycheck/analyze_file.go:38.2,38.56 1 1
github.com/fall_out_bug/sdp-trace/tools/qualitycheck/analyze_file.go:38.56,42.3 1 1
github.com/fall_out_bug/sdp-trace/tools/qualitycheck/analyze_file.go:43.2,43.17 1 1
github.com/fall_out_bug/sdp-trace/tools/qualitycheck/analyze_file.go:46.63,47.19 1 1
github.com/fall_out_bug/sdp-trace/tools/qualitycheck/analyze_file.go:47.19,49.3 1 1
github.com/fall_out_bug/sdp-trace/tools/qualitycheck/analyze_file.go:52.2,52.21 1 1
github.com/fall_out_bug/sdp-trace/tools/qualitycheck/baseline.go:28.68,31.65 1 1
github.com/fall_out_bug/sdp-trace/tools/qualitycheck/baseline.go:31.65,34.3 1 1
github.com/fall_out_bug/sdp-trace/tools/qualitycheck/baseline.go:37.2,37.48 1 1
github.com/fall_out_bug/sdp-trace/tools/qualitycheck/baseline.go:40.74,42.52 1 1
github.com/fall_out_bug/sdp-trace/tools/qualitycheck/baseline.go:42.52,45.3 1 0
github.com/fall_out_bug/sdp-trace/tools/qualitycheck/baseline.go:46.2,46.51 1 1
github.com/fall_out_bug/sdp-trace/tools/qualitycheck/baseline.go:46.51,49.3 1 1
github.com/fall_out_bug/sdp-trace/tools/qualitycheck/baseline.go:50.2,50.17 1 1
github.com/fall_out_bug/sdp-trace/tools/qualitycheck/baseline.go:53.49,57.2 1 1
github.com/fall_out_bug/sdp-trace/tools/qualitycheck/baseline_build.go:3.90,9.38 2 1
github.com/fall_out_bug/sdp-trace/tools/qualitycheck/baseline_build.go:9.38,13.43 1 1
github.com/fall_out_bug/sdp-trace/tools/qualitycheck/baseline_build.go:13.43,14.12 1 0
github.com/fall_out_bug/sdp-trace/tools/qualitycheck/baseline_build.go:17.3,23.5 1 1
github.com/fall_out_bug/sdp-trace/tools/qualitycheck/baseline_build.go:25.2,34.3 1 1
github.com/fall_out_bug/sdp-trace/tools/qualitycheck/baseline_build_file.go:3.82,9.36 2 1
github.com/fall_out_bug/sdp-trace/tools/qualitycheck/baseline_build_file.go:9.36,12.45 1 1
github.com/fall_out_bug/sdp-trace/tools/qualitycheck/baseline_build_file.go:12.45,13.12 1 0
github.com/fall_out_bug/sdp-trace/tools/qualitycheck/baseline_build_file.go:15.3,19.5 1 1
github.com/fall_out_bug/sdp-trace/tools/qualitycheck/baseline_build_file.go:21.2,28.3 1 1
github.com/fall_out_bug/sdp-trace/tools/qualitycheck/baseline_io.go:9.50,14.16 3 1
github.com/fall_out_bug/sdp-trace/tools/qualitycheck/baseline_io.go:14.16,16.3 1 1
github.com/fall_out_bug/sdp-trace/tools/qualitycheck/baseline_io.go:19.2,19.56 1 1
github.com/fall_out_bug/sdp-trace/tools/qualitycheck/baseline_io.go:19.56,21.3 1 0
github.com/fall_out_bug/sdp-trace/tools/qualitycheck/baseline_io.go:22.2,22.19 1 1
github.com/fall_out_bug/sdp-trace/tools/qualitycheck/baseline_keys.go:3.44,7.2 1 1
github.com/fall_out_bug/sdp-trace/tools/qualitycheck/baseline_keys.go:9.38,13.2 1 1
github.com/fall_out_bug/sdp-trace/tools/qualitycheck/baseline_read.go:12.97,16.16 2 1
github.com/fall_out_bug/sdp-trace/tools/qualitycheck/baseline_read.go:16.16,18.3 1 1
github.com/fall_out_bug/sdp-trace/tools/qualitycheck/baseline_read.go:21.2,21.44 1 1
github.com/fall_out_bug/sdp-trace/tools/qualitycheck/baseline_read.go:21.44,25.3 1 1
github.com/fall_out_bug/sdp-trace/tools/qualitycheck/baseline_read.go:26.2,26.22 1 1
github.com/fall_out_bug/sdp-trace/tools/qualitycheck/baseline_read.go:29.80,32.28 1 1
github.com/fall_out_bug/sdp-trace/tools/qualitycheck/baseline_read.go:32.28,34.3 1 1
github.com/fall_out_bug/sdp-trace/tools/qualitycheck/baseline_read.go:35.2,37.43 3 1
github.com/fall_out_bug/sdp-trace/tools/qualitycheck/baseline_read.go:37.43,40.3 2 1
github.com/fall_out_bug/sdp-trace/tools/qualitycheck/baseline_read.go:41.2,41.25 1 1
github.com/fall_out_bug/sdp-trace/tools/qualitycheck/baseline_schema.go:9.59,11.2 1 1
github.com/fall_out_bug/sdp-trace/tools/qualitycheck/baseline_schema.go:14.55,16.2 1 1
github.com/fall_out_bug/sdp-trace/tools/qualitycheck/baseline_schema.go:18.59,20.50 1 1
github.com/fall_out_bug/sdp-trace/tools/qualitycheck/baseline_schema.go:20.50,23.3 1 0
github.com/fall_out_bug/sdp-trace/tools/qualitycheck/baseline_schema.go:25.2,25.54 1 1
github.com/fall_out_bug/sdp-trace/tools/qualitycheck/baseline_schema.go:28.65,31.52 1 1
github.com/fall_out_bug/sdp-trace/tools/qualitycheck/baseline_schema.go:31.52,34.3 1 1
github.com/fall_out_bug/sdp-trace/tools/qualitycheck/baseline_schema.go:35.2,35.52 1 1
github.com/fall_out_bug/sdp-trace/tools/qualitycheck/baseline_schema.go:35.52,38.3 1 1
github.com/fall_out_bug/sdp-trace/tools/qualitycheck/baseline_schema.go:39.2,39.10 1 1
github.com/fall_out_bug/sdp-trace/tools/qualitycheck/baseline_schema.go:42.46,44.2 1 1
github.com/fall_out_bug/sdp-trace/tools/qualitycheck/baseline_write.go:12.136,15.55 1 1
github.com/fall_out_bug/sdp-trace/tools/qualitycheck/baseline_write.go:15.55,18.3 2 0
github.com/fall_out_bug/sdp-trace/tools/qualitycheck/baseline_write.go:19.2,19.10 1 1
github.com/fall_out_bug/sdp-trace/tools/qualitycheck/baseline_write_file.go:9.50,13.16 2 1
github.com/fall_out_bug/sdp-trace/tools/qualitycheck/baseline_write_file.go:13.16,15.3 1 0
github.com/fall_out_bug/sdp-trace/tools/qualitycheck/baseline_write_file.go:17.2,18.43 2 1
github.com/fall_out_bug/sdp-trace/tools/qualitycheck/baseline_write_mi.go:3.94,6.2 1 1
github.com/fall_out_bug/sdp-trace/tools/qualitycheck/baseline_write_mi.go:8.90,11.2 1 1
github.com/fall_out_bug/sdp-trace/tools/qualitycheck/boolean.go:8.56,12.41 2 1
github.com/fall_out_bug/sdp-trace/tools/qualitycheck/boolean.go:12.41,14.3 1 1
github.com/fall_out_bug/sdp-trace/tools/qualitycheck/boolean.go:15.2,15.14 1 1
github.com/fall_out_bug/sdp-trace/tools/qualitycheck/boolean_breaks.go:9.45,13.51 2 1
github.com/fall_out_bug/sdp-trace/tools/qualitycheck/boolean_breaks.go:13.51,15.64 2 1
github.com/fall_out_bug/sdp-trace/tools/qualitycheck/boolean_breaks.go:15.64,18.4 1 1
github.com/fall_out_bug/sdp-trace/tools/qualitycheck/boolean_breaks.go:20.3,20.14 1 1
github.com/fall_out_bug/sdp-trace/tools/qualitycheck/boolean_breaks.go:22.2,22.14 1 1
github.com/fall_out_bug/sdp-trace/tools/qualitycheck/comment_group.go:9.88,11.2 1 1
github.com/fall_out_bug/sdp-trace/tools/qualitycheck/comments.go:9.90,11.31 2 1
github.com/fall_out_bug/sdp-trace/tools/qualitycheck/comments.go:11.31,14.46 1 1
github.com/fall_out_bug/sdp-trace/tools/qualitycheck/comments.go:14.46,15.12 1 1
github.com/fall_out_bug/sdp-trace/tools/qualitycheck/comments.go:17.3,17.38 1 1
github.com/fall_out_bug/sdp-trace/tools/qualitycheck/comments.go:17.38,21.4 1 1
github.com/fall_out_bug/sdp-trace/tools/qualitycheck/comments.go:23.2,23.14 1 1
github.com/fall_out_bug/sdp-trace/tools/qualitycheck/complexity.go:8.48,9.20 1 1
github.com/fall_out_bug/sdp-trace/tools/qualitycheck/complexity.go:9.20,13.3 1 0
github.com/fall_out_bug/sdp-trace/tools/qualitycheck/complexity.go:14.2,14.43 1 1
github.com/fall_out_bug/sdp-trace/tools/qualitycheck/complexity.go:18.64,22.39 2 1
github.com/fall_out_bug/sdp-trace/tools/qualitycheck/complexity.go:22.39,24.3 1 1
github.com/fall_out_bug/sdp-trace/tools/qualitycheck/complexity.go:25.2,25.14 1 1
github.com/fall_out_bug/sdp-trace/tools/qualitycheck/complexity_clause.go:7.59,9.33 2 1
github.com/fall_out_bug/sdp-trace/tools/qualitycheck/complexity_clause.go:9.33,12.35 1 1
github.com/fall_out_bug/sdp-trace/tools/qualitycheck/complexity_clause.go:13.24,15.57 1 1
github.com/fall_out_bug/sdp-trace/tools/qualitycheck/complexity_clause.go:16.24,18.57 1 1
github.com/fall_out_bug/sdp-trace/tools/qualitycheck/complexity_clause.go:21.2,21.14 1 1
github.com/fall_out_bug/sdp-trace/tools/qualitycheck/complexity_if.go:5.63,10.45 3 1
github.com/fall_out_bug/sdp-trace/tools/qualitycheck/complexity_if.go:11.19,14.49 1 1
github.com/fall_out_bug/sdp-trace/tools/qualitycheck/complexity_if.go:15.22,17.57 1 0
github.com/fall_out_bug/sdp-trace/tools/qualitycheck/complexity_if.go:19.2,19.14 1 1
github.com/fall_out_bug/sdp-trace/tools/qualitycheck/complexity_score.go:7.59,11.2 1 1
github.com/fall_out_bug/sdp-trace/tools/qualitycheck/complexity_score.go:15.64,19.2 1 1
github.com/fall_out_bug/sdp-trace/tools/qualitycheck/complexity_statement.go:5.62,8.60 1 1
github.com/fall_out_bug/sdp-trace/tools/qualitycheck/complexity_statement.go:8.60,10.3 1 1
github.com/fall_out_bug/sdp-trace/tools/qualitycheck/complexity_statement.go:11.2,11.66 1 1
github.com/fall_out_bug/sdp-trace/tools/qualitycheck/complexity_statement.go:11.66,13.3 1 1
github.com/fall_out_bug/sdp-trace/tools/qualitycheck/complexity_statement.go:14.2,14.53 1 1
github.com/fall_out_bug/sdp-trace/tools/qualitycheck/complexity_statement.go:17.69,19.48 1 1
github.com/fall_out_bug/sdp-trace/tools/qualitycheck/complexity_statement.go:19.48,22.3 1 1
github.com/fall_out_bug/sdp-trace/tools/qualitycheck/complexity_statement.go:24.2,24.51 1 1
github.com/fall_out_bug/sdp-trace/tools/qualitycheck/complexity_statement.go:27.74,29.49 1 1
github.com/fall_out_bug/sdp-trace/tools/qualitycheck/complexity_statement.go:29.49,32.3 1 1
github.com/fall_out_bug/sdp-trace/tools/qualitycheck/complexity_statement.go:33.2,33.51 1 1
github.com/fall_out_bug/sdp-trace/tools/qualitycheck/complexity_statement.go:33.51,36.3 1 1
github.com/fall_out_bug/sdp-trace/tools/qualitycheck/complexity_statement.go:37.2,37.17 1 1
github.com/fall_out_bug/sdp-trace/tools/qualitycheck/cyclomatic.go:8.46,12.48 2 1
github.com/fall_out_bug/sdp-trace/tools/qualitycheck/cyclomatic.go:12.48,15.3 2 1
github.com/fall_out_bug/sdp-trace/tools/qualitycheck/cyclomatic.go:16.2,16.14 1 1
github.com/fall_out_bug/sdp-trace/tools/qualitycheck/cyclomatic_increment.go:9.45,12.32 1 1
github.com/fall_out_bug/sdp-trace/tools/qualitycheck/cyclomatic_increment.go:13.83,15.11 1 1
github.com/fall_out_bug/sdp-trace/tools/qualitycheck/cyclomatic_increment.go:16.23,18.21 1 1
github.com/fall_out_bug/sdp-trace/tools/qualitycheck/cyclomatic_increment.go:19.30,20.12 1 1
github.com/fall_out_bug/sdp-trace/tools/qualitycheck/cyclomatic_increment.go:23.2,23.10 1 1
github.com/fall_out_bug/sdp-trace/tools/qualitycheck/discover.go:8.58,10.29 2 1
github.com/fall_out_bug/sdp-trace/tools/qualitycheck/discover.go:10.29,14.17 2 1
github.com/fall_out_bug/sdp-trace/tools/qualitycheck/discover.go:14.17,16.4 1 0
github.com/fall_out_bug/sdp-trace/tools/qualitycheck/discover.go:17.3,17.34 1 1
github.com/fall_out_bug/sdp-trace/tools/qualitycheck/discover.go:19.2,19.28 1 1
github.com/fall_out_bug/sdp-trace/tools/qualitycheck/discover.go:22.51,26.16 2 1
github.com/fall_out_bug/sdp-trace/tools/qualitycheck/discover.go:26.16,28.3 1 0
github.com/fall_out_bug/sdp-trace/tools/qualitycheck/discover.go:31.2,31.19 1 1
github.com/fall_out_bug/sdp-trace/tools/qualitycheck/discover.go:31.19,32.27 1 1
github.com/fall_out_bug/sdp-trace/tools/qualitycheck/discover.go:32.27,34.4 1 1
github.com/fall_out_bug/sdp-trace/tools/qualitycheck/discover.go:35.3,35.18 1 0
github.com/fall_out_bug/sdp-trace/tools/qualitycheck/discover.go:37.2,37.26 1 1
github.com/fall_out_bug/sdp-trace/tools/qualitycheck/discover.go:40.49,44.94 2 1
github.com/fall_out_bug/sdp-trace/tools/qualitycheck/discover.go:44.94,48.3 1 1
github.com/fall_out_bug/sdp-trace/tools/qualitycheck/discover.go:49.2,49.19 1 1
github.com/fall_out_bug/sdp-trace/tools/qualitycheck/discover_walk.go:9.94,10.20 1 1
github.com/fall_out_bug/sdp-trace/tools/qualitycheck/discover_walk.go:10.20,12.3 1 1
github.com/fall_out_bug/sdp-trace/tools/qualitycheck/discover_walk.go:13.2,13.19 1 1
github.com/fall_out_bug/sdp-trace/tools/qualitycheck/discover_walk.go:13.19,15.3 1 1
github.com/fall_out_bug/sdp-trace/tools/qualitycheck/discover_walk.go:18.2,18.30 1 1
github.com/fall_out_bug/sdp-trace/tools/qualitycheck/discover_walk.go:18.30,20.3 1 1
github.com/fall_out_bug/sdp-trace/tools/qualitycheck/discover_walk.go:21.2,21.12 1 1
github.com/fall_out_bug/sdp-trace/tools/qualitycheck/discover_walk.go:24.37,25.25 1 1
github.com/fall_out_bug/sdp-trace/tools/qualitycheck/discover_walk.go:25.25,29.3 1 1
github.com/fall_out_bug/sdp-trace/tools/qualitycheck/discover_walk.go:30.2,30.12 1 1
github.com/fall_out_bug/sdp-trace/tools/qualitycheck/discover_walk.go:33.75,35.67 1 1
github.com/fall_out_bug/sdp-trace/tools/qualitycheck/discover_walk.go:35.67,38.3 1 1
github.com/fall_out_bug/sdp-trace/tools/qualitycheck/discover_walk.go:39.2,39.52 1 1
github.com/fall_out_bug/sdp-trace/tools/qualitycheck/discover_walk.go:39.52,42.3 1 1
github.com/fall_out_bug/sdp-trace/tools/qualitycheck/discover_walk.go:43.2,43.17 1 1
github.com/fall_out_bug/sdp-trace/tools/qualitycheck/function_metric_build.go:6.123,29.2 1 1
github.com/fall_out_bug/sdp-trace/tools/qualitycheck/halstead.go:7.44,16.43 4 1
github.com/fall_out_bug/sdp-trace/tools/qualitycheck/halstead.go:16.43,18.3 1 0
github.com/fall_out_bug/sdp-trace/tools/qualitycheck/halstead.go:19.2,19.64 1 1
github.com/fall_out_bug/sdp-trace/tools/qualitycheck/halstead_scan.go:8.64,15.6 5 1
github.com/fall_out_bug/sdp-trace/tools/qualitycheck/halstead_scan.go:15.6,17.23 2 1
github.com/fall_out_bug/sdp-trace/tools/qualitycheck/halstead_scan.go:17.23,19.4 1 1
github.com/fall_out_bug/sdp-trace/tools/qualitycheck/halstead_scan.go:20.3,20.41 1 1
github.com/fall_out_bug/sdp-trace/tools/qualitycheck/lines.go:5.37,9.19 2 1
github.com/fall_out_bug/sdp-trace/tools/qualitycheck/lines.go:9.19,12.3 1 0
github.com/fall_out_bug/sdp-trace/tools/qualitycheck/lines.go:13.2,13.41 1 1
github.com/fall_out_bug/sdp-trace/tools/qualitycheck/main.go:10.13,12.2 1 0
github.com/fall_out_bug/sdp-trace/tools/qualitycheck/main.go:15.55,19.9 2 1
github.com/fall_out_bug/sdp-trace/tools/qualitycheck/main.go:19.9,21.3 1 1
github.com/fall_out_bug/sdp-trace/tools/qualitycheck/main.go:22.2,22.52 1 1
github.com/fall_out_bug/sdp-trace/tools/qualitycheck/main.go:27.81,29.16 2 1
github.com/fall_out_bug/sdp-trace/tools/qualitycheck/main.go:29.16,32.3 2 0
github.com/fall_out_bug/sdp-trace/tools/qualitycheck/main.go:35.2,35.66 1 1
github.com/fall_out_bug/sdp-trace/tools/qualitycheck/main.go:35.66,37.3 1 1
github.com/fall_out_bug/sdp-trace/tools/qualitycheck/main.go:40.2,40.39 1 1
github.com/fall_out_bug/sdp-trace/tools/qualitycheck/main.go:40.39,42.3 1 1
github.com/fall_out_bug/sdp-trace/tools/qualitycheck/main.go:43.2,43.10 1 1
github.com/fall_out_bug/sdp-trace/tools/qualitycheck/main.go:47.95,50.40 1 1
github.com/fall_out_bug/sdp-trace/tools/qualitycheck/main.go:50.40,52.3 1 1
github.com/fall_out_bug/sdp-trace/tools/qualitycheck/main.go:53.2,53.36 1 1
github.com/fall_out_bug/sdp-trace/tools/qualitycheck/main.go:53.36,55.3 1 1
github.com/fall_out_bug/sdp-trace/tools/qualitycheck/main.go:56.2,56.17 1 1
github.com/fall_out_bug/sdp-trace/tools/qualitycheck/maintainability.go:7.91,8.16 1 1
github.com/fall_out_bug/sdp-trace/tools/qualitycheck/maintainability.go:8.16,12.3 1 0
github.com/fall_out_bug/sdp-trace/tools/qualitycheck/maintainability.go:15.2,17.22 3 1
github.com/fall_out_bug/sdp-trace/tools/qualitycheck/maintainability.go:17.22,21.3 1 0
github.com/fall_out_bug/sdp-trace/tools/qualitycheck/maintainability.go:22.2,24.17 3 1
github.com/fall_out_bug/sdp-trace/tools/qualitycheck/maintainability.go:24.17,29.3 1 1
github.com/fall_out_bug/sdp-trace/tools/qualitycheck/maintainability.go:30.2,30.40 1 1
github.com/fall_out_bug/sdp-trace/tools/qualitycheck/maintainability_clamp.go:6.41,8.2 1 1
github.com/fall_out_bug/sdp-trace/tools/qualitycheck/measure.go:8.104,12.36 2 1
github.com/fall_out_bug/sdp-trace/tools/qualitycheck/measure.go:12.36,16.10 2 1
github.com/fall_out_bug/sdp-trace/tools/qualitycheck/measure.go:16.10,17.12 1 1
github.com/fall_out_bug/sdp-trace/tools/qualitycheck/measure.go:19.3,19.74 1 1
github.com/fall_out_bug/sdp-trace/tools/qualitycheck/measure.go:21.2,21.16 1 1
github.com/fall_out_bug/sdp-trace/tools/qualitycheck/measure_file.go:7.72,13.34 4 1
github.com/fall_out_bug/sdp-trace/tools/qualitycheck/measure_file.go:13.34,20.3 1 1
github.com/fall_out_bug/sdp-trace/tools/qualitycheck/measure_file.go:23.2,36.3 3 1
github.com/fall_out_bug/sdp-trace/tools/qualitycheck/measure_file.go:39.54,41.2 1 1
github.com/fall_out_bug/sdp-trace/tools/qualitycheck/measure_file.go:43.45,48.36 1 1
github.com/fall_out_bug/sdp-trace/tools/qualitycheck/measure_file.go:48.36,49.40 1 1
github.com/fall_out_bug/sdp-trace/tools/qualitycheck/measure_file.go:49.40,51.4 1 1
github.com/fall_out_bug/sdp-trace/tools/qualitycheck/measure_file.go:53.2,53.14 1 0
github.com/fall_out_bug/sdp-trace/tools/qualitycheck/measure_function.go:9.119,14.2 2 1
github.com/fall_out_bug/sdp-trace/tools/qualitycheck/measure_function.go:17.117,39.2 7 1
github.com/fall_out_bug/sdp-trace/tools/qualitycheck/names.go:7.44,8.46 1 1
github.com/fall_out_bug/sdp-trace/tools/qualitycheck/names.go:8.46,11.3 1 1
github.com/fall_out_bug/sdp-trace/tools/qualitycheck/names.go:12.2,13.9 2 1
github.com/fall_out_bug/sdp-trace/tools/qualitycheck/names.go:13.9,17.3 1 0
github.com/fall_out_bug/sdp-trace/tools/qualitycheck/names.go:20.2,20.45 1 1
github.com/fall_out_bug/sdp-trace/tools/qualitycheck/option_flags.go:23.54,40.2 1 1
github.com/fall_out_bug/sdp-trace/tools/qualitycheck/options.go:9.78,17.42 4 1
github.com/fall_out_bug/sdp-trace/tools/qualitycheck/options.go:17.42,21.3 1 1
github.com/fall_out_bug/sdp-trace/tools/qualitycheck/options.go:24.2,25.55 2 1
github.com/fall_out_bug/sdp-trace/tools/qualitycheck/options.go:29.71,51.2 1 1
github.com/fall_out_bug/sdp-trace/tools/qualitycheck/options_paths.go:4.52,5.21 1 1
github.com/fall_out_bug/sdp-trace/tools/qualitycheck/options_paths.go:5.21,9.3 1 1
github.com/fall_out_bug/sdp-trace/tools/qualitycheck/options_paths.go:12.2,12.22 1 0
github.com/fall_out_bug/sdp-trace/tools/qualitycheck/output.go:5.42,6.21 1 1
github.com/fall_out_bug/sdp-trace/tools/qualitycheck/output.go:6.21,10.3 1 0
github.com/fall_out_bug/sdp-trace/tools/qualitycheck/output.go:11.2,11.17 1 1
github.com/fall_out_bug/sdp-trace/tools/qualitycheck/path.go:9.39,11.2 1 1
github.com/fall_out_bug/sdp-trace/tools/qualitycheck/path.go:15.38,17.2 1 1
github.com/fall_out_bug/sdp-trace/tools/qualitycheck/path.go:20.40,23.2 2 1
github.com/fall_out_bug/sdp-trace/tools/qualitycheck/receiver.go:6.49,10.9 2 1
github.com/fall_out_bug/sdp-trace/tools/qualitycheck/receiver.go:10.9,12.3 1 0
github.com/fall_out_bug/sdp-trace/tools/qualitycheck/receiver.go:13.2,14.9 2 1
github.com/fall_out_bug/sdp-trace/tools/qualitycheck/receiver.go:14.9,16.3 1 0
github.com/fall_out_bug/sdp-trace/tools/qualitycheck/receiver.go:17.2,17.25 1 1
github.com/fall_out_bug/sdp-trace/tools/qualitycheck/receiver.go:21.56,24.40 1 1
github.com/fall_out_bug/sdp-trace/tools/qualitycheck/receiver.go:24.40,26.3 1 1
github.com/fall_out_bug/sdp-trace/tools/qualitycheck/receiver.go:27.2,27.42 1 1
github.com/fall_out_bug/sdp-trace/tools/qualitycheck/receiver.go:27.42,29.3 1 1
github.com/fall_out_bug/sdp-trace/tools/qualitycheck/receiver.go:30.2,30.39 1 1
github.com/fall_out_bug/sdp-trace/tools/qualitycheck/receiver.go:35.63,38.46 1 1
github.com/fall_out_bug/sdp-trace/tools/qualitycheck/receiver.go:38.46,40.3 1 1
github.com/fall_out_bug/sdp-trace/tools/qualitycheck/receiver.go:41.2,41.54 1 1
github.com/fall_out_bug/sdp-trace/tools/qualitycheck/receiver.go:41.54,43.3 1 1
github.com/fall_out_bug/sdp-trace/tools/qualitycheck/receiver.go:44.2,44.19 1 0
github.com/fall_out_bug/sdp-trace/tools/qualitycheck/receiver.go:48.69,50.2 1 1
github.com/fall_out_bug/sdp-trace/tools/qualitycheck/receiver.go:53.75,55.2 1 1
github.com/fall_out_bug/sdp-trace/tools/qualitycheck/report.go:6.74,36.2 7 1
github.com/fall_out_bug/sdp-trace/tools/qualitycheck/report.go:39.100,42.52 1 1
github.com/fall_out_bug/sdp-trace/tools/qualitycheck/report.go:42.52,44.3 1 1
github.com/fall_out_bug/sdp-trace/tools/qualitycheck/report.go:45.2,46.16 2 1
github.com/fall_out_bug/sdp-trace/tools/qualitycheck/report.go:46.16,48.3 1 1
github.com/fall_out_bug/sdp-trace/tools/qualitycheck/report.go:49.2,49.69 1 1
github.com/fall_out_bug/sdp-trace/tools/qualitycheck/report.go:53.92,56.48 1 1
github.com/fall_out_bug/sdp-trace/tools/qualitycheck/report.go:56.48,58.3 1 1
github.com/fall_out_bug/sdp-trace/tools/qualitycheck/report.go:59.2,60.16 2 1
github.com/fall_out_bug/sdp-trace/tools/qualitycheck/report.go:60.16,62.3 1 1
github.com/fall_out_bug/sdp-trace/tools/qualitycheck/report.go:63.2,63.61 1 1
github.com/fall_out_bug/sdp-trace/tools/qualitycheck/report_baseline.go:9.46,13.2 1 1
github.com/fall_out_bug/sdp-trace/tools/qualitycheck/report_baseline.go:16.103,21.2 2 1
github.com/fall_out_bug/sdp-trace/tools/qualitycheck/report_baseline.go:24.104,25.81 1 1
github.com/fall_out_bug/sdp-trace/tools/qualitycheck/report_baseline.go:25.81,25.102 1 1
github.com/fall_out_bug/sdp-trace/tools/qualitycheck/report_baseline.go:29.92,30.77 1 1
github.com/fall_out_bug/sdp-trace/tools/qualitycheck/report_baseline.go:30.77,30.98 1 1
github.com/fall_out_bug/sdp-trace/tools/qualitycheck/report_baseline.go:34.77,40.31 2 1
github.com/fall_out_bug/sdp-trace/tools/qualitycheck/report_baseline.go:40.31,45.3 1 1
github.com/fall_out_bug/sdp-trace/tools/qualitycheck/report_baseline.go:46.2,46.14 1 1
github.com/fall_out_bug/sdp-trace/tools/qualitycheck/report_failures.go:6.121,12.2 3 1
github.com/fall_out_bug/sdp-trace/tools/qualitycheck/report_failures.go:15.69,17.2 1 1
github.com/fall_out_bug/sdp-trace/tools/qualitycheck/report_failures.go:20.68,22.2 1 1
github.com/fall_out_bug/sdp-trace/tools/qualitycheck/report_failures.go:25.101,28.34 1 1
github.com/fall_out_bug/sdp-trace/tools/qualitycheck/report_failures.go:28.34,30.3 1 1
github.com/fall_out_bug/sdp-trace/tools/qualitycheck/report_failures.go:31.2,32.13 2 1
github.com/fall_out_bug/sdp-trace/tools/qualitycheck/report_file_mi.go:6.111,7.68 1 1
github.com/fall_out_bug/sdp-trace/tools/qualitycheck/report_file_mi.go:7.68,9.3 1 1
github.com/fall_out_bug/sdp-trace/tools/qualitycheck/report_file_mi.go:12.2,12.16 1 1
github.com/fall_out_bug/sdp-trace/tools/qualitycheck/report_file_mi.go:12.16,14.3 1 1
github.com/fall_out_bug/sdp-trace/tools/qualitycheck/report_file_mi.go:15.2,16.13 2 1
github.com/fall_out_bug/sdp-trace/tools/qualitycheck/report_files.go:9.136,11.18 2 1
github.com/fall_out_bug/sdp-trace/tools/qualitycheck/report_files.go:11.18,15.3 1 1
github.com/fall_out_bug/sdp-trace/tools/qualitycheck/report_files.go:16.2,16.29 1 1
github.com/fall_out_bug/sdp-trace/tools/qualitycheck/report_files.go:16.29,18.50 2 1
github.com/fall_out_bug/sdp-trace/tools/qualitycheck/report_files.go:18.50,20.4 1 1
github.com/fall_out_bug/sdp-trace/tools/qualitycheck/report_files.go:22.2,22.15 1 1
github.com/fall_out_bug/sdp-trace/tools/qualitycheck/report_files.go:26.68,29.19 1 1
github.com/fall_out_bug/sdp-trace/tools/qualitycheck/report_files.go:29.19,31.3 1 1
github.com/fall_out_bug/sdp-trace/tools/qualitycheck/report_files.go:32.2,32.175 1 1
github.com/fall_out_bug/sdp-trace/tools/qualitycheck/report_function_mi.go:6.132,7.82 1 1
github.com/fall_out_bug/sdp-trace/tools/qualitycheck/report_function_mi.go:7.82,9.3 1 1
github.com/fall_out_bug/sdp-trace/tools/qualitycheck/report_function_mi.go:12.2,12.17 1 1
github.com/fall_out_bug/sdp-trace/tools/qualitycheck/report_function_mi.go:12.17,15.3 2 1
github.com/fall_out_bug/sdp-trace/tools/qualitycheck/report_function_mi.go:16.2,16.104 1 1
github.com/fall_out_bug/sdp-trace/tools/qualitycheck/report_functions.go:9.152,11.31 2 1
github.com/fall_out_bug/sdp-trace/tools/qualitycheck/report_functions.go:11.31,16.3 2 1
github.com/fall_out_bug/sdp-trace/tools/qualitycheck/report_functions.go:17.2,17.15 1 1
github.com/fall_out_bug/sdp-trace/tools/qualitycheck/report_functions.go:21.74,22.18 1 1
github.com/fall_out_bug/sdp-trace/tools/qualitycheck/report_functions.go:22.18,27.3 2 1
github.com/fall_out_bug/sdp-trace/tools/qualitycheck/report_functions.go:28.2,28.19 1 1
github.com/fall_out_bug/sdp-trace/tools/qualitycheck/report_functions.go:28.19,30.3 1 1
github.com/fall_out_bug/sdp-trace/tools/qualitycheck/report_functions.go:31.2,31.157 1 1
github.com/fall_out_bug/sdp-trace/tools/qualitycheck/report_mi_record.go:12.143,14.9 2 1
github.com/fall_out_bug/sdp-trace/tools/qualitycheck/report_mi_record.go:14.9,17.3 2 1
github.com/fall_out_bug/sdp-trace/tools/qualitycheck/report_mi_record.go:20.2,21.35 2 1
github.com/fall_out_bug/sdp-trace/tools/qualitycheck/report_mi_record.go:21.35,24.3 2 0
github.com/fall_out_bug/sdp-trace/tools/qualitycheck/report_mi_record.go:25.2,25.14 1 1
github.com/fall_out_bug/sdp-trace/tools/qualitycheck/report_mi_record.go:29.61,31.2 1 1
github.com/fall_out_bug/sdp-trace/tools/qualitycheck/report_mi_record.go:34.57,36.2 1 1
github.com/fall_out_bug/sdp-trace/tools/qualitycheck/round.go:6.41,11.2 2 1
github.com/fall_out_bug/sdp-trace/tools/qualitycheck/source.go:10.75,12.17 2 1
github.com/fall_out_bug/sdp-trace/tools/qualitycheck/source.go:12.17,16.3 1 0
github.com/fall_out_bug/sdp-trace/tools/qualitycheck/source.go:19.2,21.45 3 1
github.com/fall_out_bug/sdp-trace/tools/qualitycheck/source.go:21.45,23.3 1 0
github.com/fall_out_bug/sdp-trace/tools/qualitycheck/source.go:24.2,24.31 1 1
github.com/fall_out_bug/sdp-trace/tools/qualitycheck/source_range.go:4.60,6.2 1 1
github.com/fall_out_bug/sdp-trace/tools/mibaselinepolicy/baseline_policy.go:13.78,14.43 1 1
github.com/fall_out_bug/sdp-trace/tools/mibaselinepolicy/baseline_policy.go:14.43,17.25 1 1
github.com/fall_out_bug/sdp-trace/tools/mibaselinepolicy/baseline_policy.go:17.25,18.12 1 1
github.com/fall_out_bug/sdp-trace/tools/mibaselinepolicy/baseline_policy.go:20.3,20.63 1 1
github.com/fall_out_bug/sdp-trace/tools/mibaselinepolicy/baseline_policy.go:20.63,22.4 1 1
github.com/fall_out_bug/sdp-trace/tools/mibaselinepolicy/baseline_policy.go:24.2,24.12 1 1
github.com/fall_out_bug/sdp-trace/tools/mibaselinepolicy/baseline_policy.go:27.69,31.16 2 1
github.com/fall_out_bug/sdp-trace/tools/mibaselinepolicy/baseline_policy.go:31.16,33.3 1 1
github.com/fall_out_bug/sdp-trace/tools/mibaselinepolicy/baseline_policy.go:34.2,34.12 1 1
github.com/fall_out_bug/sdp-trace/tools/mibaselinepolicy/baseline_policy.go:34.12,36.3 1 1
github.com/fall_out_bug/sdp-trace/tools/mibaselinepolicy/baseline_policy.go:37.2,37.12 1 1
github.com/fall_out_bug/sdp-trace/tools/mibaselinepolicy/baseline_policy.go:40.97,43.19 1 1
github.com/fall_out_bug/sdp-trace/tools/mibaselinepolicy/baseline_policy.go:43.19,46.3 2 1
github.com/fall_out_bug/sdp-trace/tools/mibaselinepolicy/baseline_policy.go:49.2,49.25 1 1
github.com/fall_out_bug/sdp-trace/tools/mibaselinepolicy/baseline_policy.go:49.25,51.3 1 1
github.com/fall_out_bug/sdp-trace/tools/mibaselinepolicy/baseline_policy.go:52.2,52.45 1 1
github.com/fall_out_bug/sdp-trace/tools/mibaselinepolicy/changed_files.go:3.51,4.31 1 1
github.com/fall_out_bug/sdp-trace/tools/mibaselinepolicy/changed_files.go:4.31,7.29 1 1
github.com/fall_out_bug/sdp-trace/tools/mibaselinepolicy/changed_files.go:7.29,9.4 1 1
github.com/fall_out_bug/sdp-trace/tools/mibaselinepolicy/changed_files.go:11.2,11.14 1 1
github.com/fall_out_bug/sdp-trace/tools/mibaselinepolicy/changed_files.go:14.51,16.31 2 1
github.com/fall_out_bug/sdp-trace/tools/mibaselinepolicy/changed_files.go:16.31,20.3 1 1
github.com/fall_out_bug/sdp-trace/tools/mibaselinepolicy/changed_files.go:21.2,21.12 1 1
github.com/fall_out_bug/sdp-trace/tools/mibaselinepolicy/flags.go:13.74,16.42 2 1
github.com/fall_out_bug/sdp-trace/tools/mibaselinepolicy/flags.go:16.42,19.3 1 0
github.com/fall_out_bug/sdp-trace/tools/mibaselinepolicy/flags.go:21.2,21.56 1 1
github.com/fall_out_bug/sdp-trace/tools/mibaselinepolicy/flags.go:24.79,34.2 6 1
github.com/fall_out_bug/sdp-trace/tools/mibaselinepolicy/git.go:5.57,10.16 3 1
github.com/fall_out_bug/sdp-trace/tools/mibaselinepolicy/git.go:10.16,12.3 1 1
github.com/fall_out_bug/sdp-trace/tools/mibaselinepolicy/git.go:15.2,15.40 1 1
github.com/fall_out_bug/sdp-trace/tools/mibaselinepolicy/git.go:15.40,17.3 1 1
github.com/fall_out_bug/sdp-trace/tools/mibaselinepolicy/git.go:18.2,18.19 1 0
github.com/fall_out_bug/sdp-trace/tools/mibaselinepolicy/git.go:21.48,26.16 3 1
github.com/fall_out_bug/sdp-trace/tools/mibaselinepolicy/git.go:26.16,28.3 1 1
github.com/fall_out_bug/sdp-trace/tools/mibaselinepolicy/git.go:29.2,29.40 1 1
github.com/fall_out_bug/sdp-trace/tools/mibaselinepolicy/git.go:29.40,31.3 1 1
github.com/fall_out_bug/sdp-trace/tools/mibaselinepolicy/git.go:32.2,32.19 1 0
github.com/fall_out_bug/sdp-trace/tools/mibaselinepolicy/input.go:12.40,14.2 1 1
github.com/fall_out_bug/sdp-trace/tools/mibaselinepolicy/input.go:16.48,17.17 1 1
github.com/fall_out_bug/sdp-trace/tools/mibaselinepolicy/input.go:17.17,19.3 1 1
github.com/fall_out_bug/sdp-trace/tools/mibaselinepolicy/input.go:22.2,23.12 2 1
github.com/fall_out_bug/sdp-trace/tools/mibaselinepolicy/input.go:26.58,31.21 3 1
github.com/fall_out_bug/sdp-trace/tools/mibaselinepolicy/input.go:31.21,35.17 2 1
github.com/fall_out_bug/sdp-trace/tools/mibaselinepolicy/input.go:35.17,39.4 1 1
github.com/fall_out_bug/sdp-trace/tools/mibaselinepolicy/input.go:41.2,41.31 1 1
github.com/fall_out_bug/sdp-trace/tools/mibaselinepolicy/main.go:9.13,11.2 1 0
github.com/fall_out_bug/sdp-trace/tools/mibaselinepolicy/main.go:13.77,18.9 2 1
github.com/fall_out_bug/sdp-trace/tools/mibaselinepolicy/main.go:18.9,22.3 1 1
github.com/fall_out_bug/sdp-trace/tools/mibaselinepolicy/main.go:25.2,26.16 2 1
github.com/fall_out_bug/sdp-trace/tools/mibaselinepolicy/main.go:26.16,31.3 2 0
github.com/fall_out_bug/sdp-trace/tools/mibaselinepolicy/main.go:35.2,35.109 1 1
github.com/fall_out_bug/sdp-trace/tools/mibaselinepolicy/main.go:35.109,38.3 2 1
github.com/fall_out_bug/sdp-trace/tools/mibaselinepolicy/main.go:39.2,39.10 1 1
github.com/fall_out_bug/sdp-trace/tools/mibaselinepolicy/main.go:42.69,46.41 2 1
github.com/fall_out_bug/sdp-trace/tools/mibaselinepolicy/main.go:46.41,50.19 1 1
github.com/fall_out_bug/sdp-trace/tools/mibaselinepolicy/main.go:50.19,52.18 2 1
github.com/fall_out_bug/sdp-trace/tools/mibaselinepolicy/main.go:52.18,54.5 1 0
github.com/fall_out_bug/sdp-trace/tools/mibaselinepolicy/main.go:55.4,55.11 1 1
github.com/fall_out_bug/sdp-trace/tools/mibaselinepolicy/main.go:55.11,57.5 1 1
github.com/fall_out_bug/sdp-trace/tools/mibaselinepolicy/main.go:58.4,58.22 1 1
github.com/fall_out_bug/sdp-trace/tools/mibaselinepolicy/main.go:60.3,60.43 1 1
github.com/fall_out_bug/sdp-trace/tools/mibaselinepolicy/policy.go:9.43,12.43 1 1
github.com/fall_out_bug/sdp-trace/tools/mibaselinepolicy/policy.go:12.43,14.3 1 1
github.com/fall_out_bug/sdp-trace/tools/mibaselinepolicy/policy.go:17.2,17.64 1 1
github.com/fall_out_bug/sdp-trace/tools/mibaselinepolicy/scope.go:9.41,15.2 1 1
github.com/fall_out_bug/sdp-trace/tools/mibaselinepolicy/scope.go:18.41,19.39 1 1
github.com/fall_out_bug/sdp-trace/tools/mibaselinepolicy/scope.go:19.39,22.36 1 1
github.com/fall_out_bug/sdp-trace/tools/mibaselinepolicy/scope.go:22.36,24.4 1 1
github.com/fall_out_bug/sdp-trace/tools/mibaselinepolicy/scope.go:26.2,26.14 1 1
github.com/fall_out_bug/sdp-trace/tools/schemadoc/check.go:13.43,15.16 2 1
github.com/fall_out_bug/sdp-trace/tools/schemadoc/check.go:15.16,17.3 1 0
github.com/fall_out_bug/sdp-trace/tools/schemadoc/check.go:19.2,23.21 4 1
github.com/fall_out_bug/sdp-trace/tools/schemadoc/check.go:23.21,26.3 2 1
github.com/fall_out_bug/sdp-trace/tools/schemadoc/check.go:27.2,27.12 1 1
github.com/fall_out_bug/sdp-trace/tools/schemadoc/check.go:31.81,34.25 3 1
github.com/fall_out_bug/sdp-trace/tools/schemadoc/check.go:34.25,36.47 2 1
github.com/fall_out_bug/sdp-trace/tools/schemadoc/check.go:36.47,38.12 2 1
github.com/fall_out_bug/sdp-trace/tools/schemadoc/check.go:40.3,40.30 1 1
github.com/fall_out_bug/sdp-trace/tools/schemadoc/check.go:42.2,42.24 1 1
github.com/fall_out_bug/sdp-trace/tools/schemadoc/check.go:46.85,48.26 2 1
github.com/fall_out_bug/sdp-trace/tools/schemadoc/check.go:48.26,49.31 1 1
github.com/fall_out_bug/sdp-trace/tools/schemadoc/check.go:49.31,51.4 1 1
github.com/fall_out_bug/sdp-trace/tools/schemadoc/check.go:53.2,53.15 1 1
github.com/fall_out_bug/sdp-trace/tools/schemadoc/check.go:57.70,59.25 2 1
github.com/fall_out_bug/sdp-trace/tools/schemadoc/check.go:59.25,61.3 1 1
github.com/fall_out_bug/sdp-trace/tools/schemadoc/check.go:62.2,62.15 1 1
github.com/fall_out_bug/sdp-trace/tools/schemadoc/coverage.go:5.59,7.51 2 1
github.com/fall_out_bug/sdp-trace/tools/schemadoc/coverage.go:7.51,9.3 1 1
github.com/fall_out_bug/sdp-trace/tools/schemadoc/coverage.go:10.2,12.15 3 1
github.com/fall_out_bug/sdp-trace/tools/schemadoc/coverage.go:15.59,16.73 1 1
github.com/fall_out_bug/sdp-trace/tools/schemadoc/coverage.go:16.73,18.3 1 1
github.com/fall_out_bug/sdp-trace/tools/schemadoc/coverage.go:19.2,19.12 1 1
github.com/fall_out_bug/sdp-trace/tools/schemadoc/coverage.go:22.58,23.72 1 1
github.com/fall_out_bug/sdp-trace/tools/schemadoc/coverage.go:23.72,25.3 1 1
github.com/fall_out_bug/sdp-trace/tools/schemadoc/coverage.go:26.2,26.12 1 1
github.com/fall_out_bug/sdp-trace/tools/schemadoc/index.go:15.45,17.16 2 1
github.com/fall_out_bug/sdp-trace/tools/schemadoc/index.go:17.16,19.3 1 0
github.com/fall_out_bug/sdp-trace/tools/schemadoc/index.go:20.2,21.48 2 1
github.com/fall_out_bug/sdp-trace/tools/schemadoc/index.go:21.48,23.3 1 0
github.com/fall_out_bug/sdp-trace/tools/schemadoc/index.go:24.2,24.33 1 1
github.com/fall_out_bug/sdp-trace/tools/schemadoc/index.go:24.33,26.3 1 1
github.com/fall_out_bug/sdp-trace/tools/schemadoc/index.go:27.2,27.18 1 1
github.com/fall_out_bug/sdp-trace/tools/schemadoc/index.go:31.53,33.16 2 1
github.com/fall_out_bug/sdp-trace/tools/schemadoc/index.go:33.16,35.3 1 0
github.com/fall_out_bug/sdp-trace/tools/schemadoc/index.go:36.2,37.28 2 1
github.com/fall_out_bug/sdp-trace/tools/schemadoc/index.go:37.28,39.3 1 1
github.com/fall_out_bug/sdp-trace/tools/schemadoc/index.go:40.2,41.19 2 1
github.com/fall_out_bug/sdp-trace/tools/schemadoc/main.go:10.13,16.2 5 0
github.com/fall_out_bug/sdp-trace/tools/schemadoc/main.go:18.48,19.16 1 1
github.com/fall_out_bug/sdp-trace/tools/schemadoc/main.go:19.16,21.3 1 1
github.com/fall_out_bug/sdp-trace/tools/schemadoc/main.go:22.2,23.10 2 1
github.com/fall_out_bug/sdp-trace/tools/schemadoc/readme.go:17.39,20.32 3 1
github.com/fall_out_bug/sdp-trace/tools/schemadoc/readme.go:20.32,24.3 3 1
github.com/fall_out_bug/sdp-trace/tools/schemadoc/readme.go:25.2,25.19 1 1
github.com/fall_out_bug/sdp-trace/tools/schemadoc/readme.go:29.49,31.2 1 1
github.com/fall_out_bug/sdp-trace/tools/schemadoc/readme.go:35.51,37.16 2 1
github.com/fall_out_bug/sdp-trace/tools/schemadoc/readme.go:37.16,39.3 1 1
github.com/fall_out_bug/sdp-trace/tools/schemadoc/readme.go:40.2,45.45 6 1
github.com/fall_out_bug/sdp-trace/tools/schemadoc/readme.go:45.45,47.3 1 1
github.com/fall_out_bug/sdp-trace/tools/schemadoc/readme.go:48.2,50.55 3 1
github.com/fall_out_bug/sdp-trace/tools/schemadoc/readme.go:50.55,52.3 1 1
github.com/fall_out_bug/sdp-trace/tools/schemadoc/readme.go:53.2,53.12 1 1
github.com/fall_out_bug/sdp-trace/tools/schemadoc/readme.go:57.47,58.18 1 1
github.com/fall_out_bug/sdp-trace/tools/schemadoc/readme.go:58.18,60.3 1 1
github.com/fall_out_bug/sdp-trace/tools/schemadoc/readme.go:61.2,61.16 1 1
github.com/fall_out_bug/sdp-trace/tools/schemadoc/readme.go:61.16,63.3 1 0
github.com/fall_out_bug/sdp-trace/tools/schemadoc/readme.go:64.2,64.24 1 1
github.com/fall_out_bug/sdp-trace/tools/schemadoc/readme.go:64.24,66.3 1 1
github.com/fall_out_bug/sdp-trace/tools/schemadoc/readme.go:67.2,67.12 1 1
github.com/fall_out_bug/sdp-trace/tools/schemadoc/refs.go:13.68,15.36 2 1
github.com/fall_out_bug/sdp-trace/tools/schemadoc/refs.go:15.36,17.39 2 1
github.com/fall_out_bug/sdp-trace/tools/schemadoc/refs.go:17.39,18.38 1 1
github.com/fall_out_bug/sdp-trace/tools/schemadoc/refs.go:18.38,20.5 1 1
github.com/fall_out_bug/sdp-trace/tools/schemadoc/refs.go:20.10,22.5 1 0
github.com/fall_out_bug/sdp-trace/tools/schemadoc/refs.go:25.2,25.15 1 1
github.com/fall_out_bug/sdp-trace/tools/schemadoc/root.go:8.24,10.9 2 1
github.com/fall_out_bug/sdp-trace/tools/schemadoc/root.go:10.9,12.3 1 0
github.com/fall_out_bug/sdp-trace/tools/schemadoc/root.go:13.2,13.70 1 1
github.com/fall_out_bug/sdp-trace/tools/schemadoc/run.go:12.45,15.16 3 1
github.com/fall_out_bug/sdp-trace/tools/schemadoc/run.go:15.16,17.3 1 0
github.com/fall_out_bug/sdp-trace/tools/schemadoc/run.go:19.2,19.14 1 1
github.com/fall_out_bug/sdp-trace/tools/schemadoc/run.go:19.14,22.3 2 1
github.com/fall_out_bug/sdp-trace/tools/schemadoc/run.go:24.2,24.18 1 1
github.com/fall_out_bug/sdp-trace/tools/schemadoc/run.go:24.18,26.3 1 1
github.com/fall_out_bug/sdp-trace/tools/schemadoc/run.go:28.2,28.25 1 1
github.com/fall_out_bug/sdp-trace/tools/schemadoc/status.go:11.55,12.24 1 1
github.com/fall_out_bug/sdp-trace/tools/schemadoc/status.go:12.24,14.3 1 1
github.com/fall_out_bug/sdp-trace/tools/schemadoc/status.go:15.2,15.34 1 1
github.com/fall_out_bug/sdp-trace/tools/schemadoc/status.go:15.34,17.3 1 1
github.com/fall_out_bug/sdp-trace/tools/schemadoc/status.go:18.2,18.12 1 1
github.com/fall_out_bug/sdp-trace/tools/schemadoc/status.go:22.56,23.44 1 1
github.com/fall_out_bug/sdp-trace/tools/schemadoc/status.go:23.44,25.3 1 1
github.com/fall_out_bug/sdp-trace/tools/schemadoc/status.go:26.2,26.12 1 1
github.com/fall_out_bug/sdp-trace/tools/schemadoc/validate.go:14.62,16.52 2 1
github.com/fall_out_bug/sdp-trace/tools/schemadoc/validate.go:16.52,18.3 1 1
github.com/fall_out_bug/sdp-trace/tools/schemadoc/validate.go:19.2,24.15 6 1
github.com/fall_out_bug/sdp-trace/tools/schemadoc/validate.go:28.69,30.41 2 1
github.com/fall_out_bug/sdp-trace/tools/schemadoc/validate.go:30.41,31.25 1 1
github.com/fall_out_bug/sdp-trace/tools/schemadoc/validate.go:31.25,33.4 1 1
github.com/fall_out_bug/sdp-trace/tools/schemadoc/validate.go:34.3,34.78 1 0
github.com/fall_out_bug/sdp-trace/tools/schemadoc/validate.go:36.2,36.12 1 1
github.com/fall_out_bug/sdp-trace/cmd/sdp-trace/assess_179_runassess.go:9.80,12.63 1 1
github.com/fall_out_bug/sdp-trace/cmd/sdp-trace/assess_179_runassess.go:12.63,14.3 1 1
github.com/fall_out_bug/sdp-trace/cmd/sdp-trace/assess_179_runassess.go:15.2,16.9 2 1
github.com/fall_out_bug/sdp-trace/cmd/sdp-trace/assess_179_runassess.go:16.9,18.3 1 0
github.com/fall_out_bug/sdp-trace/cmd/sdp-trace/assess_179_runassess.go:21.2,22.9 2 1
github.com/fall_out_bug/sdp-trace/cmd/sdp-trace/assess_179_runassess.go:22.9,25.3 2 1
github.com/fall_out_bug/sdp-trace/cmd/sdp-trace/assess_179_runassess.go:26.2,26.38 1 1
github.com/fall_out_bug/sdp-trace/cmd/sdp-trace/assess_180_runassesssubcommand.go:7.79,9.2 1 1
github.com/fall_out_bug/sdp-trace/cmd/sdp-trace/assess_182_parseassessoptions.go:8.75,10.41 2 1
github.com/fall_out_bug/sdp-trace/cmd/sdp-trace/assess_182_parseassessoptions.go:10.41,14.3 2 0
github.com/fall_out_bug/sdp-trace/cmd/sdp-trace/assess_182_parseassessoptions.go:15.2,15.27 1 1
github.com/fall_out_bug/sdp-trace/cmd/sdp-trace/assess_182_parseassessoptions.go:15.27,20.3 2 0
github.com/fall_out_bug/sdp-trace/cmd/sdp-trace/assess_182_parseassessoptions.go:21.2,21.19 1 1
github.com/fall_out_bug/sdp-trace/cmd/sdp-trace/assess_183_newstringflagset.go:3.61,7.29 2 1
github.com/fall_out_bug/sdp-trace/cmd/sdp-trace/assess_183_newstringflagset.go:7.29,9.3 1 1
github.com/fall_out_bug/sdp-trace/cmd/sdp-trace/assess_183_newstringflagset.go:10.2,10.13 1 1
github.com/fall_out_bug/sdp-trace/cmd/sdp-trace/assess_186_assesshandlers.go:3.48,13.2 1 1
github.com/fall_out_bug/sdp-trace/cmd/sdp-trace/assess_187_runadaptercaptureassess.go:10.75,11.54 1 1
github.com/fall_out_bug/sdp-trace/cmd/sdp-trace/assess_187_runadaptercaptureassess.go:11.54,15.3 1 1
github.com/fall_out_bug/sdp-trace/cmd/sdp-trace/assess_187_runadaptercaptureassess.go:18.2,19.16 2 1
github.com/fall_out_bug/sdp-trace/cmd/sdp-trace/assess_187_runadaptercaptureassess.go:19.16,22.3 2 0
github.com/fall_out_bug/sdp-trace/cmd/sdp-trace/assess_187_runadaptercaptureassess.go:23.2,24.105 2 1
github.com/fall_out_bug/sdp-trace/cmd/sdp-trace/assess_188_runmanagedassess.go:10.68,11.47 1 1
github.com/fall_out_bug/sdp-trace/cmd/sdp-trace/assess_188_runmanagedassess.go:11.47,15.3 1 1
github.com/fall_out_bug/sdp-trace/cmd/sdp-trace/assess_188_runmanagedassess.go:18.2,19.16 2 1
github.com/fall_out_bug/sdp-trace/cmd/sdp-trace/assess_188_runmanagedassess.go:19.16,22.3 2 1
github.com/fall_out_bug/sdp-trace/cmd/sdp-trace/assess_188_runmanagedassess.go:23.2,24.98 2 1
github.com/fall_out_bug/sdp-trace/cmd/sdp-trace/assess_189_runforensicassess.go:10.69,11.48 1 1
github.com/fall_out_bug/sdp-trace/cmd/sdp-trace/assess_189_runforensicassess.go:11.48,15.3 1 1
github.com/fall_out_bug/sdp-trace/cmd/sdp-trace/assess_189_runforensicassess.go:18.2,19.16 2 1
github.com/fall_out_bug/sdp-trace/cmd/sdp-trace/assess_189_runforensicassess.go:19.16,22.3 2 0
github.com/fall_out_bug/sdp-trace/cmd/sdp-trace/assess_189_runforensicassess.go:23.2,24.99 2 1
github.com/fall_out_bug/sdp-trace/cmd/sdp-trace/assess_190_requireadaptercaptureassessinputs.go:7.78,14.2 1 1
github.com/fall_out_bug/sdp-trace/cmd/sdp-trace/assess_191_requiremanagedassessinputs.go:7.71,17.2 1 1
github.com/fall_out_bug/sdp-trace/cmd/sdp-trace/assess_192_requireforensicassessinputs.go:7.72,15.2 1 1
github.com/fall_out_bug/sdp-trace/cmd/sdp-trace/assess_193_writeassessmentartifact_t_any.go:8.112,9.52 1 1
github.com/fall_out_bug/sdp-trace/cmd/sdp-trace/assess_193_writeassessmentartifact_t_any.go:9.52,13.3 2 0
github.com/fall_out_bug/sdp-trace/cmd/sdp-trace/assess_193_writeassessmentartifact_t_any.go:14.2,15.25 2 1
github.com/fall_out_bug/sdp-trace/cmd/sdp-trace/assess_194_runciartifactassess.go:10.71,14.47 1 1
github.com/fall_out_bug/sdp-trace/cmd/sdp-trace/assess_194_runciartifactassess.go:14.47,18.3 1 0
github.com/fall_out_bug/sdp-trace/cmd/sdp-trace/assess_194_runciartifactassess.go:19.2,22.87 2 1
github.com/fall_out_bug/sdp-trace/cmd/sdp-trace/assess_194_runciartifactassess.go:22.87,25.3 2 0
github.com/fall_out_bug/sdp-trace/cmd/sdp-trace/assess_194_runciartifactassess.go:26.2,27.64 2 1
github.com/fall_out_bug/sdp-trace/cmd/sdp-trace/assess_195_writeciartifactassessment.go:10.114,11.71 1 1
github.com/fall_out_bug/sdp-trace/cmd/sdp-trace/assess_195_writeciartifactassessment.go:11.71,15.3 2 0
github.com/fall_out_bug/sdp-trace/cmd/sdp-trace/assess_195_writeciartifactassessment.go:16.2,17.35 2 1
github.com/fall_out_bug/sdp-trace/cmd/sdp-trace/assess_196_loadmanagedinput.go:8.61,10.16 2 1
github.com/fall_out_bug/sdp-trace/cmd/sdp-trace/assess_196_loadmanagedinput.go:10.16,12.3 1 0
github.com/fall_out_bug/sdp-trace/cmd/sdp-trace/assess_196_loadmanagedinput.go:15.2,15.53 1 1
github.com/fall_out_bug/sdp-trace/cmd/sdp-trace/assess_197_loadmanagedinputwithcontract.go:8.98,12.16 2 1
github.com/fall_out_bug/sdp-trace/cmd/sdp-trace/assess_197_loadmanagedinputwithcontract.go:12.16,14.3 1 1
github.com/fall_out_bug/sdp-trace/cmd/sdp-trace/assess_197_loadmanagedinputwithcontract.go:17.2,23.8 1 1
github.com/fall_out_bug/sdp-trace/cmd/sdp-trace/assess_198_loadmanagedjsoninputs.go:7.123,9.82 2 1
github.com/fall_out_bug/sdp-trace/cmd/sdp-trace/assess_198_loadmanagedjsoninputs.go:9.82,11.3 1 1
github.com/fall_out_bug/sdp-trace/cmd/sdp-trace/assess_198_loadmanagedjsoninputs.go:14.2,15.16 2 1
github.com/fall_out_bug/sdp-trace/cmd/sdp-trace/assess_198_loadmanagedjsoninputs.go:15.16,17.3 1 0
github.com/fall_out_bug/sdp-trace/cmd/sdp-trace/assess_198_loadmanagedjsoninputs.go:18.2,18.52 1 1
github.com/fall_out_bug/sdp-trace/cmd/sdp-trace/assess_199_readmanagedjsoninputs.go:7.107,9.86 2 1
github.com/fall_out_bug/sdp-trace/cmd/sdp-trace/assess_199_readmanagedjsoninputs.go:9.86,12.3 1 0
github.com/fall_out_bug/sdp-trace/cmd/sdp-trace/assess_199_readmanagedjsoninputs.go:13.2,13.49 1 1
github.com/fall_out_bug/sdp-trace/cmd/sdp-trace/assess_200_readmanagedrunandwitness.go:9.137,13.103 2 1
github.com/fall_out_bug/sdp-trace/cmd/sdp-trace/assess_200_readmanagedrunandwitness.go:13.103,15.3 1 0
github.com/fall_out_bug/sdp-trace/cmd/sdp-trace/assess_200_readmanagedrunandwitness.go:16.2,17.84 2 1
github.com/fall_out_bug/sdp-trace/cmd/sdp-trace/assess_200_readmanagedrunandwitness.go:17.84,19.3 1 0
github.com/fall_out_bug/sdp-trace/cmd/sdp-trace/assess_200_readmanagedrunandwitness.go:20.2,20.44 1 1
github.com/fall_out_bug/sdp-trace/cmd/sdp-trace/assess_201_loadforensicinput.go:9.63,11.84 2 1
github.com/fall_out_bug/sdp-trace/cmd/sdp-trace/assess_201_loadforensicinput.go:11.84,13.3 1 0
github.com/fall_out_bug/sdp-trace/cmd/sdp-trace/assess_201_loadforensicinput.go:14.2,17.103 2 1
github.com/fall_out_bug/sdp-trace/cmd/sdp-trace/assess_201_loadforensicinput.go:17.103,19.3 1 0
github.com/fall_out_bug/sdp-trace/cmd/sdp-trace/assess_201_loadforensicinput.go:20.2,20.62 1 1
github.com/fall_out_bug/sdp-trace/cmd/sdp-trace/assess_202_loadadaptercaptureinput.go:9.75,12.103 2 1
github.com/fall_out_bug/sdp-trace/cmd/sdp-trace/assess_202_loadadaptercaptureinput.go:12.103,14.3 1 0
github.com/fall_out_bug/sdp-trace/cmd/sdp-trace/assess_202_loadadaptercaptureinput.go:15.2,15.52 1 1
github.com/fall_out_bug/sdp-trace/cmd/sdp-trace/assess_204_runassesspreview.go:8.68,10.9 2 1
github.com/fall_out_bug/sdp-trace/cmd/sdp-trace/assess_204_runassesspreview.go:10.9,12.3 1 0
github.com/fall_out_bug/sdp-trace/cmd/sdp-trace/assess_204_runassesspreview.go:15.2,16.9 2 1
github.com/fall_out_bug/sdp-trace/cmd/sdp-trace/assess_204_runassesspreview.go:16.9,19.3 2 1
github.com/fall_out_bug/sdp-trace/cmd/sdp-trace/assess_204_runassesspreview.go:20.2,20.30 1 1
github.com/fall_out_bug/sdp-trace/cmd/sdp-trace/assess_205_parseassesspreviewoptions.go:8.82,10.41 2 1
github.com/fall_out_bug/sdp-trace/cmd/sdp-trace/assess_205_parseassesspreviewoptions.go:10.41,14.3 2 0
github.com/fall_out_bug/sdp-trace/cmd/sdp-trace/assess_205_parseassesspreviewoptions.go:15.2,15.27 1 1
github.com/fall_out_bug/sdp-trace/cmd/sdp-trace/assess_205_parseassesspreviewoptions.go:15.27,20.3 2 0
github.com/fall_out_bug/sdp-trace/cmd/sdp-trace/assess_205_parseassesspreviewoptions.go:21.2,21.19 1 1
github.com/fall_out_bug/sdp-trace/cmd/sdp-trace/assess_208_assesspreviewhandlers.go:3.62,12.2 1 1
github.com/fall_out_bug/sdp-trace/cmd/sdp-trace/assess_209_runauthorityassess.go:10.70,14.42 1 1
github.com/fall_out_bug/sdp-trace/cmd/sdp-trace/assess_209_runauthorityassess.go:14.42,18.3 1 0
github.com/fall_out_bug/sdp-trace/cmd/sdp-trace/assess_209_runauthorityassess.go:21.2,22.16 2 1
github.com/fall_out_bug/sdp-trace/cmd/sdp-trace/assess_209_runauthorityassess.go:22.16,25.3 2 0
github.com/fall_out_bug/sdp-trace/cmd/sdp-trace/assess_209_runauthorityassess.go:26.2,27.63 2 1
github.com/fall_out_bug/sdp-trace/cmd/sdp-trace/assess_210_writeauthorityassessment.go:10.101,11.73 1 1
github.com/fall_out_bug/sdp-trace/cmd/sdp-trace/assess_210_writeauthorityassessment.go:11.73,16.3 2 0
github.com/fall_out_bug/sdp-trace/cmd/sdp-trace/assess_210_writeauthorityassessment.go:17.2,18.34 2 1
github.com/fall_out_bug/sdp-trace/cmd/sdp-trace/assess_212_runadaptercaptureassesspreview.go:7.74,15.2 3 1
github.com/fall_out_bug/sdp-trace/cmd/sdp-trace/assess_213_newadaptercapturepreviewreport.go:7.91,19.2 1 1
github.com/fall_out_bug/sdp-trace/cmd/sdp-trace/assess_216_runmanagedassesspreview.go:7.67,18.2 3 1
github.com/fall_out_bug/sdp-trace/cmd/sdp-trace/assess_217_newmanagedpreviewreport.go:7.77,17.2 1 1
github.com/fall_out_bug/sdp-trace/cmd/sdp-trace/assess_219_runforensicassesspreview.go:7.68,16.2 3 1
github.com/fall_out_bug/sdp-trace/cmd/sdp-trace/assess_220_newforensicpreviewreport.go:7.79,18.2 1 1
github.com/fall_out_bug/sdp-trace/cmd/sdp-trace/assess_224_runauthorityassesspreview.go:7.69,15.2 3 1
github.com/fall_out_bug/sdp-trace/cmd/sdp-trace/assess_225_newauthoritypreviewreport.go:7.81,19.2 1 1
github.com/fall_out_bug/sdp-trace/cmd/sdp-trace/assess_228_runciartifactassesspreview.go:7.70,14.2 3 1
github.com/fall_out_bug/sdp-trace/cmd/sdp-trace/assess_229_newciartifactpreviewreport.go:7.83,20.2 1 1
github.com/fall_out_bug/sdp-trace/cmd/sdp-trace/assess_233_previewinputexitcode.go:3.57,4.31 1 1
github.com/fall_out_bug/sdp-trace/cmd/sdp-trace/assess_233_previewinputexitcode.go:4.31,5.38 1 1
github.com/fall_out_bug/sdp-trace/cmd/sdp-trace/assess_233_previewinputexitcode.go:5.38,9.4 1 1
github.com/fall_out_bug/sdp-trace/cmd/sdp-trace/assess_233_previewinputexitcode.go:11.2,11.10 1 1
github.com/fall_out_bug/sdp-trace/cmd/sdp-trace/core_007_runversion.go:9.73,12.2 2 1
github.com/fall_out_bug/sdp-trace/cmd/sdp-trace/core_008_main.go:7.13,9.2 1 0
github.com/fall_out_bug/sdp-trace/cmd/sdp-trace/core_009_run.go:7.55,8.24 1 1
github.com/fall_out_bug/sdp-trace/cmd/sdp-trace/core_009_run.go:8.24,11.3 2 1
github.com/fall_out_bug/sdp-trace/cmd/sdp-trace/core_009_run.go:14.2,14.59 1 1
github.com/fall_out_bug/sdp-trace/cmd/sdp-trace/core_010_toplevelhelp.go:3.39,5.2 1 1
github.com/fall_out_bug/sdp-trace/cmd/sdp-trace/core_011_dispatchcommand.go:9.79,11.9 2 1
github.com/fall_out_bug/sdp-trace/cmd/sdp-trace/core_011_dispatchcommand.go:11.9,16.3 3 0
github.com/fall_out_bug/sdp-trace/cmd/sdp-trace/core_011_dispatchcommand.go:17.2,17.60 1 1
github.com/fall_out_bug/sdp-trace/cmd/sdp-trace/core_014_runsubcommand.go:8.125,9.20 1 1
github.com/fall_out_bug/sdp-trace/cmd/sdp-trace/core_014_runsubcommand.go:9.20,12.3 2 0
github.com/fall_out_bug/sdp-trace/cmd/sdp-trace/core_014_runsubcommand.go:13.2,13.24 1 1
github.com/fall_out_bug/sdp-trace/cmd/sdp-trace/core_014_runsubcommand.go:13.24,18.3 2 0
github.com/fall_out_bug/sdp-trace/cmd/sdp-trace/core_014_runsubcommand.go:19.2,19.79 1 1
github.com/fall_out_bug/sdp-trace/cmd/sdp-trace/core_015_dispatchsubcommand.go:8.135,10.9 2 1
github.com/fall_out_bug/sdp-trace/cmd/sdp-trace/core_015_dispatchsubcommand.go:10.9,15.3 2 0
github.com/fall_out_bug/sdp-trace/cmd/sdp-trace/core_015_dispatchsubcommand.go:16.2,16.38 1 1
github.com/fall_out_bug/sdp-trace/cmd/sdp-trace/core_016_runoptionalsubcommand.go:7.120,8.20 1 1
github.com/fall_out_bug/sdp-trace/cmd/sdp-trace/core_016_runoptionalsubcommand.go:8.20,10.3 1 1
github.com/fall_out_bug/sdp-trace/cmd/sdp-trace/core_016_runoptionalsubcommand.go:11.2,12.9 2 1
github.com/fall_out_bug/sdp-trace/cmd/sdp-trace/core_016_runoptionalsubcommand.go:12.9,15.3 1 1
github.com/fall_out_bug/sdp-trace/cmd/sdp-trace/core_016_runoptionalsubcommand.go:16.2,16.48 1 1
github.com/fall_out_bug/sdp-trace/cmd/sdp-trace/core_017_ishelparg.go:3.33,5.2 1 1
github.com/fall_out_bug/sdp-trace/cmd/sdp-trace/core_018_subcommandname.go:7.42,8.50 1 1
github.com/fall_out_bug/sdp-trace/cmd/sdp-trace/core_018_subcommandname.go:8.50,12.3 1 0
github.com/fall_out_bug/sdp-trace/cmd/sdp-trace/core_018_subcommandname.go:13.2,13.14 1 1
github.com/fall_out_bug/sdp-trace/cmd/sdp-trace/core_019_rejectrest.go:8.71,9.27 1 1
github.com/fall_out_bug/sdp-trace/cmd/sdp-trace/core_019_rejectrest.go:9.27,11.3 1 1
github.com/fall_out_bug/sdp-trace/cmd/sdp-trace/core_019_rejectrest.go:14.2,15.13 2 1
github.com/fall_out_bug/sdp-trace/cmd/sdp-trace/core_020_requirestringflag.go:9.84,10.53 1 1
github.com/fall_out_bug/sdp-trace/cmd/sdp-trace/core_020_requirestringflag.go:10.53,12.3 1 1
github.com/fall_out_bug/sdp-trace/cmd/sdp-trace/core_020_requirestringflag.go:14.2,15.14 2 1
github.com/fall_out_bug/sdp-trace/cmd/sdp-trace/core_022_requireonlyflags.go:7.109,8.43 1 1
github.com/fall_out_bug/sdp-trace/cmd/sdp-trace/core_022_requireonlyflags.go:8.43,10.3 1 1
github.com/fall_out_bug/sdp-trace/cmd/sdp-trace/core_022_requireonlyflags.go:13.2,13.53 1 1
github.com/fall_out_bug/sdp-trace/cmd/sdp-trace/core_023_requirerequiredflags.go:7.93,8.32 1 1
github.com/fall_out_bug/sdp-trace/cmd/sdp-trace/core_023_requirerequiredflags.go:8.32,11.64 1 1
github.com/fall_out_bug/sdp-trace/cmd/sdp-trace/core_023_requirerequiredflags.go:11.64,13.4 1 1
github.com/fall_out_bug/sdp-trace/cmd/sdp-trace/core_023_requirerequiredflags.go:15.2,15.13 1 1
github.com/fall_out_bug/sdp-trace/cmd/sdp-trace/core_024_writejsonpayload.go:9.81,11.16 2 1
github.com/fall_out_bug/sdp-trace/cmd/sdp-trace/core_024_writejsonpayload.go:11.16,15.3 2 1
github.com/fall_out_bug/sdp-trace/cmd/sdp-trace/core_024_writejsonpayload.go:16.2,17.13 2 1
github.com/fall_out_bug/sdp-trace/cmd/sdp-trace/core_025_writejsonpayloadunchecked.go:9.61,12.2 2 1
github.com/fall_out_bug/sdp-trace/cmd/sdp-trace/core_026_requirenamedvalues.go:9.96,10.34 1 1
github.com/fall_out_bug/sdp-trace/cmd/sdp-trace/core_026_requirenamedvalues.go:10.34,11.37 1 1
github.com/fall_out_bug/sdp-trace/cmd/sdp-trace/core_026_requirenamedvalues.go:11.37,16.4 2 1
github.com/fall_out_bug/sdp-trace/cmd/sdp-trace/core_026_requirenamedvalues.go:18.2,18.13 1 1
github.com/fall_out_bug/sdp-trace/cmd/sdp-trace/core_027_stringexitcode.go:3.75,5.9 2 1
github.com/fall_out_bug/sdp-trace/cmd/sdp-trace/core_027_stringexitcode.go:5.9,8.3 1 1
github.com/fall_out_bug/sdp-trace/cmd/sdp-trace/core_027_stringexitcode.go:9.2,9.13 1 1
github.com/fall_out_bug/sdp-trace/cmd/sdp-trace/core_152_evaluateandwritereleaseproof.go:10.107,12.16 2 1
github.com/fall_out_bug/sdp-trace/cmd/sdp-trace/core_152_evaluateandwritereleaseproof.go:12.16,17.3 2 0
github.com/fall_out_bug/sdp-trace/cmd/sdp-trace/core_152_evaluateandwritereleaseproof.go:18.2,18.56 1 1
github.com/fall_out_bug/sdp-trace/cmd/sdp-trace/core_153_writereleaseproofresult.go:11.119,13.16 2 1
github.com/fall_out_bug/sdp-trace/cmd/sdp-trace/core_153_writereleaseproofresult.go:13.16,18.3 2 0
github.com/fall_out_bug/sdp-trace/cmd/sdp-trace/core_153_writereleaseproofresult.go:19.2,19.76 1 1
github.com/fall_out_bug/sdp-trace/cmd/sdp-trace/core_153_writereleaseproofresult.go:19.76,23.3 2 0
github.com/fall_out_bug/sdp-trace/cmd/sdp-trace/core_153_writereleaseproofresult.go:24.2,24.24 1 1
github.com/fall_out_bug/sdp-trace/cmd/sdp-trace/core_234_previewinputcannotverify.go:3.50,5.2 1 1
github.com/fall_out_bug/sdp-trace/cmd/sdp-trace/core_235_runassessexplain.go:8.68,14.16 4 1
github.com/fall_out_bug/sdp-trace/cmd/sdp-trace/core_235_runassessexplain.go:14.16,17.3 2 1
github.com/fall_out_bug/sdp-trace/cmd/sdp-trace/core_235_runassessexplain.go:18.2,18.54 1 1
github.com/fall_out_bug/sdp-trace/cmd/sdp-trace/core_236_parseassessexplainargs.go:7.75,8.41 1 1
github.com/fall_out_bug/sdp-trace/cmd/sdp-trace/core_236_parseassessexplainargs.go:8.41,10.3 1 0
github.com/fall_out_bug/sdp-trace/cmd/sdp-trace/core_236_parseassessexplainargs.go:11.2,11.27 1 1
github.com/fall_out_bug/sdp-trace/cmd/sdp-trace/core_236_parseassessexplainargs.go:11.27,13.3 1 0
github.com/fall_out_bug/sdp-trace/cmd/sdp-trace/core_236_parseassessexplainargs.go:14.2,15.16 2 1
github.com/fall_out_bug/sdp-trace/cmd/sdp-trace/core_236_parseassessexplainargs.go:15.16,19.3 1 1
github.com/fall_out_bug/sdp-trace/cmd/sdp-trace/core_236_parseassessexplainargs.go:20.2,20.18 1 1
github.com/fall_out_bug/sdp-trace/cmd/sdp-trace/core_237_explainassessmentresult.go:8.73,15.54 2 1
github.com/fall_out_bug/sdp-trace/cmd/sdp-trace/core_237_explainassessmentresult.go:15.54,18.3 2 0
github.com/fall_out_bug/sdp-trace/cmd/sdp-trace/core_237_explainassessmentresult.go:19.2,19.84 1 1
github.com/fall_out_bug/sdp-trace/cmd/sdp-trace/core_238_dispatchassessmentexplanation.go:8.94,10.9 2 1
github.com/fall_out_bug/sdp-trace/cmd/sdp-trace/core_238_dispatchassessmentexplanation.go:10.9,15.3 2 1
github.com/fall_out_bug/sdp-trace/cmd/sdp-trace/core_238_dispatchassessmentexplanation.go:16.2,16.38 1 1
github.com/fall_out_bug/sdp-trace/cmd/sdp-trace/core_241_explaintypedassessment_t_any.go:8.93,9.57 1 1
github.com/fall_out_bug/sdp-trace/cmd/sdp-trace/core_241_explaintypedassessment_t_any.go:9.57,13.53 2 1
github.com/fall_out_bug/sdp-trace/cmd/sdp-trace/core_241_explaintypedassessment_t_any.go:13.53,16.4 2 0
github.com/fall_out_bug/sdp-trace/cmd/sdp-trace/core_241_explaintypedassessment_t_any.go:17.3,17.33 1 1
github.com/fall_out_bug/sdp-trace/cmd/sdp-trace/core_242_explainadaptercaptureassessment.go:10.100,16.60 4 1
github.com/fall_out_bug/sdp-trace/cmd/sdp-trace/core_242_explainadaptercaptureassessment.go:16.60,18.3 1 1
github.com/fall_out_bug/sdp-trace/cmd/sdp-trace/core_242_explainadaptercaptureassessment.go:19.2,21.10 3 1
github.com/fall_out_bug/sdp-trace/cmd/sdp-trace/core_243_explainadaptercapturecondition.go:10.91,12.43 2 1
github.com/fall_out_bug/sdp-trace/cmd/sdp-trace/core_243_explainadaptercapturecondition.go:12.43,16.3 1 0
github.com/fall_out_bug/sdp-trace/cmd/sdp-trace/core_244_explainmanagedassessment.go:10.86,16.53 4 1
github.com/fall_out_bug/sdp-trace/cmd/sdp-trace/core_244_explainmanagedassessment.go:16.53,18.3 1 1
github.com/fall_out_bug/sdp-trace/cmd/sdp-trace/core_244_explainmanagedassessment.go:19.2,21.10 3 1
github.com/fall_out_bug/sdp-trace/cmd/sdp-trace/core_245_explainforensicassessment.go:10.88,16.54 4 1
github.com/fall_out_bug/sdp-trace/cmd/sdp-trace/core_245_explainforensicassessment.go:16.54,18.3 1 1
github.com/fall_out_bug/sdp-trace/cmd/sdp-trace/core_245_explainforensicassessment.go:19.2,21.10 3 1
github.com/fall_out_bug/sdp-trace/cmd/sdp-trace/core_246_explainforensiccondition.go:10.79,12.43 2 1
github.com/fall_out_bug/sdp-trace/cmd/sdp-trace/core_246_explainforensiccondition.go:12.43,15.3 1 0
github.com/fall_out_bug/sdp-trace/cmd/sdp-trace/core_247_explainciartifactobservation.go:10.94,28.2 11 1
github.com/fall_out_bug/sdp-trace/cmd/sdp-trace/core_248_explainciartifactfamilies.go:10.91,11.34 1 1
github.com/fall_out_bug/sdp-trace/cmd/sdp-trace/core_248_explainciartifactfamilies.go:11.34,18.3 4 1
github.com/fall_out_bug/sdp-trace/cmd/sdp-trace/core_249_explainauthorityevaluation.go:10.80,21.2 8 1
github.com/fall_out_bug/sdp-trace/cmd/sdp-trace/core_250_explainauthorityactionevaluations.go:10.103,11.35 1 1
github.com/fall_out_bug/sdp-trace/cmd/sdp-trace/core_250_explainauthorityactionevaluations.go:11.35,18.32 5 1
github.com/fall_out_bug/sdp-trace/cmd/sdp-trace/core_250_explainauthorityactionevaluations.go:18.32,20.4 1 1
github.com/fall_out_bug/sdp-trace/cmd/sdp-trace/core_251_explainauthoritybindingevaluations.go:10.97,11.35 1 1
github.com/fall_out_bug/sdp-trace/cmd/sdp-trace/core_251_explainauthoritybindingevaluations.go:11.35,15.3 1 0
github.com/fall_out_bug/sdp-trace/cmd/sdp-trace/core_252_managedinputstatus.go:9.45,10.35 1 1
github.com/fall_out_bug/sdp-trace/cmd/sdp-trace/core_252_managedinputstatus.go:10.35,12.3 1 1
github.com/fall_out_bug/sdp-trace/cmd/sdp-trace/core_252_managedinputstatus.go:13.2,14.16 2 1
github.com/fall_out_bug/sdp-trace/cmd/sdp-trace/core_252_managedinputstatus.go:14.16,17.3 1 0
github.com/fall_out_bug/sdp-trace/cmd/sdp-trace/core_252_managedinputstatus.go:18.2,18.18 1 1
github.com/fall_out_bug/sdp-trace/cmd/sdp-trace/core_252_managedinputstatus.go:18.18,21.3 1 0
github.com/fall_out_bug/sdp-trace/cmd/sdp-trace/core_252_managedinputstatus.go:22.2,22.33 1 1
github.com/fall_out_bug/sdp-trace/cmd/sdp-trace/core_253_jsonreadablestatus.go:8.45,10.16 2 1
github.com/fall_out_bug/sdp-trace/cmd/sdp-trace/core_253_jsonreadablestatus.go:10.16,14.3 1 0
github.com/fall_out_bug/sdp-trace/cmd/sdp-trace/core_253_jsonreadablestatus.go:15.2,16.51 2 1
github.com/fall_out_bug/sdp-trace/cmd/sdp-trace/core_253_jsonreadablestatus.go:16.51,19.3 1 1
github.com/fall_out_bug/sdp-trace/cmd/sdp-trace/core_253_jsonreadablestatus.go:20.2,20.27 1 1
github.com/fall_out_bug/sdp-trace/cmd/sdp-trace/core_254_managedpreviewactions.go:3.63,12.2 1 1
github.com/fall_out_bug/sdp-trace/cmd/sdp-trace/core_255_forensicpreviewactions.go:3.64,12.2 1 1
github.com/fall_out_bug/sdp-trace/cmd/sdp-trace/core_256_previewactionsforinputs.go:7.120,9.28 2 1
github.com/fall_out_bug/sdp-trace/cmd/sdp-trace/core_256_previewactionsforinputs.go:9.28,11.22 1 1
github.com/fall_out_bug/sdp-trace/cmd/sdp-trace/core_256_previewactionsforinputs.go:12.17,14.63 1 1
github.com/fall_out_bug/sdp-trace/cmd/sdp-trace/core_256_previewactionsforinputs.go:15.50,18.63 1 1
github.com/fall_out_bug/sdp-trace/cmd/sdp-trace/core_256_previewactionsforinputs.go:21.2,21.16 1 1
github.com/fall_out_bug/sdp-trace/cmd/sdp-trace/core_257_adaptercapturepreviewactions.go:3.70,5.2 1 1
github.com/fall_out_bug/sdp-trace/cmd/sdp-trace/core_258_ciartifactpreviewactions.go:3.66,5.2 1 1
github.com/fall_out_bug/sdp-trace/cmd/sdp-trace/core_259_authoritypreviewactions.go:3.65,5.2 1 1
github.com/fall_out_bug/sdp-trace/cmd/sdp-trace/core_260_previewactionforinputstate.go:3.111,6.21 1 1
github.com/fall_out_bug/sdp-trace/cmd/sdp-trace/core_260_previewactionforinputstate.go:7.16,8.32 1 1
github.com/fall_out_bug/sdp-trace/cmd/sdp-trace/core_260_previewactionforinputstate.go:9.49,12.35 1 1
github.com/fall_out_bug/sdp-trace/cmd/sdp-trace/core_260_previewactionforinputstate.go:13.10,14.13 1 1
github.com/fall_out_bug/sdp-trace/cmd/sdp-trace/core_261_adaptercaptureexitcode.go:7.73,9.2 1 1
github.com/fall_out_bug/sdp-trace/cmd/sdp-trace/core_263_managedexitcode.go:7.59,9.2 1 1
github.com/fall_out_bug/sdp-trace/cmd/sdp-trace/core_265_forensicexitcode.go:7.61,9.2 1 1
github.com/fall_out_bug/sdp-trace/cmd/sdp-trace/core_267_ciartifactexitcode.go:7.66,9.2 1 1
github.com/fall_out_bug/sdp-trace/cmd/sdp-trace/core_270_authorityexitcode.go:7.53,9.2 1 1
github.com/fall_out_bug/sdp-trace/cmd/sdp-trace/core_383_witnesstargetfromflags.go:3.67,5.23 2 1
github.com/fall_out_bug/sdp-trace/cmd/sdp-trace/core_383_witnesstargetfromflags.go:5.23,8.3 1 1
github.com/fall_out_bug/sdp-trace/cmd/sdp-trace/core_383_witnesstargetfromflags.go:9.2,9.29 1 1
github.com/fall_out_bug/sdp-trace/cmd/sdp-trace/core_456_exportcommandis.go:3.58,5.2 1 1
github.com/fall_out_bug/sdp-trace/cmd/sdp-trace/core_457_exportsubcommandis.go:3.64,5.2 1 1
github.com/fall_out_bug/sdp-trace/cmd/sdp-trace/core_458_runtelemetryexport.go:8.70,10.9 2 1
github.com/fall_out_bug/sdp-trace/cmd/sdp-trace/core_458_runtelemetryexport.go:10.9,12.3 1 1
github.com/fall_out_bug/sdp-trace/cmd/sdp-trace/core_458_runtelemetryexport.go:15.2,16.16 2 1
github.com/fall_out_bug/sdp-trace/cmd/sdp-trace/core_458_runtelemetryexport.go:16.16,19.3 2 1
github.com/fall_out_bug/sdp-trace/cmd/sdp-trace/core_458_runtelemetryexport.go:20.2,20.94 1 1
github.com/fall_out_bug/sdp-trace/cmd/sdp-trace/core_458_runtelemetryexport.go:20.94,25.3 2 0
github.com/fall_out_bug/sdp-trace/cmd/sdp-trace/core_458_runtelemetryexport.go:26.2,26.10 1 1
github.com/fall_out_bug/sdp-trace/cmd/sdp-trace/core_459_parsetelemetryexportargs.go:8.86,15.41 5 1
github.com/fall_out_bug/sdp-trace/cmd/sdp-trace/core_459_parsetelemetryexportargs.go:15.41,18.3 2 0
github.com/fall_out_bug/sdp-trace/cmd/sdp-trace/core_459_parsetelemetryexportargs.go:21.2,21.69 1 1
github.com/fall_out_bug/sdp-trace/cmd/sdp-trace/core_459_parsetelemetryexportargs.go:21.69,23.3 1 1
github.com/fall_out_bug/sdp-trace/cmd/sdp-trace/core_459_parsetelemetryexportargs.go:24.2,24.49 1 1
github.com/fall_out_bug/sdp-trace/cmd/sdp-trace/core_460_requiretelemetryexportargs.go:8.88,9.59 1 1
github.com/fall_out_bug/sdp-trace/cmd/sdp-trace/core_460_requiretelemetryexportargs.go:9.59,14.3 2 1
github.com/fall_out_bug/sdp-trace/cmd/sdp-trace/core_460_requiretelemetryexportargs.go:15.2,15.22 1 1
github.com/fall_out_bug/sdp-trace/cmd/sdp-trace/core_461_rendertelemetryexport.go:10.64,12.59 2 1
github.com/fall_out_bug/sdp-trace/cmd/sdp-trace/core_461_rendertelemetryexport.go:12.59,15.3 1 1
github.com/fall_out_bug/sdp-trace/cmd/sdp-trace/core_461_rendertelemetryexport.go:16.2,17.16 2 1
github.com/fall_out_bug/sdp-trace/cmd/sdp-trace/core_461_rendertelemetryexport.go:17.16,21.3 1 1
github.com/fall_out_bug/sdp-trace/cmd/sdp-trace/core_461_rendertelemetryexport.go:22.2,22.22 1 1
github.com/fall_out_bug/sdp-trace/cmd/sdp-trace/core_462_writetelemetryexportoutput.go:8.83,9.20 1 1
github.com/fall_out_bug/sdp-trace/cmd/sdp-trace/core_462_writetelemetryexportoutput.go:9.20,14.3 2 1
github.com/fall_out_bug/sdp-trace/cmd/sdp-trace/core_462_writetelemetryexportoutput.go:15.2,15.63 1 1
github.com/fall_out_bug/sdp-trace/cmd/sdp-trace/core_462_writetelemetryexportoutput.go:15.63,19.3 1 1
github.com/fall_out_bug/sdp-trace/cmd/sdp-trace/core_462_writetelemetryexportoutput.go:20.2,20.12 1 1
github.com/fall_out_bug/sdp-trace/cmd/sdp-trace/core_463_requiretelemetryexportinputs.go:10.56,11.89 1 1
github.com/fall_out_bug/sdp-trace/cmd/sdp-trace/core_463_requiretelemetryexportinputs.go:11.89,15.3 1 1
github.com/fall_out_bug/sdp-trace/cmd/sdp-trace/core_463_requiretelemetryexportinputs.go:16.2,16.69 1 1
github.com/fall_out_bug/sdp-trace/cmd/sdp-trace/core_463_requiretelemetryexportinputs.go:16.69,20.3 1 1
github.com/fall_out_bug/sdp-trace/cmd/sdp-trace/core_463_requiretelemetryexportinputs.go:21.2,21.54 1 1
github.com/fall_out_bug/sdp-trace/cmd/sdp-trace/core_463_requiretelemetryexportinputs.go:21.54,25.3 1 1
github.com/fall_out_bug/sdp-trace/cmd/sdp-trace/core_463_requiretelemetryexportinputs.go:26.2,26.12 1 1
github.com/fall_out_bug/sdp-trace/cmd/sdp-trace/core_464_runcrossrepopostureexport.go:11.77,13.9 2 1
github.com/fall_out_bug/sdp-trace/cmd/sdp-trace/core_464_runcrossrepopostureexport.go:13.9,15.3 1 1
github.com/fall_out_bug/sdp-trace/cmd/sdp-trace/core_464_runcrossrepopostureexport.go:18.2,19.16 2 1
github.com/fall_out_bug/sdp-trace/cmd/sdp-trace/core_464_runcrossrepopostureexport.go:19.16,24.3 2 0
github.com/fall_out_bug/sdp-trace/cmd/sdp-trace/core_464_runcrossrepopostureexport.go:25.2,26.58 2 1
github.com/fall_out_bug/sdp-trace/cmd/sdp-trace/core_465_parsecrossrepopostureexportargs.go:8.93,16.41 6 1
github.com/fall_out_bug/sdp-trace/cmd/sdp-trace/core_465_parsecrossrepopostureexportargs.go:16.41,19.3 2 0
github.com/fall_out_bug/sdp-trace/cmd/sdp-trace/core_465_parsecrossrepopostureexportargs.go:22.2,22.78 1 1
github.com/fall_out_bug/sdp-trace/cmd/sdp-trace/core_465_parsecrossrepopostureexportargs.go:22.78,24.3 1 0
github.com/fall_out_bug/sdp-trace/cmd/sdp-trace/core_465_parsecrossrepopostureexportargs.go:25.2,25.56 1 1
github.com/fall_out_bug/sdp-trace/cmd/sdp-trace/core_466_requirecrossrepopostureexportargs.go:8.95,9.60 1 1
github.com/fall_out_bug/sdp-trace/cmd/sdp-trace/core_466_requirecrossrepopostureexportargs.go:9.60,14.3 2 1
github.com/fall_out_bug/sdp-trace/cmd/sdp-trace/core_466_requirecrossrepopostureexportargs.go:15.2,15.22 1 1
github.com/fall_out_bug/sdp-trace/cmd/sdp-trace/core_467_writecrossrepopostureexport.go:11.100,12.37 1 1
github.com/fall_out_bug/sdp-trace/cmd/sdp-trace/core_467_writecrossrepopostureexport.go:12.37,16.3 1 1
github.com/fall_out_bug/sdp-trace/cmd/sdp-trace/core_467_writecrossrepopostureexport.go:17.2,17.54 1 1
github.com/fall_out_bug/sdp-trace/cmd/sdp-trace/core_467_writecrossrepopostureexport.go:17.54,21.3 2 1
github.com/fall_out_bug/sdp-trace/cmd/sdp-trace/core_467_writecrossrepopostureexport.go:22.2,22.71 1 1
github.com/fall_out_bug/sdp-trace/cmd/sdp-trace/core_467_writecrossrepopostureexport.go:22.71,26.3 2 0
github.com/fall_out_bug/sdp-trace/cmd/sdp-trace/core_467_writecrossrepopostureexport.go:27.2,27.10 1 1
github.com/fall_out_bug/sdp-trace/cmd/sdp-trace/core_468_requirecrossrepopostureinputs.go:10.57,11.73 1 1
github.com/fall_out_bug/sdp-trace/cmd/sdp-trace/core_468_requirecrossrepopostureinputs.go:11.73,14.3 1 0
github.com/fall_out_bug/sdp-trace/cmd/sdp-trace/core_468_requirecrossrepopostureinputs.go:15.2,15.60 1 1
github.com/fall_out_bug/sdp-trace/cmd/sdp-trace/core_468_requirecrossrepopostureinputs.go:15.60,18.3 1 1
github.com/fall_out_bug/sdp-trace/cmd/sdp-trace/core_468_requirecrossrepopostureinputs.go:19.2,19.12 1 1
github.com/fall_out_bug/sdp-trace/cmd/sdp-trace/core_469_runcrossrepopostureexplain.go:10.78,12.9 2 1
github.com/fall_out_bug/sdp-trace/cmd/sdp-trace/core_469_runcrossrepopostureexplain.go:12.9,14.3 1 0
github.com/fall_out_bug/sdp-trace/cmd/sdp-trace/core_469_runcrossrepopostureexplain.go:17.2,18.9 2 1
github.com/fall_out_bug/sdp-trace/cmd/sdp-trace/core_469_runcrossrepopostureexplain.go:18.9,20.3 1 0
github.com/fall_out_bug/sdp-trace/cmd/sdp-trace/core_469_runcrossrepopostureexplain.go:21.2,22.16 2 1
github.com/fall_out_bug/sdp-trace/cmd/sdp-trace/core_469_runcrossrepopostureexplain.go:22.16,26.3 2 0
github.com/fall_out_bug/sdp-trace/cmd/sdp-trace/core_469_runcrossrepopostureexplain.go:29.2,30.10 2 1
github.com/fall_out_bug/sdp-trace/cmd/sdp-trace/core_470_parsecrossrepopostureexplainargs.go:9.94,13.41 3 1
github.com/fall_out_bug/sdp-trace/cmd/sdp-trace/core_470_parsecrossrepopostureexplainargs.go:13.41,16.3 2 0
github.com/fall_out_bug/sdp-trace/cmd/sdp-trace/core_470_parsecrossrepopostureexplainargs.go:17.2,17.86 1 1
github.com/fall_out_bug/sdp-trace/cmd/sdp-trace/core_470_parsecrossrepopostureexplainargs.go:17.86,19.3 1 1
github.com/fall_out_bug/sdp-trace/cmd/sdp-trace/core_470_parsecrossrepopostureexplainargs.go:20.2,20.57 1 1
github.com/fall_out_bug/sdp-trace/cmd/sdp-trace/core_470_parsecrossrepopostureexplainargs.go:20.57,24.3 2 0
github.com/fall_out_bug/sdp-trace/cmd/sdp-trace/core_470_parsecrossrepopostureexplainargs.go:27.2,27.22 1 1
github.com/fall_out_bug/sdp-trace/cmd/sdp-trace/core_471_readcrossrepopostureexplainresult.go:10.105,12.52 2 1
github.com/fall_out_bug/sdp-trace/cmd/sdp-trace/core_471_readcrossrepopostureexplainresult.go:12.52,16.3 2 1
github.com/fall_out_bug/sdp-trace/cmd/sdp-trace/core_471_readcrossrepopostureexplainresult.go:17.2,17.98 1 1
github.com/fall_out_bug/sdp-trace/cmd/sdp-trace/core_471_readcrossrepopostureexplainresult.go:17.98,21.3 2 1
github.com/fall_out_bug/sdp-trace/cmd/sdp-trace/core_471_readcrossrepopostureexplainresult.go:24.2,24.24 1 1
github.com/fall_out_bug/sdp-trace/cmd/sdp-trace/core_518_readfixtureexpectation.go:7.78,11.16 2 1
github.com/fall_out_bug/sdp-trace/cmd/sdp-trace/core_518_readfixtureexpectation.go:11.16,13.3 1 0
github.com/fall_out_bug/sdp-trace/cmd/sdp-trace/core_518_readfixtureexpectation.go:14.2,14.28 1 1
github.com/fall_out_bug/sdp-trace/cmd/sdp-trace/core_518_readfixtureexpectation.go:14.28,16.3 1 1
github.com/fall_out_bug/sdp-trace/cmd/sdp-trace/core_518_readfixtureexpectation.go:17.2,20.68 2 1
github.com/fall_out_bug/sdp-trace/cmd/sdp-trace/core_519_readfixtureexpectations.go:10.70,14.16 3 1
github.com/fall_out_bug/sdp-trace/cmd/sdp-trace/core_519_readfixtureexpectations.go:14.16,15.37 1 1
github.com/fall_out_bug/sdp-trace/cmd/sdp-trace/core_519_readfixtureexpectations.go:15.37,18.4 1 1
github.com/fall_out_bug/sdp-trace/cmd/sdp-trace/core_519_readfixtureexpectations.go:19.3,19.18 1 0
github.com/fall_out_bug/sdp-trace/cmd/sdp-trace/core_519_readfixtureexpectations.go:21.2,22.60 2 1
github.com/fall_out_bug/sdp-trace/cmd/sdp-trace/core_519_readfixtureexpectations.go:22.60,25.3 1 0
github.com/fall_out_bug/sdp-trace/cmd/sdp-trace/core_519_readfixtureexpectations.go:26.2,26.26 1 1
github.com/fall_out_bug/sdp-trace/cmd/sdp-trace/core_521_setstring.go:3.55,4.19 1 1
github.com/fall_out_bug/sdp-trace/cmd/sdp-trace/core_521_setstring.go:4.19,7.3 1 1
github.com/fall_out_bug/sdp-trace/cmd/sdp-trace/core_521_setstring.go:8.2,8.28 1 1
github.com/fall_out_bug/sdp-trace/cmd/sdp-trace/core_522_setbool.go:3.58,4.20 1 1
github.com/fall_out_bug/sdp-trace/cmd/sdp-trace/core_522_setbool.go:4.20,7.3 1 1
github.com/fall_out_bug/sdp-trace/cmd/sdp-trace/core_522_setbool.go:8.2,8.29 1 1
github.com/fall_out_bug/sdp-trace/cmd/sdp-trace/core_523_parse.go:3.46,5.33 2 1
github.com/fall_out_bug/sdp-trace/cmd/sdp-trace/core_523_parse.go:5.33,10.17 2 1
github.com/fall_out_bug/sdp-trace/cmd/sdp-trace/core_523_parse.go:10.17,12.4 1 1
github.com/fall_out_bug/sdp-trace/cmd/sdp-trace/core_523_parse.go:13.3,13.11 1 1
github.com/fall_out_bug/sdp-trace/cmd/sdp-trace/core_523_parse.go:13.11,16.4 2 1
github.com/fall_out_bug/sdp-trace/cmd/sdp-trace/core_523_parse.go:18.2,19.12 2 1
github.com/fall_out_bug/sdp-trace/cmd/sdp-trace/core_524_consumearg.go:5.85,7.17 2 1
github.com/fall_out_bug/sdp-trace/cmd/sdp-trace/core_524_consumearg.go:7.17,11.3 2 1
github.com/fall_out_bug/sdp-trace/cmd/sdp-trace/core_524_consumearg.go:12.2,12.35 1 1
github.com/fall_out_bug/sdp-trace/cmd/sdp-trace/core_524_consumearg.go:12.35,16.3 2 1
github.com/fall_out_bug/sdp-trace/cmd/sdp-trace/core_524_consumearg.go:17.2,19.67 2 1
github.com/fall_out_bug/sdp-trace/cmd/sdp-trace/core_525_splitflag.go:7.51,9.21 2 1
github.com/fall_out_bug/sdp-trace/cmd/sdp-trace/core_525_splitflag.go:9.21,12.3 1 1
github.com/fall_out_bug/sdp-trace/cmd/sdp-trace/core_525_splitflag.go:13.2,13.33 1 1
github.com/fall_out_bug/sdp-trace/cmd/sdp-trace/core_526_consumeflag.go:7.108,9.26 2 1
github.com/fall_out_bug/sdp-trace/cmd/sdp-trace/core_526_consumeflag.go:9.26,12.3 1 1
github.com/fall_out_bug/sdp-trace/cmd/sdp-trace/core_526_consumeflag.go:13.2,13.14 1 1
github.com/fall_out_bug/sdp-trace/cmd/sdp-trace/core_526_consumeflag.go:13.14,15.3 1 1
github.com/fall_out_bug/sdp-trace/cmd/sdp-trace/core_526_consumeflag.go:16.2,16.56 1 1
github.com/fall_out_bug/sdp-trace/cmd/sdp-trace/core_527_isknownflag.go:3.57,9.2 3 1
github.com/fall_out_bug/sdp-trace/cmd/sdp-trace/core_528_consumevalue.go:3.75,4.13 1 1
github.com/fall_out_bug/sdp-trace/cmd/sdp-trace/core_528_consumevalue.go:4.13,8.3 2 0
github.com/fall_out_bug/sdp-trace/cmd/sdp-trace/core_528_consumevalue.go:9.2,9.44 1 1
github.com/fall_out_bug/sdp-trace/cmd/sdp-trace/core_529_consumenoequalsvalue.go:3.97,4.13 1 1
github.com/fall_out_bug/sdp-trace/cmd/sdp-trace/core_529_consumenoequalsvalue.go:4.13,7.3 1 1
github.com/fall_out_bug/sdp-trace/cmd/sdp-trace/core_529_consumenoequalsvalue.go:8.2,9.35 2 1
github.com/fall_out_bug/sdp-trace/cmd/sdp-trace/core_529_consumenoequalsvalue.go:9.35,13.3 2 1
github.com/fall_out_bug/sdp-trace/cmd/sdp-trace/core_529_consumenoequalsvalue.go:14.2,15.45 2 1
github.com/fall_out_bug/sdp-trace/cmd/sdp-trace/core_530_consumestringfromnext.go:8.85,10.26 2 1
github.com/fall_out_bug/sdp-trace/cmd/sdp-trace/core_530_consumestringfromnext.go:10.26,13.3 1 1
github.com/fall_out_bug/sdp-trace/cmd/sdp-trace/core_530_consumestringfromnext.go:14.2,15.36 2 1
github.com/fall_out_bug/sdp-trace/cmd/sdp-trace/core_530_consumestringfromnext.go:15.36,18.3 1 1
github.com/fall_out_bug/sdp-trace/cmd/sdp-trace/core_530_consumestringfromnext.go:19.2,21.12 3 1
github.com/fall_out_bug/sdp-trace/cmd/sdp-trace/core_531_isboolvalueat.go:3.49,5.2 1 1
github.com/fall_out_bug/sdp-trace/cmd/sdp-trace/core_532_consumeboolvalue.go:8.66,9.36 1 1
github.com/fall_out_bug/sdp-trace/cmd/sdp-trace/core_532_consumeboolvalue.go:10.20,12.24 1 1
github.com/fall_out_bug/sdp-trace/cmd/sdp-trace/core_532_consumeboolvalue.go:13.23,15.23 1 1
github.com/fall_out_bug/sdp-trace/cmd/sdp-trace/core_532_consumeboolvalue.go:16.10,18.75 1 1
github.com/fall_out_bug/sdp-trace/cmd/sdp-trace/core_532_consumeboolvalue.go:20.2,20.12 1 1
github.com/fall_out_bug/sdp-trace/cmd/sdp-trace/core_533_stringvalue.go:3.50,4.19 1 1
github.com/fall_out_bug/sdp-trace/cmd/sdp-trace/core_533_stringvalue.go:4.19,7.3 1 1
github.com/fall_out_bug/sdp-trace/cmd/sdp-trace/core_533_stringvalue.go:8.2,8.20 1 1
github.com/fall_out_bug/sdp-trace/cmd/sdp-trace/core_534_boolvalue.go:3.46,4.20 1 1
github.com/fall_out_bug/sdp-trace/cmd/sdp-trace/core_534_boolvalue.go:4.20,7.3 1 1
github.com/fall_out_bug/sdp-trace/cmd/sdp-trace/core_534_boolvalue.go:8.2,8.21 1 1
github.com/fall_out_bug/sdp-trace/cmd/sdp-trace/core_535_rest.go:3.35,5.2 1 1
github.com/fall_out_bug/sdp-trace/cmd/sdp-trace/doctor_416_rundoctor.go:9.80,10.18 1 1
github.com/fall_out_bug/sdp-trace/cmd/sdp-trace/doctor_416_rundoctor.go:10.18,13.3 2 1
github.com/fall_out_bug/sdp-trace/cmd/sdp-trace/doctor_416_rundoctor.go:14.2,15.9 2 1
github.com/fall_out_bug/sdp-trace/cmd/sdp-trace/doctor_416_rundoctor.go:15.9,17.3 1 1
github.com/fall_out_bug/sdp-trace/cmd/sdp-trace/doctor_416_rundoctor.go:18.2,18.58 1 1
github.com/fall_out_bug/sdp-trace/cmd/sdp-trace/doctor_416_rundoctor.go:18.58,24.3 1 1
github.com/fall_out_bug/sdp-trace/cmd/sdp-trace/doctor_416_rundoctor.go:25.2,25.45 1 1
github.com/fall_out_bug/sdp-trace/cmd/sdp-trace/doctor_417_parsedoctorargs.go:8.77,17.41 7 1
github.com/fall_out_bug/sdp-trace/cmd/sdp-trace/doctor_417_parsedoctorargs.go:17.41,22.3 2 0
github.com/fall_out_bug/sdp-trace/cmd/sdp-trace/doctor_417_parsedoctorargs.go:23.2,23.27 1 1
github.com/fall_out_bug/sdp-trace/cmd/sdp-trace/doctor_417_parsedoctorargs.go:23.27,28.3 2 1
github.com/fall_out_bug/sdp-trace/cmd/sdp-trace/doctor_417_parsedoctorargs.go:29.2,29.22 1 1
github.com/fall_out_bug/sdp-trace/cmd/sdp-trace/doctor_418_runrepoobserverdoctor.go:10.73,11.80 1 1
github.com/fall_out_bug/sdp-trace/cmd/sdp-trace/doctor_418_runrepoobserverdoctor.go:11.80,15.3 2 0
github.com/fall_out_bug/sdp-trace/cmd/sdp-trace/doctor_418_runrepoobserverdoctor.go:18.2,19.16 2 1
github.com/fall_out_bug/sdp-trace/cmd/sdp-trace/doctor_418_runrepoobserverdoctor.go:19.16,22.3 2 0
github.com/fall_out_bug/sdp-trace/cmd/sdp-trace/doctor_418_runrepoobserverdoctor.go:23.2,23.62 1 1
github.com/fall_out_bug/sdp-trace/cmd/sdp-trace/doctor_419_writerepoobserverdoctor.go:10.103,11.80 1 1
github.com/fall_out_bug/sdp-trace/cmd/sdp-trace/doctor_419_writerepoobserverdoctor.go:11.80,15.3 2 0
github.com/fall_out_bug/sdp-trace/cmd/sdp-trace/doctor_419_writerepoobserverdoctor.go:16.2,17.37 2 1
github.com/fall_out_bug/sdp-trace/cmd/sdp-trace/doctor_420_runlocaldoctor.go:11.66,21.16 3 1
github.com/fall_out_bug/sdp-trace/cmd/sdp-trace/doctor_420_runlocaldoctor.go:21.16,26.3 2 0
github.com/fall_out_bug/sdp-trace/cmd/sdp-trace/doctor_420_runlocaldoctor.go:27.2,28.17 2 1
github.com/fall_out_bug/sdp-trace/cmd/sdp-trace/doctor_421_runinstall.go:11.81,13.9 2 1
github.com/fall_out_bug/sdp-trace/cmd/sdp-trace/doctor_421_runinstall.go:13.9,15.3 1 1
github.com/fall_out_bug/sdp-trace/cmd/sdp-trace/doctor_421_runinstall.go:20.2,21.90 2 1
github.com/fall_out_bug/sdp-trace/cmd/sdp-trace/doctor_421_runinstall.go:21.90,26.3 2 0
github.com/fall_out_bug/sdp-trace/cmd/sdp-trace/doctor_421_runinstall.go:27.2,27.91 1 1
github.com/fall_out_bug/sdp-trace/cmd/sdp-trace/doctor_421_runinstall.go:27.91,29.3 1 0
github.com/fall_out_bug/sdp-trace/cmd/sdp-trace/doctor_421_runinstall.go:30.2,31.69 2 1
github.com/fall_out_bug/sdp-trace/cmd/sdp-trace/doctor_422_handlerepoobserverinstallerror.go:10.114,11.16 1 1
github.com/fall_out_bug/sdp-trace/cmd/sdp-trace/doctor_422_handlerepoobserverinstallerror.go:11.16,13.3 1 1
github.com/fall_out_bug/sdp-trace/cmd/sdp-trace/doctor_422_handlerepoobserverinstallerror.go:14.2,14.32 1 1
github.com/fall_out_bug/sdp-trace/cmd/sdp-trace/doctor_422_handlerepoobserverinstallerror.go:14.32,17.3 1 1
github.com/fall_out_bug/sdp-trace/cmd/sdp-trace/doctor_422_handlerepoobserverinstallerror.go:18.2,19.31 2 1
github.com/fall_out_bug/sdp-trace/cmd/sdp-trace/doctor_423_repoobserverinstallexitcode.go:7.78,8.12 1 1
github.com/fall_out_bug/sdp-trace/cmd/sdp-trace/doctor_423_repoobserverinstallexitcode.go:8.12,12.3 1 1
github.com/fall_out_bug/sdp-trace/cmd/sdp-trace/doctor_423_repoobserverinstallexitcode.go:13.2,13.37 1 1
github.com/fall_out_bug/sdp-trace/cmd/sdp-trace/doctor_424_parseinstallrepoobserverargs.go:8.98,9.18 1 1
github.com/fall_out_bug/sdp-trace/cmd/sdp-trace/doctor_424_parseinstallrepoobserverargs.go:9.18,12.3 2 0
github.com/fall_out_bug/sdp-trace/cmd/sdp-trace/doctor_424_parseinstallrepoobserverargs.go:13.2,13.45 1 1
github.com/fall_out_bug/sdp-trace/cmd/sdp-trace/doctor_424_parseinstallrepoobserverargs.go:13.45,20.3 2 1
github.com/fall_out_bug/sdp-trace/cmd/sdp-trace/doctor_424_parseinstallrepoobserverargs.go:21.2,22.45 2 1
github.com/fall_out_bug/sdp-trace/cmd/sdp-trace/doctor_424_parseinstallrepoobserverargs.go:22.45,26.3 2 0
github.com/fall_out_bug/sdp-trace/cmd/sdp-trace/doctor_424_parseinstallrepoobserverargs.go:27.2,27.54 1 1
github.com/fall_out_bug/sdp-trace/cmd/sdp-trace/doctor_425_requireinstallrepoobserverflags.go:8.93,9.27 1 1
github.com/fall_out_bug/sdp-trace/cmd/sdp-trace/doctor_425_requireinstallrepoobserverflags.go:9.27,14.3 2 1
github.com/fall_out_bug/sdp-trace/cmd/sdp-trace/doctor_425_requireinstallrepoobserverflags.go:15.2,15.22 1 1
github.com/fall_out_bug/sdp-trace/cmd/sdp-trace/doctor_426_hasinstallrepoobserversubcommand.go:3.59,5.2 1 1
github.com/fall_out_bug/sdp-trace/cmd/sdp-trace/doctor_427_installrepoobserverflagset.go:7.44,16.2 7 1
github.com/fall_out_bug/sdp-trace/cmd/sdp-trace/doctor_428_repoobserveroptionsfromflags.go:7.71,16.2 1 1
github.com/fall_out_bug/sdp-trace/cmd/sdp-trace/doctor_429_repoobserverexitcode.go:7.59,8.114 1 1
github.com/fall_out_bug/sdp-trace/cmd/sdp-trace/doctor_429_repoobserverexitcode.go:8.114,11.3 1 1
github.com/fall_out_bug/sdp-trace/cmd/sdp-trace/doctor_429_repoobserverexitcode.go:12.2,12.51 1 1
github.com/fall_out_bug/sdp-trace/cmd/sdp-trace/doctor_429_repoobserverexitcode.go:12.51,14.3 1 0
github.com/fall_out_bug/sdp-trace/cmd/sdp-trace/doctor_429_repoobserverexitcode.go:15.2,15.10 1 1
github.com/fall_out_bug/sdp-trace/cmd/sdp-trace/doctor_485_builddoctorreport.go:7.67,44.2 12 1
github.com/fall_out_bug/sdp-trace/cmd/sdp-trace/doctor_486_updatedoctorexitforlocalchecks.go:3.103,4.31 1 1
github.com/fall_out_bug/sdp-trace/cmd/sdp-trace/doctor_486_updatedoctorexitforlocalchecks.go:4.31,8.3 1 1
github.com/fall_out_bug/sdp-trace/cmd/sdp-trace/doctor_486_updatedoctorexitforlocalchecks.go:9.2,9.25 1 1
github.com/fall_out_bug/sdp-trace/cmd/sdp-trace/doctor_487_doctorenvironmentchecks.go:3.46,18.2 1 1
github.com/fall_out_bug/sdp-trace/cmd/sdp-trace/doctor_488_doctorcontrolpointchecks.go:7.121,22.2 4 1
github.com/fall_out_bug/sdp-trace/cmd/sdp-trace/doctor_489_doctordefaultcontractcheck.go:7.77,17.2 1 1
github.com/fall_out_bug/sdp-trace/cmd/sdp-trace/doctor_490_doctorcontractcheck.go:7.109,8.24 1 1
github.com/fall_out_bug/sdp-trace/cmd/sdp-trace/doctor_490_doctorcontractcheck.go:8.24,12.3 1 1
github.com/fall_out_bug/sdp-trace/cmd/sdp-trace/doctor_490_doctorcontractcheck.go:15.2,16.16 2 1
github.com/fall_out_bug/sdp-trace/cmd/sdp-trace/doctor_490_doctorcontractcheck.go:16.16,19.3 1 1
github.com/fall_out_bug/sdp-trace/cmd/sdp-trace/doctor_490_doctorcontractcheck.go:21.2,21.59 1 1
github.com/fall_out_bug/sdp-trace/cmd/sdp-trace/doctor_491_loadeddoctorcontractresult.go:7.109,17.2 1 1
github.com/fall_out_bug/sdp-trace/cmd/sdp-trace/doctor_492_defaultdoctorcontractresult.go:7.96,17.2 1 1
github.com/fall_out_bug/sdp-trace/cmd/sdp-trace/doctor_493_unreadabledoctorcontractresult.go:7.120,15.2 1 1
github.com/fall_out_bug/sdp-trace/cmd/sdp-trace/doctor_494_updatedoctorexitforcheck.go:7.93,8.54 1 1
github.com/fall_out_bug/sdp-trace/cmd/sdp-trace/doctor_494_updatedoctorexitforcheck.go:8.54,11.3 1 1
github.com/fall_out_bug/sdp-trace/cmd/sdp-trace/doctor_494_updatedoctorexitforcheck.go:12.2,12.25 1 1
github.com/fall_out_bug/sdp-trace/cmd/sdp-trace/doctor_495_writablepathcheck.go:7.63,8.35 1 1
github.com/fall_out_bug/sdp-trace/cmd/sdp-trace/doctor_495_writablepathcheck.go:8.35,10.3 1 0
github.com/fall_out_bug/sdp-trace/cmd/sdp-trace/doctor_495_writablepathcheck.go:11.2,12.9 2 1
github.com/fall_out_bug/sdp-trace/cmd/sdp-trace/doctor_495_writablepathcheck.go:12.9,16.3 1 1
github.com/fall_out_bug/sdp-trace/cmd/sdp-trace/doctor_495_writablepathcheck.go:17.2,17.54 1 1
github.com/fall_out_bug/sdp-trace/cmd/sdp-trace/doctor_496_probewritablepath.go:9.71,15.16 2 1
github.com/fall_out_bug/sdp-trace/cmd/sdp-trace/doctor_496_probewritablepath.go:15.16,24.3 1 0
github.com/fall_out_bug/sdp-trace/cmd/sdp-trace/doctor_496_probewritablepath.go:25.2,30.50 4 1
github.com/fall_out_bug/sdp-trace/cmd/sdp-trace/doctor_497_emptywritablepathcheck.go:7.52,14.2 1 0
github.com/fall_out_bug/sdp-trace/cmd/sdp-trace/doctor_498_writablepathpasscheck.go:3.67,12.2 1 1
github.com/fall_out_bug/sdp-trace/cmd/sdp-trace/doctor_499_writableprobetarget.go:9.71,11.33 2 1
github.com/fall_out_bug/sdp-trace/cmd/sdp-trace/doctor_499_writableprobetarget.go:11.33,19.3 1 1
github.com/fall_out_bug/sdp-trace/cmd/sdp-trace/doctor_499_writableprobetarget.go:20.2,20.24 1 1
github.com/fall_out_bug/sdp-trace/cmd/sdp-trace/doctor_499_writableprobetarget.go:20.24,23.3 1 1
github.com/fall_out_bug/sdp-trace/cmd/sdp-trace/doctor_499_writableprobetarget.go:26.2,26.34 1 0
github.com/fall_out_bug/sdp-trace/cmd/sdp-trace/doctor_500_writableprobeparent.go:7.46,9.18 2 1
github.com/fall_out_bug/sdp-trace/cmd/sdp-trace/doctor_500_writableprobeparent.go:9.18,12.3 1 0
github.com/fall_out_bug/sdp-trace/cmd/sdp-trace/doctor_500_writableprobeparent.go:13.2,13.15 1 1
github.com/fall_out_bug/sdp-trace/cmd/sdp-trace/doctor_501_expectedevidencereferencecheck.go:7.74,8.39 1 1
github.com/fall_out_bug/sdp-trace/cmd/sdp-trace/doctor_501_expectedevidencereferencecheck.go:8.39,10.3 1 0
github.com/fall_out_bug/sdp-trace/cmd/sdp-trace/doctor_501_expectedevidencereferencecheck.go:13.2,14.22 2 1
github.com/fall_out_bug/sdp-trace/cmd/sdp-trace/doctor_501_expectedevidencereferencecheck.go:14.22,16.3 1 1
github.com/fall_out_bug/sdp-trace/cmd/sdp-trace/doctor_501_expectedevidencereferencecheck.go:19.2,24.3 1 1
github.com/fall_out_bug/sdp-trace/cmd/sdp-trace/doctor_502_expectedevidencenorequiredeventscheck.go:7.81,15.2 1 0
github.com/fall_out_bug/sdp-trace/cmd/sdp-trace/doctor_503_expectedevidenceunsupportedreferencecheck.go:7.103,17.2 1 1
github.com/fall_out_bug/sdp-trace/cmd/sdp-trace/doctor_504_expectedevidencereferencegaps.go:7.70,9.52 2 1
github.com/fall_out_bug/sdp-trace/cmd/sdp-trace/doctor_504_expectedevidencereferencegaps.go:9.52,10.33 1 1
github.com/fall_out_bug/sdp-trace/cmd/sdp-trace/doctor_504_expectedevidencereferencegaps.go:10.33,13.4 1 1
github.com/fall_out_bug/sdp-trace/cmd/sdp-trace/doctor_504_expectedevidencereferencegaps.go:17.2,17.53 1 1
github.com/fall_out_bug/sdp-trace/cmd/sdp-trace/doctor_504_expectedevidencereferencegaps.go:17.53,19.3 1 1
github.com/fall_out_bug/sdp-trace/cmd/sdp-trace/doctor_504_expectedevidencereferencegaps.go:20.2,20.16 1 1
github.com/fall_out_bug/sdp-trace/cmd/sdp-trace/doctor_505_expectedevidencegaps.go:9.72,11.42 2 1
github.com/fall_out_bug/sdp-trace/cmd/sdp-trace/doctor_505_expectedevidencegaps.go:11.42,14.3 1 1
github.com/fall_out_bug/sdp-trace/cmd/sdp-trace/doctor_505_expectedevidencegaps.go:15.2,15.49 1 1
github.com/fall_out_bug/sdp-trace/cmd/sdp-trace/doctor_505_expectedevidencegaps.go:15.49,18.3 1 1
github.com/fall_out_bug/sdp-trace/cmd/sdp-trace/doctor_505_expectedevidencegaps.go:19.2,19.41 1 1
github.com/fall_out_bug/sdp-trace/cmd/sdp-trace/doctor_505_expectedevidencegaps.go:19.41,22.3 1 1
github.com/fall_out_bug/sdp-trace/cmd/sdp-trace/doctor_505_expectedevidencegaps.go:23.2,23.16 1 1
github.com/fall_out_bug/sdp-trace/cmd/sdp-trace/doctor_506_knowneventtype.go:7.44,8.36 1 1
github.com/fall_out_bug/sdp-trace/cmd/sdp-trace/doctor_506_knowneventtype.go:14.38,17.14 1 1
github.com/fall_out_bug/sdp-trace/cmd/sdp-trace/doctor_506_knowneventtype.go:18.10,19.15 1 1
github.com/fall_out_bug/sdp-trace/cmd/sdp-trace/doctor_507_ciwitnessprerequisitecheck.go:7.68,9.22 2 1
github.com/fall_out_bug/sdp-trace/cmd/sdp-trace/doctor_507_ciwitnessprerequisitecheck.go:9.22,17.3 1 1
github.com/fall_out_bug/sdp-trace/cmd/sdp-trace/doctor_507_ciwitnessprerequisitecheck.go:20.2,24.3 1 0
github.com/fall_out_bug/sdp-trace/cmd/sdp-trace/doctor_508_missingciwitnessfields.go:3.61,5.68 2 1
github.com/fall_out_bug/sdp-trace/cmd/sdp-trace/doctor_508_missingciwitnessfields.go:5.68,8.3 1 0
github.com/fall_out_bug/sdp-trace/cmd/sdp-trace/doctor_508_missingciwitnessfields.go:9.2,9.16 1 1
github.com/fall_out_bug/sdp-trace/cmd/sdp-trace/doctor_509_requiredciwitnessenvfields.go:3.44,20.2 1 1
github.com/fall_out_bug/sdp-trace/cmd/sdp-trace/doctor_510_missingenvfields.go:7.74,9.31 2 1
github.com/fall_out_bug/sdp-trace/cmd/sdp-trace/doctor_510_missingenvfields.go:9.31,10.40 1 1
github.com/fall_out_bug/sdp-trace/cmd/sdp-trace/doctor_510_missingenvfields.go:10.40,13.4 1 1
github.com/fall_out_bug/sdp-trace/cmd/sdp-trace/doctor_510_missingenvfields.go:15.2,15.16 1 1
github.com/fall_out_bug/sdp-trace/cmd/sdp-trace/doctor_511_saferetentionmodes.go:7.36,17.2 1 1
github.com/fall_out_bug/sdp-trace/cmd/sdp-trace/doctor_513_previewboundaries.go:3.44,7.2 1 1
github.com/fall_out_bug/sdp-trace/cmd/sdp-trace/doctor_514_previewofflineimplications.go:7.63,22.2 1 1
github.com/fall_out_bug/sdp-trace/cmd/sdp-trace/doctor_516_printusage.go:8.30,11.2 1 1
github.com/fall_out_bug/sdp-trace/cmd/sdp-trace/envelope_173_run.go:11.82,15.9 2 1
github.com/fall_out_bug/sdp-trace/cmd/sdp-trace/envelope_173_run.go:15.9,17.3 1 0
github.com/fall_out_bug/sdp-trace/cmd/sdp-trace/envelope_173_run.go:20.2,21.16 2 1
github.com/fall_out_bug/sdp-trace/cmd/sdp-trace/envelope_173_run.go:21.16,24.3 2 0
github.com/fall_out_bug/sdp-trace/cmd/sdp-trace/envelope_173_run.go:26.2,27.80 2 1
github.com/fall_out_bug/sdp-trace/cmd/sdp-trace/envelope_173_run.go:27.80,32.3 2 0
github.com/fall_out_bug/sdp-trace/cmd/sdp-trace/envelope_173_run.go:33.2,34.10 2 1
github.com/fall_out_bug/sdp-trace/cmd/sdp-trace/envelope_174_writeoptionaljsonfile.go:7.58,8.35 1 1
github.com/fall_out_bug/sdp-trace/cmd/sdp-trace/envelope_174_writeoptionaljsonfile.go:8.35,12.3 1 1
github.com/fall_out_bug/sdp-trace/cmd/sdp-trace/envelope_174_writeoptionaljsonfile.go:13.2,13.35 1 1
github.com/fall_out_bug/sdp-trace/cmd/sdp-trace/envelope_175_parsesummarizeargs.go:8.88,9.46 1 1
github.com/fall_out_bug/sdp-trace/cmd/sdp-trace/envelope_175_parsesummarizeargs.go:9.46,14.3 2 1
github.com/fall_out_bug/sdp-trace/cmd/sdp-trace/envelope_175_parsesummarizeargs.go:15.2,20.45 4 1
github.com/fall_out_bug/sdp-trace/cmd/sdp-trace/envelope_175_parsesummarizeargs.go:20.45,23.3 2 0
github.com/fall_out_bug/sdp-trace/cmd/sdp-trace/envelope_175_parsesummarizeargs.go:24.2,25.23 2 1
github.com/fall_out_bug/sdp-trace/cmd/sdp-trace/export_452_run.go:9.80,10.36 1 1
github.com/fall_out_bug/sdp-trace/cmd/sdp-trace/export_452_run.go:10.36,13.3 1 1
github.com/fall_out_bug/sdp-trace/cmd/sdp-trace/export_452_run.go:14.2,14.50 1 1
github.com/fall_out_bug/sdp-trace/cmd/sdp-trace/export_452_run.go:14.50,17.3 1 1
github.com/fall_out_bug/sdp-trace/cmd/sdp-trace/export_452_run.go:18.2,18.43 1 1
github.com/fall_out_bug/sdp-trace/cmd/sdp-trace/export_452_run.go:18.43,21.3 1 1
github.com/fall_out_bug/sdp-trace/cmd/sdp-trace/export_452_run.go:24.2,25.18 2 1
github.com/fall_out_bug/sdp-trace/cmd/sdp-trace/export_453_telemetryrequested.go:3.51,5.2 1 1
github.com/fall_out_bug/sdp-trace/cmd/sdp-trace/export_454_crossrepopostureexplainrequested.go:3.65,5.2 1 1
github.com/fall_out_bug/sdp-trace/cmd/sdp-trace/export_455_crossrepoposturerequested.go:3.58,5.2 1 1
github.com/fall_out_bug/sdp-trace/cmd/sdp-trace/fixture_472_run.go:11.90,16.16 3 1
github.com/fall_out_bug/sdp-trace/cmd/sdp-trace/fixture_472_run.go:16.16,19.3 2 0
github.com/fall_out_bug/sdp-trace/cmd/sdp-trace/fixture_472_run.go:20.2,20.63 1 1
github.com/fall_out_bug/sdp-trace/cmd/sdp-trace/fixture_472_run.go:20.63,22.3 1 1
github.com/fall_out_bug/sdp-trace/cmd/sdp-trace/fixture_472_run.go:23.2,23.10 1 1
github.com/fall_out_bug/sdp-trace/cmd/sdp-trace/fixture_473_rootarg.go:3.43,4.19 1 1
github.com/fall_out_bug/sdp-trace/cmd/sdp-trace/fixture_473_rootarg.go:4.19,6.3 1 1
github.com/fall_out_bug/sdp-trace/cmd/sdp-trace/fixture_473_rootarg.go:8.2,8.12 1 0
github.com/fall_out_bug/sdp-trace/cmd/sdp-trace/fixture_474_validatefixtureruns.go:7.95,9.33 2 1
github.com/fall_out_bug/sdp-trace/cmd/sdp-trace/fixture_474_validatefixtureruns.go:9.33,12.62 1 1
github.com/fall_out_bug/sdp-trace/cmd/sdp-trace/fixture_474_validatefixtureruns.go:12.62,14.4 1 1
github.com/fall_out_bug/sdp-trace/cmd/sdp-trace/fixture_474_validatefixtureruns.go:16.2,16.15 1 1
github.com/fall_out_bug/sdp-trace/cmd/sdp-trace/fixture_475_validatefixturerun.go:10.84,12.86 2 1
github.com/fall_out_bug/sdp-trace/cmd/sdp-trace/fixture_475_validatefixturerun.go:12.86,17.3 2 0
github.com/fall_out_bug/sdp-trace/cmd/sdp-trace/fixture_475_validatefixturerun.go:18.2,19.22 2 1
github.com/fall_out_bug/sdp-trace/cmd/sdp-trace/fixture_475_validatefixturerun.go:19.22,23.3 1 0
github.com/fall_out_bug/sdp-trace/cmd/sdp-trace/fixture_475_validatefixturerun.go:24.2,24.70 1 1
github.com/fall_out_bug/sdp-trace/cmd/sdp-trace/fixture_476_expectationfailed.go:10.111,12.16 2 1
github.com/fall_out_bug/sdp-trace/cmd/sdp-trace/fixture_476_expectationfailed.go:12.16,16.3 2 0
github.com/fall_out_bug/sdp-trace/cmd/sdp-trace/fixture_476_expectationfailed.go:17.2,17.38 1 1
github.com/fall_out_bug/sdp-trace/cmd/sdp-trace/fixture_476_expectationfailed.go:17.38,20.3 1 1
github.com/fall_out_bug/sdp-trace/cmd/sdp-trace/fixture_476_expectationfailed.go:23.2,23.46 1 1
github.com/fall_out_bug/sdp-trace/cmd/sdp-trace/fixture_477_expectedresultfailed.go:10.133,11.57 1 1
github.com/fall_out_bug/sdp-trace/cmd/sdp-trace/fixture_477_expectedresultfailed.go:11.57,13.3 1 1
github.com/fall_out_bug/sdp-trace/cmd/sdp-trace/fixture_477_expectedresultfailed.go:16.2,17.13 2 1
github.com/fall_out_bug/sdp-trace/cmd/sdp-trace/fixture_478_unexpectedresultfailed.go:7.70,11.2 1 1
github.com/fall_out_bug/sdp-trace/cmd/sdp-trace/gate_271_runcheckpoint.go:8.84,12.9 2 1
github.com/fall_out_bug/sdp-trace/cmd/sdp-trace/gate_271_runcheckpoint.go:12.9,14.3 1 0
github.com/fall_out_bug/sdp-trace/cmd/sdp-trace/gate_271_runcheckpoint.go:15.2,15.65 1 1
github.com/fall_out_bug/sdp-trace/cmd/sdp-trace/gate_273_checkpointcommand.go:8.82,9.20 1 1
github.com/fall_out_bug/sdp-trace/cmd/sdp-trace/gate_273_checkpointcommand.go:9.20,14.3 2 0
github.com/fall_out_bug/sdp-trace/cmd/sdp-trace/gate_273_checkpointcommand.go:16.2,16.58 1 1
github.com/fall_out_bug/sdp-trace/cmd/sdp-trace/gate_274_knowncheckpointcommand.go:8.103,9.48 1 1
github.com/fall_out_bug/sdp-trace/cmd/sdp-trace/gate_274_knowncheckpointcommand.go:9.48,13.3 2 0
github.com/fall_out_bug/sdp-trace/cmd/sdp-trace/gate_274_knowncheckpointcommand.go:14.2,14.28 1 1
github.com/fall_out_bug/sdp-trace/cmd/sdp-trace/gate_275_runcheckpointcreate.go:8.71,10.9 2 1
github.com/fall_out_bug/sdp-trace/cmd/sdp-trace/gate_275_runcheckpointcreate.go:10.9,12.3 1 0
github.com/fall_out_bug/sdp-trace/cmd/sdp-trace/gate_275_runcheckpointcreate.go:15.2,16.9 2 1
github.com/fall_out_bug/sdp-trace/cmd/sdp-trace/gate_275_runcheckpointcreate.go:16.9,18.3 1 0
github.com/fall_out_bug/sdp-trace/cmd/sdp-trace/gate_275_runcheckpointcreate.go:19.2,20.10 2 1
github.com/fall_out_bug/sdp-trace/cmd/sdp-trace/gate_276_createcheckpointfromoptions.go:10.108,14.76 2 1
github.com/fall_out_bug/sdp-trace/cmd/sdp-trace/gate_276_createcheckpointfromoptions.go:14.76,17.3 2 0
github.com/fall_out_bug/sdp-trace/cmd/sdp-trace/gate_276_createcheckpointfromoptions.go:18.2,18.52 1 1
github.com/fall_out_bug/sdp-trace/cmd/sdp-trace/gate_277_createandwritecheckpoint.go:10.129,20.16 2 1
github.com/fall_out_bug/sdp-trace/cmd/sdp-trace/gate_277_createandwritecheckpoint.go:20.16,23.3 2 0
github.com/fall_out_bug/sdp-trace/cmd/sdp-trace/gate_277_createandwritecheckpoint.go:24.2,24.72 1 1
github.com/fall_out_bug/sdp-trace/cmd/sdp-trace/gate_277_createandwritecheckpoint.go:24.72,28.3 2 0
github.com/fall_out_bug/sdp-trace/cmd/sdp-trace/gate_277_createandwritecheckpoint.go:30.2,30.25 1 1
github.com/fall_out_bug/sdp-trace/cmd/sdp-trace/gate_278_parsecheckpointcreateargs.go:8.87,10.41 2 1
github.com/fall_out_bug/sdp-trace/cmd/sdp-trace/gate_278_parsecheckpointcreateargs.go:10.41,13.3 2 0
github.com/fall_out_bug/sdp-trace/cmd/sdp-trace/gate_278_parsecheckpointcreateargs.go:16.2,16.108 1 1
github.com/fall_out_bug/sdp-trace/cmd/sdp-trace/gate_278_parsecheckpointcreateargs.go:16.108,18.3 1 0
github.com/fall_out_bug/sdp-trace/cmd/sdp-trace/gate_278_parsecheckpointcreateargs.go:19.2,19.22 1 1
github.com/fall_out_bug/sdp-trace/cmd/sdp-trace/gate_279_newcheckpointcreateflagset.go:3.44,5.51 2 1
github.com/fall_out_bug/sdp-trace/cmd/sdp-trace/gate_279_newcheckpointcreateflagset.go:5.51,9.3 1 1
github.com/fall_out_bug/sdp-trace/cmd/sdp-trace/gate_279_newcheckpointcreateflagset.go:10.2,10.13 1 1
github.com/fall_out_bug/sdp-trace/cmd/sdp-trace/gate_282_runcheckpointverify.go:11.71,13.9 2 1
github.com/fall_out_bug/sdp-trace/cmd/sdp-trace/gate_282_runcheckpointverify.go:13.9,15.3 1 0
github.com/fall_out_bug/sdp-trace/cmd/sdp-trace/gate_282_runcheckpointverify.go:19.2,20.9 2 1
github.com/fall_out_bug/sdp-trace/cmd/sdp-trace/gate_282_runcheckpointverify.go:20.9,22.3 1 0
github.com/fall_out_bug/sdp-trace/cmd/sdp-trace/gate_282_runcheckpointverify.go:23.2,26.48 4 1
github.com/fall_out_bug/sdp-trace/cmd/sdp-trace/gate_283_parsecheckpointverifyargs.go:8.87,10.41 2 1
github.com/fall_out_bug/sdp-trace/cmd/sdp-trace/gate_283_parsecheckpointverifyargs.go:10.41,14.3 2 0
github.com/fall_out_bug/sdp-trace/cmd/sdp-trace/gate_283_parsecheckpointverifyargs.go:15.2,15.27 1 1
github.com/fall_out_bug/sdp-trace/cmd/sdp-trace/gate_283_parsecheckpointverifyargs.go:15.27,19.3 2 1
github.com/fall_out_bug/sdp-trace/cmd/sdp-trace/gate_283_parsecheckpointverifyargs.go:20.2,20.60 1 1
github.com/fall_out_bug/sdp-trace/cmd/sdp-trace/gate_283_parsecheckpointverifyargs.go:20.60,25.3 2 0
github.com/fall_out_bug/sdp-trace/cmd/sdp-trace/gate_283_parsecheckpointverifyargs.go:26.2,26.22 1 1
github.com/fall_out_bug/sdp-trace/cmd/sdp-trace/gate_284_newcheckpointverifyflagset.go:3.44,7.51 2 1
github.com/fall_out_bug/sdp-trace/cmd/sdp-trace/gate_284_newcheckpointverifyflagset.go:7.51,9.3 1 1
github.com/fall_out_bug/sdp-trace/cmd/sdp-trace/gate_284_newcheckpointverifyflagset.go:10.2,10.13 1 1
github.com/fall_out_bug/sdp-trace/cmd/sdp-trace/gate_286_loadcheckpointverifyinputs.go:10.144,14.78 2 1
github.com/fall_out_bug/sdp-trace/cmd/sdp-trace/gate_286_loadcheckpointverifyinputs.go:14.78,17.3 2 0
github.com/fall_out_bug/sdp-trace/cmd/sdp-trace/gate_286_loadcheckpointverifyinputs.go:18.2,19.16 2 1
github.com/fall_out_bug/sdp-trace/cmd/sdp-trace/gate_286_loadcheckpointverifyinputs.go:19.16,23.3 2 0
github.com/fall_out_bug/sdp-trace/cmd/sdp-trace/gate_286_loadcheckpointverifyinputs.go:24.2,24.32 1 1
github.com/fall_out_bug/sdp-trace/cmd/sdp-trace/gate_287_readcheckpointpolicy.go:7.85,8.16 1 1
github.com/fall_out_bug/sdp-trace/cmd/sdp-trace/gate_287_readcheckpointpolicy.go:8.16,12.3 1 1
github.com/fall_out_bug/sdp-trace/cmd/sdp-trace/gate_287_readcheckpointpolicy.go:13.2,14.52 2 1
github.com/fall_out_bug/sdp-trace/cmd/sdp-trace/gate_287_readcheckpointpolicy.go:14.52,16.3 1 1
github.com/fall_out_bug/sdp-trace/cmd/sdp-trace/gate_287_readcheckpointpolicy.go:17.2,17.21 1 1
github.com/fall_out_bug/sdp-trace/cmd/sdp-trace/gate_288_requirecheckpointverifyinputs.go:8.57,9.54 1 1
github.com/fall_out_bug/sdp-trace/cmd/sdp-trace/gate_288_requirecheckpointverifyinputs.go:9.54,12.3 1 0
github.com/fall_out_bug/sdp-trace/cmd/sdp-trace/gate_288_requirecheckpointverifyinputs.go:13.2,13.61 1 1
github.com/fall_out_bug/sdp-trace/cmd/sdp-trace/gate_288_requirecheckpointverifyinputs.go:13.61,16.3 1 0
github.com/fall_out_bug/sdp-trace/cmd/sdp-trace/gate_288_requirecheckpointverifyinputs.go:17.2,17.12 1 1
github.com/fall_out_bug/sdp-trace/cmd/sdp-trace/gate_289_checkpointverifyexitcode.go:7.49,8.35 1 1
github.com/fall_out_bug/sdp-trace/cmd/sdp-trace/gate_289_checkpointverifyexitcode.go:8.35,11.3 1 1
github.com/fall_out_bug/sdp-trace/cmd/sdp-trace/gate_289_checkpointverifyexitcode.go:12.2,12.43 1 1
github.com/fall_out_bug/sdp-trace/cmd/sdp-trace/gate_289_checkpointverifyexitcode.go:12.43,14.3 1 1
github.com/fall_out_bug/sdp-trace/cmd/sdp-trace/gate_289_checkpointverifyexitcode.go:15.2,15.10 1 1
github.com/fall_out_bug/sdp-trace/cmd/sdp-trace/gate_290_runreport.go:12.80,14.9 2 1
github.com/fall_out_bug/sdp-trace/cmd/sdp-trace/gate_290_runreport.go:14.9,16.3 1 1
github.com/fall_out_bug/sdp-trace/cmd/sdp-trace/gate_290_runreport.go:19.2,20.16 2 1
github.com/fall_out_bug/sdp-trace/cmd/sdp-trace/gate_290_runreport.go:20.16,24.3 2 0
github.com/fall_out_bug/sdp-trace/cmd/sdp-trace/gate_290_runreport.go:25.2,27.42 3 1
github.com/fall_out_bug/sdp-trace/cmd/sdp-trace/gate_291_reportexitcode.go:7.47,8.35 1 1
github.com/fall_out_bug/sdp-trace/cmd/sdp-trace/gate_291_reportexitcode.go:8.35,12.3 1 0
github.com/fall_out_bug/sdp-trace/cmd/sdp-trace/gate_291_reportexitcode.go:13.2,13.29 1 1
github.com/fall_out_bug/sdp-trace/cmd/sdp-trace/gate_291_reportexitcode.go:13.29,15.3 1 0
github.com/fall_out_bug/sdp-trace/cmd/sdp-trace/gate_291_reportexitcode.go:16.2,16.10 1 1
github.com/fall_out_bug/sdp-trace/cmd/sdp-trace/gate_292_parsereportargs.go:8.85,16.41 4 1
github.com/fall_out_bug/sdp-trace/cmd/sdp-trace/gate_292_parsereportargs.go:16.41,19.3 2 0
github.com/fall_out_bug/sdp-trace/cmd/sdp-trace/gate_292_parsereportargs.go:22.2,23.9 2 1
github.com/fall_out_bug/sdp-trace/cmd/sdp-trace/gate_292_parsereportargs.go:23.9,25.3 1 0
github.com/fall_out_bug/sdp-trace/cmd/sdp-trace/gate_292_parsereportargs.go:26.2,26.76 1 1
github.com/fall_out_bug/sdp-trace/cmd/sdp-trace/gate_292_parsereportargs.go:26.76,28.3 1 1
github.com/fall_out_bug/sdp-trace/cmd/sdp-trace/gate_292_parsereportargs.go:29.2,29.30 1 1
github.com/fall_out_bug/sdp-trace/cmd/sdp-trace/gate_293_reporttargetarg.go:8.70,10.23 2 1
github.com/fall_out_bug/sdp-trace/cmd/sdp-trace/gate_293_reporttargetarg.go:10.23,14.3 2 0
github.com/fall_out_bug/sdp-trace/cmd/sdp-trace/gate_293_reporttargetarg.go:15.2,15.25 1 1
github.com/fall_out_bug/sdp-trace/cmd/sdp-trace/gate_294_rungate.go:10.78,11.61 1 1
github.com/fall_out_bug/sdp-trace/cmd/sdp-trace/gate_294_rungate.go:11.61,15.3 1 1
github.com/fall_out_bug/sdp-trace/cmd/sdp-trace/gate_294_rungate.go:16.2,17.9 2 1
github.com/fall_out_bug/sdp-trace/cmd/sdp-trace/gate_294_rungate.go:17.9,19.3 1 0
github.com/fall_out_bug/sdp-trace/cmd/sdp-trace/gate_294_rungate.go:20.2,20.62 1 1
github.com/fall_out_bug/sdp-trace/cmd/sdp-trace/gate_294_rungate.go:20.62,24.3 1 1
github.com/fall_out_bug/sdp-trace/cmd/sdp-trace/gate_294_rungate.go:25.2,25.63 1 1
github.com/fall_out_bug/sdp-trace/cmd/sdp-trace/gate_295_runstandardgate.go:11.91,15.16 2 1
github.com/fall_out_bug/sdp-trace/cmd/sdp-trace/gate_295_runstandardgate.go:15.16,18.3 2 0
github.com/fall_out_bug/sdp-trace/cmd/sdp-trace/gate_295_runstandardgate.go:19.2,21.29 3 1
github.com/fall_out_bug/sdp-trace/cmd/sdp-trace/gate_296_rungatesubcommand.go:7.77,9.2 1 1
github.com/fall_out_bug/sdp-trace/cmd/sdp-trace/gate_298_parsegateargs.go:8.91,12.41 2 1
github.com/fall_out_bug/sdp-trace/cmd/sdp-trace/gate_298_parsegateargs.go:12.41,17.3 2 0
github.com/fall_out_bug/sdp-trace/cmd/sdp-trace/gate_298_parsegateargs.go:20.2,21.9 2 1
github.com/fall_out_bug/sdp-trace/cmd/sdp-trace/gate_298_parsegateargs.go:21.9,23.3 1 0
github.com/fall_out_bug/sdp-trace/cmd/sdp-trace/gate_298_parsegateargs.go:24.2,25.9 2 1
github.com/fall_out_bug/sdp-trace/cmd/sdp-trace/gate_298_parsegateargs.go:25.9,27.3 1 0
github.com/fall_out_bug/sdp-trace/cmd/sdp-trace/gate_298_parsegateargs.go:28.2,28.39 1 1
github.com/fall_out_bug/sdp-trace/cmd/sdp-trace/gate_299_gatetargetarg.go:8.68,10.23 2 1
github.com/fall_out_bug/sdp-trace/cmd/sdp-trace/gate_299_gatetargetarg.go:10.23,12.3 1 1
github.com/fall_out_bug/sdp-trace/cmd/sdp-trace/gate_299_gatetargetarg.go:14.2,15.18 2 0
github.com/fall_out_bug/sdp-trace/cmd/sdp-trace/gate_300_gateoutputpath.go:8.69,12.19 2 1
github.com/fall_out_bug/sdp-trace/cmd/sdp-trace/gate_300_gateoutputpath.go:12.19,14.3 1 1
github.com/fall_out_bug/sdp-trace/cmd/sdp-trace/gate_300_gateoutputpath.go:17.2,18.18 2 0
github.com/fall_out_bug/sdp-trace/cmd/sdp-trace/gate_302_runprotectedgate.go:7.92,11.15 2 1
github.com/fall_out_bug/sdp-trace/cmd/sdp-trace/gate_302_runprotectedgate.go:11.15,13.3 1 1
github.com/fall_out_bug/sdp-trace/cmd/sdp-trace/gate_302_runprotectedgate.go:14.2,14.66 1 1
github.com/fall_out_bug/sdp-trace/cmd/sdp-trace/gate_303_resolveprotectedgate.go:9.98,13.9 2 1
github.com/fall_out_bug/sdp-trace/cmd/sdp-trace/gate_303_resolveprotectedgate.go:13.9,15.3 1 1
github.com/fall_out_bug/sdp-trace/cmd/sdp-trace/gate_303_resolveprotectedgate.go:18.2,19.9 2 1
github.com/fall_out_bug/sdp-trace/cmd/sdp-trace/gate_303_resolveprotectedgate.go:19.9,21.3 1 1
github.com/fall_out_bug/sdp-trace/cmd/sdp-trace/gate_303_resolveprotectedgate.go:24.2,25.9 2 1
github.com/fall_out_bug/sdp-trace/cmd/sdp-trace/gate_303_resolveprotectedgate.go:25.9,27.3 1 0
github.com/fall_out_bug/sdp-trace/cmd/sdp-trace/gate_303_resolveprotectedgate.go:28.2,29.93 2 1
github.com/fall_out_bug/sdp-trace/cmd/sdp-trace/gate_304_evaluateprotectedgate.go:11.207,21.2 1 1
github.com/fall_out_bug/sdp-trace/cmd/sdp-trace/gate_305_verifiedprotectedcheckpoint.go:8.141,18.2 1 1
github.com/fall_out_bug/sdp-trace/cmd/sdp-trace/gate_306_writeprotectedgateresult.go:10.98,11.52 1 1
github.com/fall_out_bug/sdp-trace/cmd/sdp-trace/gate_306_writeprotectedgateresult.go:11.52,15.3 2 0
github.com/fall_out_bug/sdp-trace/cmd/sdp-trace/gate_306_writeprotectedgateresult.go:16.2,17.29 2 1
github.com/fall_out_bug/sdp-trace/cmd/sdp-trace/gate_308_readprotectedgateinputs.go:7.96,10.121 2 1
github.com/fall_out_bug/sdp-trace/cmd/sdp-trace/gate_308_readprotectedgateinputs.go:10.121,12.3 1 1
github.com/fall_out_bug/sdp-trace/cmd/sdp-trace/gate_308_readprotectedgateinputs.go:14.2,14.135 1 1
github.com/fall_out_bug/sdp-trace/cmd/sdp-trace/gate_308_readprotectedgateinputs.go:14.135,16.3 1 1
github.com/fall_out_bug/sdp-trace/cmd/sdp-trace/gate_308_readprotectedgateinputs.go:18.2,18.116 1 1
github.com/fall_out_bug/sdp-trace/cmd/sdp-trace/gate_308_readprotectedgateinputs.go:18.116,20.3 1 1
github.com/fall_out_bug/sdp-trace/cmd/sdp-trace/gate_308_readprotectedgateinputs.go:21.2,21.24 1 1
github.com/fall_out_bug/sdp-trace/cmd/sdp-trace/gate_309_readrequiredprotectedinput.go:9.93,10.35 1 1
github.com/fall_out_bug/sdp-trace/cmd/sdp-trace/gate_309_readrequiredprotectedinput.go:10.35,15.3 2 1
github.com/fall_out_bug/sdp-trace/cmd/sdp-trace/gate_309_readrequiredprotectedinput.go:18.2,18.50 1 1
github.com/fall_out_bug/sdp-trace/cmd/sdp-trace/gate_309_readrequiredprotectedinput.go:18.50,23.3 2 1
github.com/fall_out_bug/sdp-trace/cmd/sdp-trace/gate_309_readrequiredprotectedinput.go:24.2,24.16 1 1
github.com/fall_out_bug/sdp-trace/cmd/sdp-trace/gate_310_loadprotectedgaterows.go:11.126,15.16 2 1
github.com/fall_out_bug/sdp-trace/cmd/sdp-trace/gate_310_loadprotectedgaterows.go:15.16,20.3 2 1
github.com/fall_out_bug/sdp-trace/cmd/sdp-trace/gate_310_loadprotectedgaterows.go:21.2,22.16 2 1
github.com/fall_out_bug/sdp-trace/cmd/sdp-trace/gate_310_loadprotectedgaterows.go:22.16,27.3 2 1
github.com/fall_out_bug/sdp-trace/cmd/sdp-trace/gate_310_loadprotectedgaterows.go:30.2,31.16 2 1
github.com/fall_out_bug/sdp-trace/cmd/sdp-trace/gate_310_loadprotectedgaterows.go:31.16,34.3 2 1
github.com/fall_out_bug/sdp-trace/cmd/sdp-trace/gate_310_loadprotectedgaterows.go:35.2,35.40 1 1
github.com/fall_out_bug/sdp-trace/cmd/sdp-trace/gate_311_loadprotectedwitnessexpectation.go:10.108,14.16 2 1
github.com/fall_out_bug/sdp-trace/cmd/sdp-trace/gate_311_loadprotectedwitnessexpectation.go:14.16,17.3 2 1
github.com/fall_out_bug/sdp-trace/cmd/sdp-trace/gate_311_loadprotectedwitnessexpectation.go:18.2,18.26 1 1
github.com/fall_out_bug/sdp-trace/cmd/sdp-trace/gate_312_rungateexplain.go:7.66,9.9 2 1
github.com/fall_out_bug/sdp-trace/cmd/sdp-trace/gate_312_rungateexplain.go:9.9,11.3 1 0
github.com/fall_out_bug/sdp-trace/cmd/sdp-trace/gate_312_rungateexplain.go:12.2,13.9 2 1
github.com/fall_out_bug/sdp-trace/cmd/sdp-trace/gate_312_rungateexplain.go:13.9,15.3 1 1
github.com/fall_out_bug/sdp-trace/cmd/sdp-trace/gate_312_rungateexplain.go:18.2,19.10 2 1
github.com/fall_out_bug/sdp-trace/cmd/sdp-trace/gate_313_parsegateexplainargs.go:8.80,12.41 3 1
github.com/fall_out_bug/sdp-trace/cmd/sdp-trace/gate_313_parsegateexplainargs.go:12.41,15.3 2 1
github.com/fall_out_bug/sdp-trace/cmd/sdp-trace/gate_313_parsegateexplainargs.go:16.2,16.27 1 1
github.com/fall_out_bug/sdp-trace/cmd/sdp-trace/gate_313_parsegateexplainargs.go:16.27,22.3 2 1
github.com/fall_out_bug/sdp-trace/cmd/sdp-trace/gate_313_parsegateexplainargs.go:23.2,24.16 2 1
github.com/fall_out_bug/sdp-trace/cmd/sdp-trace/gate_313_parsegateexplainargs.go:24.16,29.3 2 1
github.com/fall_out_bug/sdp-trace/cmd/sdp-trace/gate_313_parsegateexplainargs.go:31.2,31.22 1 1
github.com/fall_out_bug/sdp-trace/cmd/sdp-trace/gate_314_readgateexplainresult.go:10.88,12.52 2 1
github.com/fall_out_bug/sdp-trace/cmd/sdp-trace/gate_314_readgateexplainresult.go:12.52,16.3 2 0
github.com/fall_out_bug/sdp-trace/cmd/sdp-trace/gate_314_readgateexplainresult.go:17.2,17.109 1 1
github.com/fall_out_bug/sdp-trace/cmd/sdp-trace/gate_314_readgateexplainresult.go:17.109,22.3 2 1
github.com/fall_out_bug/sdp-trace/cmd/sdp-trace/gate_314_readgateexplainresult.go:23.2,23.24 1 1
github.com/fall_out_bug/sdp-trace/cmd/sdp-trace/gate_315_explaingateresult.go:10.66,11.52 1 1
github.com/fall_out_bug/sdp-trace/cmd/sdp-trace/gate_315_explaingateresult.go:11.52,15.3 1 1
github.com/fall_out_bug/sdp-trace/cmd/sdp-trace/gate_315_explaingateresult.go:16.2,18.40 3 1
github.com/fall_out_bug/sdp-trace/cmd/sdp-trace/gate_316_explaingatesummary.go:10.67,15.34 3 1
github.com/fall_out_bug/sdp-trace/cmd/sdp-trace/gate_316_explaingatesummary.go:15.34,17.3 1 1
github.com/fall_out_bug/sdp-trace/cmd/sdp-trace/gate_316_explaingatesummary.go:18.2,21.32 4 1
github.com/fall_out_bug/sdp-trace/cmd/sdp-trace/gate_316_explaingatesummary.go:21.32,23.3 1 1
github.com/fall_out_bug/sdp-trace/cmd/sdp-trace/gate_317_explainprotectedgatedetails.go:10.76,11.42 1 1
github.com/fall_out_bug/sdp-trace/cmd/sdp-trace/gate_317_explainprotectedgatedetails.go:11.42,17.3 2 1
github.com/fall_out_bug/sdp-trace/cmd/sdp-trace/gate_317_explainprotectedgatedetails.go:18.2,18.55 1 1
github.com/fall_out_bug/sdp-trace/cmd/sdp-trace/gate_317_explainprotectedgatedetails.go:18.55,21.3 1 1
github.com/fall_out_bug/sdp-trace/cmd/sdp-trace/gate_318_explaingatecollections.go:9.71,18.2 6 1
github.com/fall_out_bug/sdp-trace/cmd/sdp-trace/gate_319_explainrequiredruns.go:10.83,11.43 1 1
github.com/fall_out_bug/sdp-trace/cmd/sdp-trace/gate_319_explainrequiredruns.go:11.43,15.3 1 1
github.com/fall_out_bug/sdp-trace/cmd/sdp-trace/gate_320_explainwitnessbindings.go:10.79,11.35 1 1
github.com/fall_out_bug/sdp-trace/cmd/sdp-trace/gate_320_explainwitnessbindings.go:11.35,15.3 1 0
github.com/fall_out_bug/sdp-trace/cmd/sdp-trace/gate_321_explainmissingauditevidence.go:8.78,9.42 1 1
github.com/fall_out_bug/sdp-trace/cmd/sdp-trace/gate_321_explainmissingauditevidence.go:9.42,13.3 1 1
github.com/fall_out_bug/sdp-trace/cmd/sdp-trace/gate_322_explainoverriderequests.go:10.82,11.37 1 1
github.com/fall_out_bug/sdp-trace/cmd/sdp-trace/gate_322_explainoverriderequests.go:11.37,15.3 1 1
github.com/fall_out_bug/sdp-trace/cmd/sdp-trace/gate_323_explainreasons.go:8.57,9.33 1 1
github.com/fall_out_bug/sdp-trace/cmd/sdp-trace/gate_323_explainreasons.go:9.33,13.3 1 1
github.com/fall_out_bug/sdp-trace/cmd/sdp-trace/gate_324_explainnextactions.go:8.61,9.33 1 1
github.com/fall_out_bug/sdp-trace/cmd/sdp-trace/gate_324_explainnextactions.go:9.33,13.3 1 1
github.com/fall_out_bug/sdp-trace/cmd/sdp-trace/gate_327_rungatepreview.go:12.66,14.9 2 1
github.com/fall_out_bug/sdp-trace/cmd/sdp-trace/gate_327_rungatepreview.go:14.9,16.3 1 0
github.com/fall_out_bug/sdp-trace/cmd/sdp-trace/gate_327_rungatepreview.go:17.2,17.62 1 1
github.com/fall_out_bug/sdp-trace/cmd/sdp-trace/gate_327_rungatepreview.go:17.62,21.3 1 1
github.com/fall_out_bug/sdp-trace/cmd/sdp-trace/gate_327_rungatepreview.go:24.2,25.16 2 1
github.com/fall_out_bug/sdp-trace/cmd/sdp-trace/gate_327_rungatepreview.go:25.16,30.3 2 0
github.com/fall_out_bug/sdp-trace/cmd/sdp-trace/gate_327_rungatepreview.go:32.2,35.10 4 1
github.com/fall_out_bug/sdp-trace/cmd/sdp-trace/gate_328_parsegatepreviewargs.go:8.92,12.41 2 1
github.com/fall_out_bug/sdp-trace/cmd/sdp-trace/gate_328_parsegatepreviewargs.go:12.41,15.3 2 0
github.com/fall_out_bug/sdp-trace/cmd/sdp-trace/gate_328_parsegatepreviewargs.go:16.2,17.23 2 1
github.com/fall_out_bug/sdp-trace/cmd/sdp-trace/gate_328_parsegatepreviewargs.go:17.23,22.3 2 0
github.com/fall_out_bug/sdp-trace/cmd/sdp-trace/gate_328_parsegatepreviewargs.go:23.2,23.31 1 1
github.com/fall_out_bug/sdp-trace/cmd/sdp-trace/gate_330_buildgatepreviewreport.go:8.100,19.23 2 1
github.com/fall_out_bug/sdp-trace/cmd/sdp-trace/gate_330_buildgatepreviewreport.go:19.23,23.3 1 1
github.com/fall_out_bug/sdp-trace/cmd/sdp-trace/gate_330_buildgatepreviewreport.go:24.2,24.15 1 1
github.com/fall_out_bug/sdp-trace/cmd/sdp-trace/gate_331_runprotectedgatepreview.go:9.67,20.31 5 1
github.com/fall_out_bug/sdp-trace/cmd/sdp-trace/gate_331_runprotectedgatepreview.go:20.31,21.68 1 1
github.com/fall_out_bug/sdp-trace/cmd/sdp-trace/gate_331_runprotectedgatepreview.go:21.68,25.4 1 0
github.com/fall_out_bug/sdp-trace/cmd/sdp-trace/gate_331_runprotectedgatepreview.go:27.2,27.10 1 1
github.com/fall_out_bug/sdp-trace/cmd/sdp-trace/gate_332_newprotectedgatepreviewreport.go:8.89,19.2 1 1
github.com/fall_out_bug/sdp-trace/cmd/sdp-trace/gate_333_protectedrundir.go:9.53,11.16 2 1
github.com/fall_out_bug/sdp-trace/cmd/sdp-trace/gate_333_protectedrundir.go:11.16,13.3 1 0
github.com/fall_out_bug/sdp-trace/cmd/sdp-trace/gate_333_protectedrundir.go:14.2,14.23 1 1
github.com/fall_out_bug/sdp-trace/cmd/sdp-trace/gate_333_protectedrundir.go:14.23,18.3 1 1
github.com/fall_out_bug/sdp-trace/cmd/sdp-trace/gate_333_protectedrundir.go:19.2,19.24 1 1
github.com/fall_out_bug/sdp-trace/cmd/sdp-trace/gate_334_protectedcheckpointverification.go:8.255,9.89 1 1
github.com/fall_out_bug/sdp-trace/cmd/sdp-trace/gate_334_protectedcheckpointverification.go:9.89,11.3 1 1
github.com/fall_out_bug/sdp-trace/cmd/sdp-trace/gate_334_protectedcheckpointverification.go:14.2,17.15 4 1
github.com/fall_out_bug/sdp-trace/cmd/sdp-trace/gate_335_cangrantprotectedcheckpointtrust.go:8.231,15.2 1 1
github.com/fall_out_bug/sdp-trace/cmd/sdp-trace/gate_336_policyallowssigner.go:7.109,8.47 1 1
github.com/fall_out_bug/sdp-trace/cmd/sdp-trace/gate_336_policyallowssigner.go:8.47,11.46 1 1
github.com/fall_out_bug/sdp-trace/cmd/sdp-trace/gate_336_policyallowssigner.go:11.46,13.4 1 1
github.com/fall_out_bug/sdp-trace/cmd/sdp-trace/gate_336_policyallowssigner.go:15.2,15.14 1 0
github.com/fall_out_bug/sdp-trace/cmd/sdp-trace/gate_337_signermatchescheckpoint.go:7.104,9.2 1 1
github.com/fall_out_bug/sdp-trace/cmd/sdp-trace/gate_338_witnessmatchesprotectedinput.go:7.110,8.98 1 1
github.com/fall_out_bug/sdp-trace/cmd/sdp-trace/gate_338_witnessmatchesprotectedinput.go:8.98,12.3 1 1
github.com/fall_out_bug/sdp-trace/cmd/sdp-trace/gate_338_witnessmatchesprotectedinput.go:13.2,13.82 1 1
github.com/fall_out_bug/sdp-trace/cmd/sdp-trace/gate_339_witnessartifactsmatch.go:7.98,11.49 2 1
github.com/fall_out_bug/sdp-trace/cmd/sdp-trace/gate_339_witnessartifactsmatch.go:11.49,13.3 1 1
github.com/fall_out_bug/sdp-trace/cmd/sdp-trace/gate_339_witnessartifactsmatch.go:14.2,14.40 1 1
github.com/fall_out_bug/sdp-trace/cmd/sdp-trace/gate_339_witnessartifactsmatch.go:14.40,17.70 1 1
github.com/fall_out_bug/sdp-trace/cmd/sdp-trace/gate_339_witnessartifactsmatch.go:17.70,19.4 1 1
github.com/fall_out_bug/sdp-trace/cmd/sdp-trace/gate_339_witnessartifactsmatch.go:21.2,21.13 1 1
github.com/fall_out_bug/sdp-trace/cmd/sdp-trace/gate_340_expectedartifactdigests.go:7.99,9.48 2 1
github.com/fall_out_bug/sdp-trace/cmd/sdp-trace/gate_340_expectedartifactdigests.go:9.48,13.3 1 1
github.com/fall_out_bug/sdp-trace/cmd/sdp-trace/gate_340_expectedartifactdigests.go:14.2,14.26 1 1
github.com/fall_out_bug/sdp-trace/cmd/sdp-trace/gate_341_witnessartifactmatchesexpectation.go:7.119,10.2 2 1
github.com/fall_out_bug/sdp-trace/cmd/sdp-trace/gate_342_witnesshasprotectedtrust.go:7.72,9.2 1 1
github.com/fall_out_bug/sdp-trace/cmd/sdp-trace/gate_343_witnesssourcematches.go:7.102,14.2 1 1
github.com/fall_out_bug/sdp-trace/cmd/sdp-trace/gate_344_optionalstringmatches.go:3.58,5.2 1 1
github.com/fall_out_bug/sdp-trace/cmd/sdp-trace/gate_345_demowitnessexpectation.go:7.77,11.16 2 1
github.com/fall_out_bug/sdp-trace/cmd/sdp-trace/gate_345_demowitnessexpectation.go:11.16,13.3 1 1
github.com/fall_out_bug/sdp-trace/cmd/sdp-trace/gate_345_demowitnessexpectation.go:14.2,15.16 2 1
github.com/fall_out_bug/sdp-trace/cmd/sdp-trace/gate_345_demowitnessexpectation.go:15.16,17.3 1 0
github.com/fall_out_bug/sdp-trace/cmd/sdp-trace/gate_345_demowitnessexpectation.go:18.2,18.76 1 1
github.com/fall_out_bug/sdp-trace/cmd/sdp-trace/gate_346_demowitnessartifacts.go:9.91,12.33 3 1
github.com/fall_out_bug/sdp-trace/cmd/sdp-trace/gate_346_demowitnessartifacts.go:12.33,17.17 2 1
github.com/fall_out_bug/sdp-trace/cmd/sdp-trace/gate_346_demowitnessartifacts.go:17.17,19.4 1 0
github.com/fall_out_bug/sdp-trace/cmd/sdp-trace/gate_346_demowitnessartifacts.go:20.3,20.18 1 1
github.com/fall_out_bug/sdp-trace/cmd/sdp-trace/gate_346_demowitnessartifacts.go:20.18,24.4 1 1
github.com/fall_out_bug/sdp-trace/cmd/sdp-trace/gate_346_demowitnessartifacts.go:25.3,28.5 1 1
github.com/fall_out_bug/sdp-trace/cmd/sdp-trace/gate_346_demowitnessartifacts.go:31.2,31.30 1 1
github.com/fall_out_bug/sdp-trace/cmd/sdp-trace/gate_347_demowitnessartifact.go:7.65,11.16 2 1
github.com/fall_out_bug/sdp-trace/cmd/sdp-trace/gate_347_demowitnessartifact.go:11.16,13.3 1 0
github.com/fall_out_bug/sdp-trace/cmd/sdp-trace/gate_347_demowitnessartifact.go:14.2,15.16 2 1
github.com/fall_out_bug/sdp-trace/cmd/sdp-trace/gate_347_demowitnessartifact.go:15.16,17.3 1 0
github.com/fall_out_bug/sdp-trace/cmd/sdp-trace/gate_347_demowitnessartifact.go:18.2,18.45 1 1
github.com/fall_out_bug/sdp-trace/cmd/sdp-trace/gate_348_sha256file.go:10.51,13.16 2 1
github.com/fall_out_bug/sdp-trace/cmd/sdp-trace/gate_348_sha256file.go:13.16,15.3 1 0
github.com/fall_out_bug/sdp-trace/cmd/sdp-trace/gate_348_sha256file.go:16.2,17.40 2 1
github.com/fall_out_bug/sdp-trace/cmd/sdp-trace/gate_349_protectedinputstatus.go:7.47,8.35 1 1
github.com/fall_out_bug/sdp-trace/cmd/sdp-trace/gate_349_protectedinputstatus.go:8.35,11.3 1 1
github.com/fall_out_bug/sdp-trace/cmd/sdp-trace/gate_349_protectedinputstatus.go:12.2,13.51 2 1
github.com/fall_out_bug/sdp-trace/cmd/sdp-trace/gate_349_protectedinputstatus.go:13.51,15.3 1 1
github.com/fall_out_bug/sdp-trace/cmd/sdp-trace/gate_349_protectedinputstatus.go:16.2,16.27 1 1
github.com/fall_out_bug/sdp-trace/cmd/sdp-trace/gate_350_protectedinputerrorstatus.go:8.50,9.60 1 1
github.com/fall_out_bug/sdp-trace/cmd/sdp-trace/gate_350_protectedinputerrorstatus.go:9.60,13.3 1 1
github.com/fall_out_bug/sdp-trace/cmd/sdp-trace/gate_350_protectedinputerrorstatus.go:14.2,14.28 1 1
github.com/fall_out_bug/sdp-trace/cmd/sdp-trace/gate_351_protectedpreviewactions.go:7.65,10.29 3 1
github.com/fall_out_bug/sdp-trace/cmd/sdp-trace/gate_351_protectedpreviewactions.go:10.29,12.23 1 1
github.com/fall_out_bug/sdp-trace/cmd/sdp-trace/gate_351_protectedpreviewactions.go:13.17,14.98 1 1
github.com/fall_out_bug/sdp-trace/cmd/sdp-trace/gate_351_protectedpreviewactions.go:15.50,18.88 1 1
github.com/fall_out_bug/sdp-trace/cmd/sdp-trace/gate_351_protectedpreviewactions.go:21.2,21.16 1 1
github.com/fall_out_bug/sdp-trace/cmd/sdp-trace/gate_352_runoverride.go:9.82,11.9 2 1
github.com/fall_out_bug/sdp-trace/cmd/sdp-trace/gate_352_runoverride.go:11.9,13.3 1 0
github.com/fall_out_bug/sdp-trace/cmd/sdp-trace/gate_352_runoverride.go:16.2,17.16 2 1
github.com/fall_out_bug/sdp-trace/cmd/sdp-trace/gate_352_runoverride.go:17.16,21.3 2 0
github.com/fall_out_bug/sdp-trace/cmd/sdp-trace/gate_352_runoverride.go:22.2,23.10 2 1
github.com/fall_out_bug/sdp-trace/cmd/sdp-trace/gate_353_appendoverriderequestevent.go:7.69,9.2 1 1
github.com/fall_out_bug/sdp-trace/cmd/sdp-trace/gate_354_overriderequestpayload.go:7.59,22.72 2 1
github.com/fall_out_bug/sdp-trace/cmd/sdp-trace/gate_354_overriderequestpayload.go:22.72,26.3 1 0
github.com/fall_out_bug/sdp-trace/cmd/sdp-trace/gate_354_overriderequestpayload.go:27.2,27.16 1 1
github.com/fall_out_bug/sdp-trace/cmd/sdp-trace/gate_355_parseoverriderequestargs.go:8.86,9.30 1 1
github.com/fall_out_bug/sdp-trace/cmd/sdp-trace/gate_355_parseoverriderequestargs.go:9.30,13.3 2 0
github.com/fall_out_bug/sdp-trace/cmd/sdp-trace/gate_355_parseoverriderequestargs.go:14.2,14.52 1 1
github.com/fall_out_bug/sdp-trace/cmd/sdp-trace/gate_356_isoverriderequest.go:3.44,5.2 1 1
github.com/fall_out_bug/sdp-trace/cmd/sdp-trace/gate_357_parseoverriderequestflags.go:8.87,23.41 9 1
github.com/fall_out_bug/sdp-trace/cmd/sdp-trace/gate_357_parseoverriderequestflags.go:23.41,28.3 2 0
github.com/fall_out_bug/sdp-trace/cmd/sdp-trace/gate_357_parseoverriderequestflags.go:31.2,31.27 1 1
github.com/fall_out_bug/sdp-trace/cmd/sdp-trace/gate_357_parseoverriderequestflags.go:31.27,35.3 2 0
github.com/fall_out_bug/sdp-trace/cmd/sdp-trace/gate_357_parseoverriderequestflags.go:36.2,36.50 1 1
github.com/fall_out_bug/sdp-trace/cmd/sdp-trace/gate_358_requireoverriderequestflags.go:7.89,10.71 1 1
github.com/fall_out_bug/sdp-trace/cmd/sdp-trace/gate_358_requireoverriderequestflags.go:10.71,14.3 1 0
github.com/fall_out_bug/sdp-trace/cmd/sdp-trace/gate_358_requireoverriderequestflags.go:15.2,15.22 1 1
github.com/fall_out_bug/sdp-trace/cmd/sdp-trace/gate_360_readjsonfile.go:8.47,12.16 2 1
github.com/fall_out_bug/sdp-trace/cmd/sdp-trace/gate_360_readjsonfile.go:12.16,14.3 1 1
github.com/fall_out_bug/sdp-trace/cmd/sdp-trace/gate_360_readjsonfile.go:15.2,15.34 1 1
github.com/fall_out_bug/sdp-trace/cmd/sdp-trace/gate_361_writejsonfile.go:9.50,10.63 1 1
github.com/fall_out_bug/sdp-trace/cmd/sdp-trace/gate_361_writejsonfile.go:10.63,12.3 1 0
github.com/fall_out_bug/sdp-trace/cmd/sdp-trace/gate_361_writejsonfile.go:14.2,15.16 2 1
github.com/fall_out_bug/sdp-trace/cmd/sdp-trace/gate_361_writejsonfile.go:15.16,17.3 1 0
github.com/fall_out_bug/sdp-trace/cmd/sdp-trace/gate_361_writejsonfile.go:18.2,18.54 1 1
github.com/fall_out_bug/sdp-trace/cmd/sdp-trace/gate_362_writetextfileatomic.go:8.52,10.48 2 1
github.com/fall_out_bug/sdp-trace/cmd/sdp-trace/gate_362_writetextfileatomic.go:10.48,12.3 1 0
github.com/fall_out_bug/sdp-trace/cmd/sdp-trace/gate_362_writetextfileatomic.go:15.2,16.16 2 1
github.com/fall_out_bug/sdp-trace/cmd/sdp-trace/gate_362_writetextfileatomic.go:16.16,18.3 1 0
github.com/fall_out_bug/sdp-trace/cmd/sdp-trace/gate_362_writetextfileatomic.go:19.2,21.57 3 1
github.com/fall_out_bug/sdp-trace/cmd/sdp-trace/gate_363_finishatomictextwrite.go:7.77,8.58 1 1
github.com/fall_out_bug/sdp-trace/cmd/sdp-trace/gate_363_finishatomictextwrite.go:8.58,10.3 1 0
github.com/fall_out_bug/sdp-trace/cmd/sdp-trace/gate_363_finishatomictextwrite.go:13.2,13.49 1 1
github.com/fall_out_bug/sdp-trace/cmd/sdp-trace/gate_363_finishatomictextwrite.go:13.49,15.3 1 0
github.com/fall_out_bug/sdp-trace/cmd/sdp-trace/gate_363_finishatomictextwrite.go:17.2,17.33 1 1
github.com/fall_out_bug/sdp-trace/cmd/sdp-trace/gate_364_writeandclosetemptext.go:7.62,8.50 1 1
github.com/fall_out_bug/sdp-trace/cmd/sdp-trace/gate_364_writeandclosetemptext.go:8.50,13.3 2 0
github.com/fall_out_bug/sdp-trace/cmd/sdp-trace/gate_364_writeandclosetemptext.go:14.2,14.20 1 1
github.com/fall_out_bug/sdp-trace/cmd/sdp-trace/gate_365_previewgatemode.go:8.54,10.49 2 1
github.com/fall_out_bug/sdp-trace/cmd/sdp-trace/gate_365_previewgatemode.go:10.49,11.27 1 1
github.com/fall_out_bug/sdp-trace/cmd/sdp-trace/gate_365_previewgatemode.go:12.37,15.39 1 1
github.com/fall_out_bug/sdp-trace/cmd/sdp-trace/gate_365_previewgatemode.go:16.32,19.34 1 1
github.com/fall_out_bug/sdp-trace/cmd/sdp-trace/gate_365_previewgatemode.go:22.2,22.13 1 1
github.com/fall_out_bug/sdp-trace/cmd/sdp-trace/gate_366_requiredrunids.go:7.55,9.49 2 1
github.com/fall_out_bug/sdp-trace/cmd/sdp-trace/gate_366_requiredrunids.go:9.49,10.24 1 0
github.com/fall_out_bug/sdp-trace/cmd/sdp-trace/gate_366_requiredrunids.go:10.24,14.4 1 0
github.com/fall_out_bug/sdp-trace/cmd/sdp-trace/gate_366_requiredrunids.go:16.2,16.12 1 1
github.com/fall_out_bug/sdp-trace/cmd/sdp-trace/gate_367_requiredevidenceidsforcli.go:7.66,9.56 2 1
github.com/fall_out_bug/sdp-trace/cmd/sdp-trace/gate_367_requiredevidenceidsforcli.go:9.56,10.27 1 1
github.com/fall_out_bug/sdp-trace/cmd/sdp-trace/gate_367_requiredevidenceidsforcli.go:10.27,13.4 1 1
github.com/fall_out_bug/sdp-trace/cmd/sdp-trace/gate_367_requiredevidenceidsforcli.go:15.2,15.12 1 1
github.com/fall_out_bug/sdp-trace/cmd/sdp-trace/gate_368_gateexitcode.go:7.47,8.51 1 1
github.com/fall_out_bug/sdp-trace/cmd/sdp-trace/gate_368_gateexitcode.go:8.51,12.3 1 1
github.com/fall_out_bug/sdp-trace/cmd/sdp-trace/gate_368_gateexitcode.go:13.2,13.50 1 1
github.com/fall_out_bug/sdp-trace/cmd/sdp-trace/gate_369_protectedgateexitcode.go:7.64,8.57 1 1
github.com/fall_out_bug/sdp-trace/cmd/sdp-trace/gate_369_protectedgateexitcode.go:8.57,11.3 1 1
github.com/fall_out_bug/sdp-trace/cmd/sdp-trace/gate_369_protectedgateexitcode.go:12.2,13.9 2 1
github.com/fall_out_bug/sdp-trace/cmd/sdp-trace/gate_369_protectedgateexitcode.go:13.9,15.3 1 1
github.com/fall_out_bug/sdp-trace/cmd/sdp-trace/gate_369_protectedgateexitcode.go:16.2,16.19 1 1
github.com/fall_out_bug/sdp-trace/cmd/sdp-trace/gate_371_gateexitstates.go:7.54,9.50 2 1
github.com/fall_out_bug/sdp-trace/cmd/sdp-trace/gate_371_gateexitstates.go:9.50,13.3 1 1
github.com/fall_out_bug/sdp-trace/cmd/sdp-trace/gate_371_gateexitstates.go:14.2,14.15 1 1
github.com/fall_out_bug/sdp-trace/cmd/sdp-trace/gate_372_gatestateexitcode.go:7.45,8.68 1 1
github.com/fall_out_bug/sdp-trace/cmd/sdp-trace/gate_372_gatestateexitcode.go:8.68,11.3 1 1
github.com/fall_out_bug/sdp-trace/cmd/sdp-trace/gate_372_gatestateexitcode.go:12.2,12.49 1 1
github.com/fall_out_bug/sdp-trace/cmd/sdp-trace/gate_372_gatestateexitcode.go:12.49,15.3 1 1
github.com/fall_out_bug/sdp-trace/cmd/sdp-trace/gate_372_gatestateexitcode.go:16.2,16.10 1 1
github.com/fall_out_bug/sdp-trace/cmd/sdp-trace/gate_373_hasgatestate.go:7.60,8.31 1 1
github.com/fall_out_bug/sdp-trace/cmd/sdp-trace/gate_373_hasgatestate.go:8.31,10.38 1 1
github.com/fall_out_bug/sdp-trace/cmd/sdp-trace/gate_373_hasgatestate.go:10.38,12.4 1 1
github.com/fall_out_bug/sdp-trace/cmd/sdp-trace/gate_373_hasgatestate.go:14.2,14.14 1 1
github.com/fall_out_bug/sdp-trace/cmd/sdp-trace/harness_cli.go:32.62,34.2 1 1
github.com/fall_out_bug/sdp-trace/cmd/sdp-trace/harness_observe_cli.go:15.69,18.9 2 1
github.com/fall_out_bug/sdp-trace/cmd/sdp-trace/harness_observe_cli.go:18.9,20.3 1 1
github.com/fall_out_bug/sdp-trace/cmd/sdp-trace/harness_observe_cli.go:22.2,23.16 2 1
github.com/fall_out_bug/sdp-trace/cmd/sdp-trace/harness_observe_cli.go:23.16,26.3 2 1
github.com/fall_out_bug/sdp-trace/cmd/sdp-trace/harness_observe_cli.go:27.2,27.45 1 1
github.com/fall_out_bug/sdp-trace/cmd/sdp-trace/harness_observe_cli.go:30.63,38.2 1 1
github.com/fall_out_bug/sdp-trace/cmd/sdp-trace/harness_observe_cli.go:40.72,42.67 1 1
github.com/fall_out_bug/sdp-trace/cmd/sdp-trace/harness_observe_cli.go:42.67,44.3 1 0
github.com/fall_out_bug/sdp-trace/cmd/sdp-trace/harness_observe_cli.go:45.2,45.10 1 1
github.com/fall_out_bug/sdp-trace/cmd/sdp-trace/harness_observe_cli.go:48.85,55.41 5 1
github.com/fall_out_bug/sdp-trace/cmd/sdp-trace/harness_observe_cli.go:55.41,58.3 2 0
github.com/fall_out_bug/sdp-trace/cmd/sdp-trace/harness_observe_cli.go:60.2,60.104 1 1
github.com/fall_out_bug/sdp-trace/cmd/sdp-trace/harness_observe_cli.go:60.104,62.3 1 1
github.com/fall_out_bug/sdp-trace/cmd/sdp-trace/harness_observe_cli.go:63.2,63.22 1 1
github.com/fall_out_bug/sdp-trace/cmd/sdp-trace/harness_summarize_cli.go:10.71,14.41 3 1
github.com/fall_out_bug/sdp-trace/cmd/sdp-trace/harness_summarize_cli.go:14.41,17.3 2 0
github.com/fall_out_bug/sdp-trace/cmd/sdp-trace/harness_summarize_cli.go:19.2,19.108 1 1
github.com/fall_out_bug/sdp-trace/cmd/sdp-trace/harness_summarize_cli.go:19.108,21.3 1 0
github.com/fall_out_bug/sdp-trace/cmd/sdp-trace/harness_summarize_cli.go:22.2,23.16 2 1
github.com/fall_out_bug/sdp-trace/cmd/sdp-trace/harness_summarize_cli.go:23.16,28.3 2 0
github.com/fall_out_bug/sdp-trace/cmd/sdp-trace/harness_summarize_cli.go:31.2,32.10 2 1
github.com/fall_out_bug/sdp-trace/cmd/sdp-trace/harness_validate_args_cli.go:15.86,22.41 5 1
github.com/fall_out_bug/sdp-trace/cmd/sdp-trace/harness_validate_args_cli.go:22.41,25.3 2 0
github.com/fall_out_bug/sdp-trace/cmd/sdp-trace/harness_validate_args_cli.go:28.2,28.106 1 1
github.com/fall_out_bug/sdp-trace/cmd/sdp-trace/harness_validate_args_cli.go:28.106,30.3 1 1
github.com/fall_out_bug/sdp-trace/cmd/sdp-trace/harness_validate_args_cli.go:31.2,31.22 1 1
github.com/fall_out_bug/sdp-trace/cmd/sdp-trace/harness_validate_args_cli.go:34.88,38.98 2 1
github.com/fall_out_bug/sdp-trace/cmd/sdp-trace/harness_validate_args_cli.go:38.98,40.3 1 0
github.com/fall_out_bug/sdp-trace/cmd/sdp-trace/harness_validate_args_cli.go:41.2,41.13 1 1
github.com/fall_out_bug/sdp-trace/cmd/sdp-trace/harness_validate_cli.go:15.70,18.9 2 1
github.com/fall_out_bug/sdp-trace/cmd/sdp-trace/harness_validate_cli.go:18.9,20.3 1 1
github.com/fall_out_bug/sdp-trace/cmd/sdp-trace/harness_validate_cli.go:22.2,23.16 2 1
github.com/fall_out_bug/sdp-trace/cmd/sdp-trace/harness_validate_cli.go:23.16,26.3 2 0
github.com/fall_out_bug/sdp-trace/cmd/sdp-trace/harness_validate_cli.go:27.2,27.59 1 1
github.com/fall_out_bug/sdp-trace/cmd/sdp-trace/harness_validate_cli.go:30.71,38.2 1 1
github.com/fall_out_bug/sdp-trace/cmd/sdp-trace/harness_validate_cli.go:40.93,42.81 1 1
github.com/fall_out_bug/sdp-trace/cmd/sdp-trace/harness_validate_cli.go:42.81,44.3 1 0
github.com/fall_out_bug/sdp-trace/cmd/sdp-trace/harness_validate_cli.go:45.2,45.54 1 1
github.com/fall_out_bug/sdp-trace/cmd/sdp-trace/interaction_158_run.go:9.87,12.20 1 1
github.com/fall_out_bug/sdp-trace/cmd/sdp-trace/interaction_158_run.go:12.20,16.3 2 1
github.com/fall_out_bug/sdp-trace/cmd/sdp-trace/interaction_158_run.go:19.2,21.62 1 1
github.com/fall_out_bug/sdp-trace/cmd/sdp-trace/interaction_158_run.go:21.62,23.4 1 1
github.com/fall_out_bug/sdp-trace/cmd/sdp-trace/interaction_158_run.go:28.2,29.9 2 1
github.com/fall_out_bug/sdp-trace/cmd/sdp-trace/interaction_158_run.go:29.9,33.3 2 1
github.com/fall_out_bug/sdp-trace/cmd/sdp-trace/interaction_158_run.go:35.2,35.42 1 1
github.com/fall_out_bug/sdp-trace/cmd/sdp-trace/interaction_159_runrelay.go:11.92,15.9 2 1
github.com/fall_out_bug/sdp-trace/cmd/sdp-trace/interaction_159_runrelay.go:15.9,17.3 1 0
github.com/fall_out_bug/sdp-trace/cmd/sdp-trace/interaction_159_runrelay.go:20.2,21.16 2 1
github.com/fall_out_bug/sdp-trace/cmd/sdp-trace/interaction_159_runrelay.go:21.16,26.3 2 1
github.com/fall_out_bug/sdp-trace/cmd/sdp-trace/interaction_159_runrelay.go:27.2,27.17 1 1
github.com/fall_out_bug/sdp-trace/cmd/sdp-trace/interaction_160_relayoptions.go:7.70,23.2 1 1
github.com/fall_out_bug/sdp-trace/cmd/sdp-trace/interaction_161_parserelayargs.go:8.87,12.41 2 1
github.com/fall_out_bug/sdp-trace/cmd/sdp-trace/interaction_161_parserelayargs.go:12.41,16.3 2 0
github.com/fall_out_bug/sdp-trace/cmd/sdp-trace/interaction_161_parserelayargs.go:18.2,18.72 1 1
github.com/fall_out_bug/sdp-trace/cmd/sdp-trace/interaction_161_parserelayargs.go:18.72,20.3 1 0
github.com/fall_out_bug/sdp-trace/cmd/sdp-trace/interaction_161_parserelayargs.go:23.2,23.87 1 1
github.com/fall_out_bug/sdp-trace/cmd/sdp-trace/interaction_161_parserelayargs.go:23.87,25.3 1 1
github.com/fall_out_bug/sdp-trace/cmd/sdp-trace/interaction_161_parserelayargs.go:28.2,28.22 1 1
github.com/fall_out_bug/sdp-trace/cmd/sdp-trace/interaction_162_newrelayflagset.go:3.44,7.51 2 1
github.com/fall_out_bug/sdp-trace/cmd/sdp-trace/interaction_162_newrelayflagset.go:7.51,9.3 1 1
github.com/fall_out_bug/sdp-trace/cmd/sdp-trace/interaction_162_newrelayflagset.go:10.2,10.13 1 1
github.com/fall_out_bug/sdp-trace/cmd/sdp-trace/interaction_164_requirerest.go:8.72,9.27 1 1
github.com/fall_out_bug/sdp-trace/cmd/sdp-trace/interaction_164_requirerest.go:9.27,11.3 1 1
github.com/fall_out_bug/sdp-trace/cmd/sdp-trace/interaction_164_requirerest.go:14.2,15.14 2 1
github.com/fall_out_bug/sdp-trace/cmd/sdp-trace/interaction_165_requireonlyflagscode.go:7.120,8.60 1 1
github.com/fall_out_bug/sdp-trace/cmd/sdp-trace/interaction_165_requireonlyflagscode.go:8.60,12.3 1 1
github.com/fall_out_bug/sdp-trace/cmd/sdp-trace/interaction_165_requireonlyflagscode.go:13.2,13.16 1 1
github.com/fall_out_bug/sdp-trace/cmd/sdp-trace/interaction_167_runimporttranscript.go:7.82,9.9 2 1
github.com/fall_out_bug/sdp-trace/cmd/sdp-trace/interaction_167_runimporttranscript.go:9.9,11.3 1 1
github.com/fall_out_bug/sdp-trace/cmd/sdp-trace/interaction_167_runimporttranscript.go:14.2,15.60 2 0
github.com/fall_out_bug/sdp-trace/cmd/sdp-trace/interaction_168_writeimportedtranscript.go:10.96,11.16 1 1
github.com/fall_out_bug/sdp-trace/cmd/sdp-trace/interaction_168_writeimportedtranscript.go:11.16,16.3 2 1
github.com/fall_out_bug/sdp-trace/cmd/sdp-trace/interaction_168_writeimportedtranscript.go:17.2,18.10 2 1
github.com/fall_out_bug/sdp-trace/cmd/sdp-trace/interaction_169_importtranscriptfromoptions.go:7.76,17.2 1 0
github.com/fall_out_bug/sdp-trace/cmd/sdp-trace/interaction_170_parseimporttranscriptargs.go:8.98,19.41 7 1
github.com/fall_out_bug/sdp-trace/cmd/sdp-trace/interaction_170_parseimporttranscriptargs.go:19.41,23.3 2 0
github.com/fall_out_bug/sdp-trace/cmd/sdp-trace/interaction_170_parseimporttranscriptargs.go:24.2,24.131 1 1
github.com/fall_out_bug/sdp-trace/cmd/sdp-trace/interaction_170_parseimporttranscriptargs.go:24.131,26.3 1 1
github.com/fall_out_bug/sdp-trace/cmd/sdp-trace/interaction_170_parseimporttranscriptargs.go:27.2,27.22 1 0
github.com/fall_out_bug/sdp-trace/cmd/sdp-trace/interaction_171_runsummarize.go:10.75,14.9 2 1
github.com/fall_out_bug/sdp-trace/cmd/sdp-trace/interaction_171_runsummarize.go:14.9,16.3 1 1
github.com/fall_out_bug/sdp-trace/cmd/sdp-trace/interaction_171_runsummarize.go:19.2,20.16 2 1
github.com/fall_out_bug/sdp-trace/cmd/sdp-trace/interaction_171_runsummarize.go:20.16,23.3 2 0
github.com/fall_out_bug/sdp-trace/cmd/sdp-trace/interaction_171_runsummarize.go:25.2,26.80 2 1
github.com/fall_out_bug/sdp-trace/cmd/sdp-trace/interaction_171_runsummarize.go:26.80,31.3 2 0
github.com/fall_out_bug/sdp-trace/cmd/sdp-trace/interaction_171_runsummarize.go:32.2,33.10 2 1
github.com/fall_out_bug/sdp-trace/cmd/sdp-trace/interaction_172_parsesummarizeargs.go:8.91,14.41 4 1
github.com/fall_out_bug/sdp-trace/cmd/sdp-trace/interaction_172_parsesummarizeargs.go:14.41,17.3 2 0
github.com/fall_out_bug/sdp-trace/cmd/sdp-trace/interaction_172_parsesummarizeargs.go:18.2,18.116 1 1
github.com/fall_out_bug/sdp-trace/cmd/sdp-trace/interaction_172_parsesummarizeargs.go:18.116,20.3 1 1
github.com/fall_out_bug/sdp-trace/cmd/sdp-trace/interaction_172_parsesummarizeargs.go:21.2,21.22 1 1
github.com/fall_out_bug/sdp-trace/cmd/sdp-trace/main_536_ishelp.go:3.33,5.2 1 1
github.com/fall_out_bug/sdp-trace/cmd/sdp-trace/main_537_commandsurfaceconstants.go:5.46,13.2 1 1
github.com/fall_out_bug/sdp-trace/cmd/sdp-trace/main_537_commandsurfaceconstants.go:15.35,17.2 1 1
github.com/fall_out_bug/sdp-trace/cmd/sdp-trace/main_537_commandsurfaceconstants.go:19.32,27.2 1 1
github.com/fall_out_bug/sdp-trace/cmd/sdp-trace/main_537_isboolliteral.go:7.39,10.2 2 1
github.com/fall_out_bug/sdp-trace/cmd/sdp-trace/main_538_commandsurfaceregistrycore.go:3.55,122.2 1 1
github.com/fall_out_bug/sdp-trace/cmd/sdp-trace/main_539_commandsurfaceregistryobserve.go:3.58,53.2 1 1
github.com/fall_out_bug/sdp-trace/cmd/sdp-trace/main_540_commandsurfaceregistryassess.go:3.57,59.2 1 1
github.com/fall_out_bug/sdp-trace/cmd/sdp-trace/main_541_commandsurfaceregistryother.go:3.56,105.2 1 1
github.com/fall_out_bug/sdp-trace/cmd/sdp-trace/main_542_commandsurfaceregistrypacket.go:3.57,33.2 1 1
github.com/fall_out_bug/sdp-trace/cmd/sdp-trace/main_543_commandsurfaceregistry.go:3.49,17.2 7 1
github.com/fall_out_bug/sdp-trace/cmd/sdp-trace/main_544_commandsurfacejson.go:9.49,12.16 3 1
github.com/fall_out_bug/sdp-trace/cmd/sdp-trace/main_544_commandsurfacejson.go:12.16,14.3 1 0
github.com/fall_out_bug/sdp-trace/cmd/sdp-trace/main_544_commandsurfacejson.go:15.2,16.16 2 1
github.com/fall_out_bug/sdp-trace/cmd/sdp-trace/main_544_commandsurfacejson.go:16.16,18.3 1 0
github.com/fall_out_bug/sdp-trace/cmd/sdp-trace/main_544_commandsurfacejson.go:19.2,20.12 2 1
github.com/fall_out_bug/sdp-trace/cmd/sdp-trace/main_545_runcommandsurface.go:10.88,11.19 1 1
github.com/fall_out_bug/sdp-trace/cmd/sdp-trace/main_545_runcommandsurface.go:11.19,14.3 2 1
github.com/fall_out_bug/sdp-trace/cmd/sdp-trace/main_545_runcommandsurface.go:15.2,15.56 1 1
github.com/fall_out_bug/sdp-trace/cmd/sdp-trace/main_545_runcommandsurface.go:15.56,17.3 1 0
github.com/fall_out_bug/sdp-trace/cmd/sdp-trace/main_545_runcommandsurface.go:18.2,18.10 1 1
github.com/fall_out_bug/sdp-trace/cmd/sdp-trace/main_546_commandsurfacedrift.go:11.70,19.2 7 1
github.com/fall_out_bug/sdp-trace/cmd/sdp-trace/main_546_commandsurfacedrift.go:21.74,23.39 2 1
github.com/fall_out_bug/sdp-trace/cmd/sdp-trace/main_546_commandsurfacedrift.go:23.39,26.3 2 1
github.com/fall_out_bug/sdp-trace/cmd/sdp-trace/main_546_commandsurfacedrift.go:27.2,27.15 1 1
github.com/fall_out_bug/sdp-trace/cmd/sdp-trace/main_546_commandsurfacedrift.go:30.53,31.17 1 1
github.com/fall_out_bug/sdp-trace/cmd/sdp-trace/main_546_commandsurfacedrift.go:31.17,33.3 1 1
github.com/fall_out_bug/sdp-trace/cmd/sdp-trace/main_546_commandsurfacedrift.go:36.57,37.27 1 1
github.com/fall_out_bug/sdp-trace/cmd/sdp-trace/main_546_commandsurfacedrift.go:37.27,39.3 1 1
github.com/fall_out_bug/sdp-trace/cmd/sdp-trace/main_546_commandsurfacedrift.go:42.53,44.49 2 1
github.com/fall_out_bug/sdp-trace/cmd/sdp-trace/main_546_commandsurfacedrift.go:44.49,45.46 1 1
github.com/fall_out_bug/sdp-trace/cmd/sdp-trace/main_546_commandsurfacedrift.go:45.46,47.4 1 1
github.com/fall_out_bug/sdp-trace/cmd/sdp-trace/main_546_commandsurfacedrift.go:49.2,49.15 1 1
github.com/fall_out_bug/sdp-trace/cmd/sdp-trace/main_546_commandsurfacedrift.go:52.46,54.19 2 1
github.com/fall_out_bug/sdp-trace/cmd/sdp-trace/main_546_commandsurfacedrift.go:54.19,55.12 1 1
github.com/fall_out_bug/sdp-trace/cmd/sdp-trace/main_546_commandsurfacedrift.go:55.12,57.4 1 0
github.com/fall_out_bug/sdp-trace/cmd/sdp-trace/main_546_commandsurfacedrift.go:59.2,59.13 1 1
github.com/fall_out_bug/sdp-trace/cmd/sdp-trace/main_546_commandsurfacedrift.go:62.62,64.22 2 1
github.com/fall_out_bug/sdp-trace/cmd/sdp-trace/main_546_commandsurfacedrift.go:64.22,66.3 1 1
github.com/fall_out_bug/sdp-trace/cmd/sdp-trace/main_546_commandsurfacedrift.go:67.2,67.20 1 1
github.com/fall_out_bug/sdp-trace/cmd/sdp-trace/main_546_commandsurfacedrift.go:67.20,69.3 1 1
github.com/fall_out_bug/sdp-trace/cmd/sdp-trace/main_546_commandsurfacedrift.go:70.2,70.21 1 1
github.com/fall_out_bug/sdp-trace/cmd/sdp-trace/main_546_commandsurfacedrift.go:70.21,72.3 1 1
github.com/fall_out_bug/sdp-trace/cmd/sdp-trace/main_546_commandsurfacedrift.go:73.2,73.76 1 1
github.com/fall_out_bug/sdp-trace/cmd/sdp-trace/observe_012_runcommand.go:8.88,10.2 1 1
github.com/fall_out_bug/sdp-trace/cmd/sdp-trace/observe_013_runharness.go:8.88,10.2 1 1
github.com/fall_out_bug/sdp-trace/cmd/sdp-trace/observe_028_harnessstateexits.go:14.45,16.2 1 1
github.com/fall_out_bug/sdp-trace/cmd/sdp-trace/observe_cli.go:33.62,35.2 1 1
github.com/fall_out_bug/sdp-trace/cmd/sdp-trace/observe_collect_cli.go:16.69,19.9 2 1
github.com/fall_out_bug/sdp-trace/cmd/sdp-trace/observe_collect_cli.go:19.9,21.3 1 0
github.com/fall_out_bug/sdp-trace/cmd/sdp-trace/observe_collect_cli.go:23.2,24.16 2 1
github.com/fall_out_bug/sdp-trace/cmd/sdp-trace/observe_collect_cli.go:24.16,27.3 2 1
github.com/fall_out_bug/sdp-trace/cmd/sdp-trace/observe_collect_cli.go:28.2,28.63 1 1
github.com/fall_out_bug/sdp-trace/cmd/sdp-trace/observe_collect_cli.go:31.91,37.2 1 1
github.com/fall_out_bug/sdp-trace/cmd/sdp-trace/observe_collect_cli.go:39.112,41.91 1 1
github.com/fall_out_bug/sdp-trace/cmd/sdp-trace/observe_collect_cli.go:41.91,43.3 1 0
github.com/fall_out_bug/sdp-trace/cmd/sdp-trace/observe_collect_cli.go:44.2,44.40 1 1
github.com/fall_out_bug/sdp-trace/cmd/sdp-trace/observe_collect_cli.go:47.85,53.41 4 1
github.com/fall_out_bug/sdp-trace/cmd/sdp-trace/observe_collect_cli.go:53.41,56.3 2 0
github.com/fall_out_bug/sdp-trace/cmd/sdp-trace/observe_collect_cli.go:58.2,58.104 1 1
github.com/fall_out_bug/sdp-trace/cmd/sdp-trace/observe_collect_cli.go:58.104,60.3 1 0
github.com/fall_out_bug/sdp-trace/cmd/sdp-trace/observe_collect_cli.go:61.2,61.22 1 1
github.com/fall_out_bug/sdp-trace/cmd/sdp-trace/observe_payload_cli.go:14.132,21.2 2 1
github.com/fall_out_bug/sdp-trace/cmd/sdp-trace/observe_payload_cli.go:23.64,24.61 1 1
github.com/fall_out_bug/sdp-trace/cmd/sdp-trace/observe_payload_cli.go:24.61,27.3 1 1
github.com/fall_out_bug/sdp-trace/cmd/sdp-trace/observe_payload_cli.go:28.2,28.10 1 1
github.com/fall_out_bug/sdp-trace/cmd/sdp-trace/observe_session_cli.go:15.69,17.9 2 1
github.com/fall_out_bug/sdp-trace/cmd/sdp-trace/observe_session_cli.go:17.9,19.3 1 0
github.com/fall_out_bug/sdp-trace/cmd/sdp-trace/observe_session_cli.go:22.2,23.9 2 1
github.com/fall_out_bug/sdp-trace/cmd/sdp-trace/observe_session_cli.go:23.9,25.3 1 0
github.com/fall_out_bug/sdp-trace/cmd/sdp-trace/observe_session_cli.go:26.2,26.91 1 1
github.com/fall_out_bug/sdp-trace/cmd/sdp-trace/observe_session_cli.go:26.91,28.3 1 0
github.com/fall_out_bug/sdp-trace/cmd/sdp-trace/observe_session_cli.go:29.2,29.10 1 1
github.com/fall_out_bug/sdp-trace/cmd/sdp-trace/observe_session_cli.go:32.113,41.16 2 1
github.com/fall_out_bug/sdp-trace/cmd/sdp-trace/observe_session_cli.go:41.16,44.3 2 0
github.com/fall_out_bug/sdp-trace/cmd/sdp-trace/observe_session_cli.go:45.2,45.35 1 1
github.com/fall_out_bug/sdp-trace/cmd/sdp-trace/observe_session_cli.go:48.85,54.41 4 1
github.com/fall_out_bug/sdp-trace/cmd/sdp-trace/observe_session_cli.go:54.41,57.3 2 0
github.com/fall_out_bug/sdp-trace/cmd/sdp-trace/observe_session_cli.go:58.2,58.70 1 1
github.com/fall_out_bug/sdp-trace/cmd/sdp-trace/observe_session_cli.go:58.70,60.3 1 0
github.com/fall_out_bug/sdp-trace/cmd/sdp-trace/observe_session_cli.go:62.2,62.27 1 1
github.com/fall_out_bug/sdp-trace/cmd/sdp-trace/observe_session_cli.go:62.27,69.3 2 1
github.com/fall_out_bug/sdp-trace/cmd/sdp-trace/observe_session_cli.go:70.2,70.22 1 1
github.com/fall_out_bug/sdp-trace/cmd/sdp-trace/observe_setup_cli.go:16.67,19.9 2 1
github.com/fall_out_bug/sdp-trace/cmd/sdp-trace/observe_setup_cli.go:19.9,21.3 1 1
github.com/fall_out_bug/sdp-trace/cmd/sdp-trace/observe_setup_cli.go:23.2,24.16 2 1
github.com/fall_out_bug/sdp-trace/cmd/sdp-trace/observe_setup_cli.go:24.16,27.3 2 1
github.com/fall_out_bug/sdp-trace/cmd/sdp-trace/observe_setup_cli.go:28.2,28.51 1 1
github.com/fall_out_bug/sdp-trace/cmd/sdp-trace/observe_setup_cli.go:31.73,38.2 1 1
github.com/fall_out_bug/sdp-trace/cmd/sdp-trace/observe_setup_cli.go:40.85,42.73 1 1
github.com/fall_out_bug/sdp-trace/cmd/sdp-trace/observe_setup_cli.go:42.73,44.3 1 0
github.com/fall_out_bug/sdp-trace/cmd/sdp-trace/observe_setup_cli.go:45.2,45.10 1 1
github.com/fall_out_bug/sdp-trace/cmd/sdp-trace/observe_setup_cli.go:48.83,55.41 5 1
github.com/fall_out_bug/sdp-trace/cmd/sdp-trace/observe_setup_cli.go:55.41,58.3 2 0
github.com/fall_out_bug/sdp-trace/cmd/sdp-trace/observe_setup_cli.go:60.2,60.100 1 1
github.com/fall_out_bug/sdp-trace/cmd/sdp-trace/observe_setup_cli.go:60.100,62.3 1 1
github.com/fall_out_bug/sdp-trace/cmd/sdp-trace/observe_setup_cli.go:63.2,63.22 1 1
github.com/fall_out_bug/sdp-trace/cmd/sdp-trace/packet_040_run.go:8.80,10.2 1 1
github.com/fall_out_bug/sdp-trace/cmd/sdp-trace/packet_041_runbuildpr.go:9.68,13.9 2 1
github.com/fall_out_bug/sdp-trace/cmd/sdp-trace/packet_041_runbuildpr.go:13.9,15.3 1 1
github.com/fall_out_bug/sdp-trace/cmd/sdp-trace/packet_041_runbuildpr.go:18.2,19.16 2 1
github.com/fall_out_bug/sdp-trace/cmd/sdp-trace/packet_041_runbuildpr.go:19.16,25.3 3 1
github.com/fall_out_bug/sdp-trace/cmd/sdp-trace/packet_041_runbuildpr.go:26.2,27.38 2 1
github.com/fall_out_bug/sdp-trace/cmd/sdp-trace/packet_041_runbuildpr.go:27.38,32.3 2 1
github.com/fall_out_bug/sdp-trace/cmd/sdp-trace/packet_041_runbuildpr.go:33.2,33.88 1 1
github.com/fall_out_bug/sdp-trace/cmd/sdp-trace/packet_042_parsebuildproptions.go:8.87,19.41 9 1
github.com/fall_out_bug/sdp-trace/cmd/sdp-trace/packet_042_parsebuildproptions.go:19.41,23.3 2 1
github.com/fall_out_bug/sdp-trace/cmd/sdp-trace/packet_042_parsebuildproptions.go:26.2,26.103 1 1
github.com/fall_out_bug/sdp-trace/cmd/sdp-trace/packet_042_parsebuildproptions.go:26.103,28.3 1 0
github.com/fall_out_bug/sdp-trace/cmd/sdp-trace/packet_042_parsebuildproptions.go:31.2,31.22 1 1
github.com/fall_out_bug/sdp-trace/cmd/sdp-trace/packet_043_buildprresult.go:10.115,25.28 5 1
github.com/fall_out_bug/sdp-trace/cmd/sdp-trace/packet_043_buildprresult.go:25.28,28.3 1 1
github.com/fall_out_bug/sdp-trace/cmd/sdp-trace/packet_043_buildprresult.go:29.2,29.23 1 1
github.com/fall_out_bug/sdp-trace/cmd/sdp-trace/packet_044_writeprartifacts.go:9.125,11.9 2 1
github.com/fall_out_bug/sdp-trace/cmd/sdp-trace/packet_044_writeprartifacts.go:11.9,14.3 2 0
github.com/fall_out_bug/sdp-trace/cmd/sdp-trace/packet_044_writeprartifacts.go:17.2,17.67 1 1
github.com/fall_out_bug/sdp-trace/cmd/sdp-trace/packet_044_writeprartifacts.go:17.67,19.3 1 0
github.com/fall_out_bug/sdp-trace/cmd/sdp-trace/packet_044_writeprartifacts.go:20.2,21.10 2 1
github.com/fall_out_bug/sdp-trace/cmd/sdp-trace/packet_045_renderprmarkdown.go:7.96,9.16 2 1
github.com/fall_out_bug/sdp-trace/cmd/sdp-trace/packet_045_renderprmarkdown.go:9.16,15.3 3 0
github.com/fall_out_bug/sdp-trace/cmd/sdp-trace/packet_045_renderprmarkdown.go:16.2,16.23 1 1
github.com/fall_out_bug/sdp-trace/cmd/sdp-trace/packet_046_writeprfiles.go:11.131,12.51 1 1
github.com/fall_out_bug/sdp-trace/cmd/sdp-trace/packet_046_writeprfiles.go:12.51,16.3 2 0
github.com/fall_out_bug/sdp-trace/cmd/sdp-trace/packet_046_writeprfiles.go:19.2,19.92 1 1
github.com/fall_out_bug/sdp-trace/cmd/sdp-trace/packet_047_writeprartifactfiles.go:7.86,8.29 1 1
github.com/fall_out_bug/sdp-trace/cmd/sdp-trace/packet_047_writeprartifactfiles.go:8.29,11.39 1 1
github.com/fall_out_bug/sdp-trace/cmd/sdp-trace/packet_047_writeprartifactfiles.go:11.39,13.4 1 0
github.com/fall_out_bug/sdp-trace/cmd/sdp-trace/packet_047_writeprartifactfiles.go:15.2,15.13 1 1
github.com/fall_out_bug/sdp-trace/cmd/sdp-trace/packet_049_prartifactfiles.go:7.119,10.54 1 1
github.com/fall_out_bug/sdp-trace/cmd/sdp-trace/packet_049_prartifactfiles.go:10.54,10.105 1 1
github.com/fall_out_bug/sdp-trace/cmd/sdp-trace/packet_049_prartifactfiles.go:11.56,11.115 1 1
github.com/fall_out_bug/sdp-trace/cmd/sdp-trace/packet_049_prartifactfiles.go:12.54,12.105 1 1
github.com/fall_out_bug/sdp-trace/cmd/sdp-trace/packet_050_writeprfile.go:8.74,9.37 1 1
github.com/fall_out_bug/sdp-trace/cmd/sdp-trace/packet_050_writeprfile.go:9.37,13.3 2 0
github.com/fall_out_bug/sdp-trace/cmd/sdp-trace/packet_050_writeprfile.go:14.2,14.13 1 1
github.com/fall_out_bug/sdp-trace/cmd/sdp-trace/packet_051_buildprgateerrors.go:7.61,9.41 2 1
github.com/fall_out_bug/sdp-trace/cmd/sdp-trace/packet_051_buildprgateerrors.go:9.41,13.3 1 1
github.com/fall_out_bug/sdp-trace/cmd/sdp-trace/packet_051_buildprgateerrors.go:14.2,19.15 4 1
github.com/fall_out_bug/sdp-trace/cmd/sdp-trace/packet_052_buildprrouteerrors.go:7.68,9.75 2 1
github.com/fall_out_bug/sdp-trace/cmd/sdp-trace/packet_052_buildprrouteerrors.go:9.75,11.3 1 1
github.com/fall_out_bug/sdp-trace/cmd/sdp-trace/packet_052_buildprrouteerrors.go:13.2,13.83 1 1
github.com/fall_out_bug/sdp-trace/cmd/sdp-trace/packet_053_buildprverificationerrors.go:7.75,9.44 2 1
github.com/fall_out_bug/sdp-trace/cmd/sdp-trace/packet_053_buildprverificationerrors.go:9.44,11.3 1 1
github.com/fall_out_bug/sdp-trace/cmd/sdp-trace/packet_053_buildprverificationerrors.go:14.2,14.91 1 1
github.com/fall_out_bug/sdp-trace/cmd/sdp-trace/packet_054_buildprinputfromoptions.go:9.83,11.16 2 1
github.com/fall_out_bug/sdp-trace/cmd/sdp-trace/packet_054_buildprinputfromoptions.go:11.16,13.3 1 0
github.com/fall_out_bug/sdp-trace/cmd/sdp-trace/packet_054_buildprinputfromoptions.go:16.2,17.73 2 1
github.com/fall_out_bug/sdp-trace/cmd/sdp-trace/packet_054_buildprinputfromoptions.go:17.73,21.3 1 1
github.com/fall_out_bug/sdp-trace/cmd/sdp-trace/packet_054_buildprinputfromoptions.go:22.2,22.19 1 1
github.com/fall_out_bug/sdp-trace/cmd/sdp-trace/packet_055_loadprinputsourceevent.go:9.76,11.33 2 1
github.com/fall_out_bug/sdp-trace/cmd/sdp-trace/packet_055_loadprinputsourceevent.go:11.33,15.3 1 0
github.com/fall_out_bug/sdp-trace/cmd/sdp-trace/packet_055_loadprinputsourceevent.go:18.2,19.21 2 1
github.com/fall_out_bug/sdp-trace/cmd/sdp-trace/packet_055_loadprinputsourceevent.go:19.21,23.3 1 0
github.com/fall_out_bug/sdp-trace/cmd/sdp-trace/packet_055_loadprinputsourceevent.go:24.2,25.16 2 1
github.com/fall_out_bug/sdp-trace/cmd/sdp-trace/packet_055_loadprinputsourceevent.go:25.16,29.3 1 0
github.com/fall_out_bug/sdp-trace/cmd/sdp-trace/packet_055_loadprinputsourceevent.go:30.2,30.27 1 1
github.com/fall_out_bug/sdp-trace/cmd/sdp-trace/packet_056_completeprinputfromoptions.go:10.106,11.60 1 1
github.com/fall_out_bug/sdp-trace/cmd/sdp-trace/packet_056_completeprinputfromoptions.go:11.60,13.3 1 0
github.com/fall_out_bug/sdp-trace/cmd/sdp-trace/packet_056_completeprinputfromoptions.go:16.2,16.115 1 1
github.com/fall_out_bug/sdp-trace/cmd/sdp-trace/packet_056_completeprinputfromoptions.go:16.115,18.3 1 1
github.com/fall_out_bug/sdp-trace/cmd/sdp-trace/packet_056_completeprinputfromoptions.go:19.2,20.16 2 1
github.com/fall_out_bug/sdp-trace/cmd/sdp-trace/packet_056_completeprinputfromoptions.go:20.16,22.3 1 0
github.com/fall_out_bug/sdp-trace/cmd/sdp-trace/packet_056_completeprinputfromoptions.go:25.2,26.12 2 1
github.com/fall_out_bug/sdp-trace/cmd/sdp-trace/packet_057_readoptionalprevidence.go:9.87,10.89 1 1
github.com/fall_out_bug/sdp-trace/cmd/sdp-trace/packet_057_readoptionalprevidence.go:10.89,12.3 1 0
github.com/fall_out_bug/sdp-trace/cmd/sdp-trace/packet_057_readoptionalprevidence.go:15.2,15.95 1 1
github.com/fall_out_bug/sdp-trace/cmd/sdp-trace/packet_057_readoptionalprevidence.go:15.95,17.3 1 0
github.com/fall_out_bug/sdp-trace/cmd/sdp-trace/packet_057_readoptionalprevidence.go:18.2,18.12 1 1
github.com/fall_out_bug/sdp-trace/cmd/sdp-trace/packet_058_validprinputsource.go:3.45,5.2 1 1
github.com/fall_out_bug/sdp-trace/cmd/sdp-trace/packet_059_preventpath.go:3.86,4.51 1 1
github.com/fall_out_bug/sdp-trace/cmd/sdp-trace/packet_059_preventpath.go:4.51,8.3 1 1
github.com/fall_out_bug/sdp-trace/cmd/sdp-trace/packet_059_preventpath.go:9.2,9.18 1 1
github.com/fall_out_bug/sdp-trace/cmd/sdp-trace/packet_060_githubprinputfromevent.go:7.123,16.32 2 1
github.com/fall_out_bug/sdp-trace/cmd/sdp-trace/packet_060_githubprinputfromevent.go:16.32,20.3 1 1
github.com/fall_out_bug/sdp-trace/cmd/sdp-trace/packet_060_githubprinputfromevent.go:23.2,23.14 1 1
github.com/fall_out_bug/sdp-trace/cmd/sdp-trace/packet_061_githubprfromevent.go:7.62,22.2 1 1
github.com/fall_out_bug/sdp-trace/cmd/sdp-trace/packet_062_githubcommitrangefromevent.go:7.80,15.2 1 1
github.com/fall_out_bug/sdp-trace/cmd/sdp-trace/packet_063_hydrategithubactionsevidence.go:7.136,8.32 1 1
github.com/fall_out_bug/sdp-trace/cmd/sdp-trace/packet_063_hydrategithubactionsevidence.go:8.32,11.3 1 1
github.com/fall_out_bug/sdp-trace/cmd/sdp-trace/packet_063_hydrategithubactionsevidence.go:12.2,12.76 1 1
github.com/fall_out_bug/sdp-trace/cmd/sdp-trace/packet_063_hydrategithubactionsevidence.go:12.76,14.3 1 1
github.com/fall_out_bug/sdp-trace/cmd/sdp-trace/packet_063_hydrategithubactionsevidence.go:15.2,15.12 1 1
github.com/fall_out_bug/sdp-trace/cmd/sdp-trace/packet_064_hydrategithubactionartifacts.go:7.121,8.31 1 1
github.com/fall_out_bug/sdp-trace/cmd/sdp-trace/packet_064_hydrategithubactionartifacts.go:8.31,11.3 1 0
github.com/fall_out_bug/sdp-trace/cmd/sdp-trace/packet_064_hydrategithubactionartifacts.go:12.2,13.16 2 1
github.com/fall_out_bug/sdp-trace/cmd/sdp-trace/packet_064_hydrategithubactionartifacts.go:13.16,15.3 1 1
github.com/fall_out_bug/sdp-trace/cmd/sdp-trace/packet_064_hydrategithubactionartifacts.go:16.2,17.12 2 1
github.com/fall_out_bug/sdp-trace/cmd/sdp-trace/packet_065_readoptionalprroute.go:7.77,10.2 2 1
github.com/fall_out_bug/sdp-trace/cmd/sdp-trace/packet_066_applyprroute.go:7.92,17.2 7 1
github.com/fall_out_bug/sdp-trace/cmd/sdp-trace/packet_067_githubactionsartifacts.go:9.109,11.16 2 1
github.com/fall_out_bug/sdp-trace/cmd/sdp-trace/packet_067_githubactionsartifacts.go:11.16,13.3 1 1
github.com/fall_out_bug/sdp-trace/cmd/sdp-trace/packet_067_githubactionsartifacts.go:16.2,17.16 2 1
github.com/fall_out_bug/sdp-trace/cmd/sdp-trace/packet_067_githubactionsartifacts.go:17.16,19.3 1 0
github.com/fall_out_bug/sdp-trace/cmd/sdp-trace/packet_067_githubactionsartifacts.go:20.2,21.25 2 1
github.com/fall_out_bug/sdp-trace/cmd/sdp-trace/packet_067_githubactionsartifacts.go:21.25,25.3 1 0
github.com/fall_out_bug/sdp-trace/cmd/sdp-trace/packet_067_githubactionsartifacts.go:26.2,26.23 1 1
github.com/fall_out_bug/sdp-trace/cmd/sdp-trace/packet_071_newgithubactionsartifactcontext.go:3.123,5.16 2 1
github.com/fall_out_bug/sdp-trace/cmd/sdp-trace/packet_071_newgithubactionsartifactcontext.go:5.16,7.3 1 1
github.com/fall_out_bug/sdp-trace/cmd/sdp-trace/packet_071_newgithubactionsartifactcontext.go:10.2,16.66 2 1
github.com/fall_out_bug/sdp-trace/cmd/sdp-trace/packet_071_newgithubactionsartifactcontext.go:16.66,20.3 1 0
github.com/fall_out_bug/sdp-trace/cmd/sdp-trace/packet_071_newgithubactionsartifactcontext.go:21.2,21.17 1 1
github.com/fall_out_bug/sdp-trace/cmd/sdp-trace/packet_072_validategithubactionsartifactcontext.go:8.83,9.40 1 1
github.com/fall_out_bug/sdp-trace/cmd/sdp-trace/packet_072_validategithubactionsartifactcontext.go:9.40,12.3 1 0
github.com/fall_out_bug/sdp-trace/cmd/sdp-trace/packet_072_validategithubactionsartifactcontext.go:13.2,13.40 1 1
github.com/fall_out_bug/sdp-trace/cmd/sdp-trace/packet_072_validategithubactionsartifactcontext.go:13.40,17.3 1 0
github.com/fall_out_bug/sdp-trace/cmd/sdp-trace/packet_072_validategithubactionsartifactcontext.go:18.2,18.12 1 1
github.com/fall_out_bug/sdp-trace/cmd/sdp-trace/packet_073_missinggithubartifactidentity.go:7.75,9.2 1 1
github.com/fall_out_bug/sdp-trace/cmd/sdp-trace/packet_074_githubtoken.go:3.53,5.17 2 1
github.com/fall_out_bug/sdp-trace/cmd/sdp-trace/packet_074_githubtoken.go:5.17,9.3 1 0
github.com/fall_out_bug/sdp-trace/cmd/sdp-trace/packet_074_githubtoken.go:10.2,10.14 1 1
github.com/fall_out_bug/sdp-trace/cmd/sdp-trace/packet_075_githubapiurl.go:7.82,9.18 2 1
github.com/fall_out_bug/sdp-trace/cmd/sdp-trace/packet_075_githubapiurl.go:9.18,13.3 1 0
github.com/fall_out_bug/sdp-trace/cmd/sdp-trace/packet_075_githubapiurl.go:14.2,14.18 1 1
github.com/fall_out_bug/sdp-trace/cmd/sdp-trace/packet_075_githubapiurl.go:14.18,16.3 1 0
github.com/fall_out_bug/sdp-trace/cmd/sdp-trace/packet_075_githubapiurl.go:17.2,17.82 1 1
github.com/fall_out_bug/sdp-trace/cmd/sdp-trace/packet_075_githubapiurl.go:17.82,19.3 1 1
github.com/fall_out_bug/sdp-trace/cmd/sdp-trace/packet_075_githubapiurl.go:20.2,20.44 1 1
github.com/fall_out_bug/sdp-trace/cmd/sdp-trace/packet_076_validategithubapiurl.go:3.59,5.16 2 1
github.com/fall_out_bug/sdp-trace/cmd/sdp-trace/packet_076_validategithubapiurl.go:5.16,7.3 1 1
github.com/fall_out_bug/sdp-trace/cmd/sdp-trace/packet_076_validategithubapiurl.go:10.2,10.62 1 1
github.com/fall_out_bug/sdp-trace/cmd/sdp-trace/packet_077_validateparsedgithubapiurl.go:8.82,9.24 1 1
github.com/fall_out_bug/sdp-trace/cmd/sdp-trace/packet_077_validateparsedgithubapiurl.go:9.24,13.3 1 1
github.com/fall_out_bug/sdp-trace/cmd/sdp-trace/packet_077_validateparsedgithubapiurl.go:14.2,14.67 1 1
github.com/fall_out_bug/sdp-trace/cmd/sdp-trace/packet_078_validategithubapiurltrusttarget.go:9.87,10.32 1 1
github.com/fall_out_bug/sdp-trace/cmd/sdp-trace/packet_078_validategithubapiurltrusttarget.go:10.32,14.3 1 1
github.com/fall_out_bug/sdp-trace/cmd/sdp-trace/packet_078_validategithubapiurltrusttarget.go:15.2,15.62 1 1
github.com/fall_out_bug/sdp-trace/cmd/sdp-trace/packet_078_validategithubapiurltrusttarget.go:15.62,17.3 1 1
github.com/fall_out_bug/sdp-trace/cmd/sdp-trace/packet_078_validategithubapiurltrusttarget.go:18.2,18.73 1 1
github.com/fall_out_bug/sdp-trace/cmd/sdp-trace/packet_078_validategithubapiurltrusttarget.go:18.73,22.3 1 1
github.com/fall_out_bug/sdp-trace/cmd/sdp-trace/packet_078_validategithubapiurltrusttarget.go:23.2,23.95 1 1
github.com/fall_out_bug/sdp-trace/cmd/sdp-trace/packet_079_requirehttpsgithubapi.go:8.66,9.30 1 1
github.com/fall_out_bug/sdp-trace/cmd/sdp-trace/packet_079_requirehttpsgithubapi.go:9.30,12.3 1 1
github.com/fall_out_bug/sdp-trace/cmd/sdp-trace/packet_079_requirehttpsgithubapi.go:13.2,13.108 1 1
github.com/fall_out_bug/sdp-trace/cmd/sdp-trace/packet_080_parsegithubapiurl.go:8.57,10.60 2 1
github.com/fall_out_bug/sdp-trace/cmd/sdp-trace/packet_080_parsegithubapiurl.go:10.60,12.3 1 1
github.com/fall_out_bug/sdp-trace/cmd/sdp-trace/packet_080_parsegithubapiurl.go:15.2,15.20 1 1
github.com/fall_out_bug/sdp-trace/cmd/sdp-trace/packet_081_localhttpgithubapi.go:8.47,10.2 1 1
github.com/fall_out_bug/sdp-trace/cmd/sdp-trace/packet_082_githubapihostallowed.go:3.56,5.40 2 1
github.com/fall_out_bug/sdp-trace/cmd/sdp-trace/packet_082_githubapihostallowed.go:5.40,9.3 1 1
github.com/fall_out_bug/sdp-trace/cmd/sdp-trace/packet_082_githubapihostallowed.go:10.2,10.27 1 1
github.com/fall_out_bug/sdp-trace/cmd/sdp-trace/packet_083_publicgithubserverhost.go:3.53,5.2 1 1
github.com/fall_out_bug/sdp-trace/cmd/sdp-trace/packet_084_githubserverhost.go:8.48,9.40 1 1
github.com/fall_out_bug/sdp-trace/cmd/sdp-trace/packet_084_githubserverhost.go:9.40,12.3 1 1
github.com/fall_out_bug/sdp-trace/cmd/sdp-trace/packet_084_githubserverhost.go:13.2,14.16 2 1
github.com/fall_out_bug/sdp-trace/cmd/sdp-trace/packet_084_githubserverhost.go:14.16,16.3 1 0
github.com/fall_out_bug/sdp-trace/cmd/sdp-trace/packet_084_githubserverhost.go:17.2,17.43 1 1
github.com/fall_out_bug/sdp-trace/cmd/sdp-trace/packet_085_loopbackhost.go:7.37,10.2 2 1
github.com/fall_out_bug/sdp-trace/cmd/sdp-trace/packet_086_fetchgithubactionsartifacts.go:8.106,10.16 2 1
github.com/fall_out_bug/sdp-trace/cmd/sdp-trace/packet_086_fetchgithubactionsartifacts.go:10.16,14.3 1 0
github.com/fall_out_bug/sdp-trace/cmd/sdp-trace/packet_086_fetchgithubactionsartifacts.go:16.2,17.16 2 1
github.com/fall_out_bug/sdp-trace/cmd/sdp-trace/packet_086_fetchgithubactionsartifacts.go:17.16,19.3 1 0
github.com/fall_out_bug/sdp-trace/cmd/sdp-trace/packet_086_fetchgithubactionsartifacts.go:20.2,21.44 2 1
github.com/fall_out_bug/sdp-trace/cmd/sdp-trace/packet_086_fetchgithubactionsartifacts.go:21.44,24.3 1 0
github.com/fall_out_bug/sdp-trace/cmd/sdp-trace/packet_086_fetchgithubactionsartifacts.go:27.2,27.48 1 1
github.com/fall_out_bug/sdp-trace/cmd/sdp-trace/packet_087_githubactionsartifactsrequest.go:8.93,11.16 3 1
github.com/fall_out_bug/sdp-trace/cmd/sdp-trace/packet_087_githubactionsartifactsrequest.go:11.16,13.3 1 0
github.com/fall_out_bug/sdp-trace/cmd/sdp-trace/packet_087_githubactionsartifactsrequest.go:16.2,18.84 2 1
github.com/fall_out_bug/sdp-trace/cmd/sdp-trace/packet_087_githubactionsartifactsrequest.go:18.84,20.3 1 1
github.com/fall_out_bug/sdp-trace/cmd/sdp-trace/packet_087_githubactionsartifactsrequest.go:21.2,21.17 1 1
github.com/fall_out_bug/sdp-trace/cmd/sdp-trace/packet_088_githubactionsartifactsauthorization.go:3.71,6.44 2 1
github.com/fall_out_bug/sdp-trace/cmd/sdp-trace/packet_088_githubactionsartifactsauthorization.go:6.44,8.3 1 1
github.com/fall_out_bug/sdp-trace/cmd/sdp-trace/packet_088_githubactionsartifactsauthorization.go:9.2,9.26 1 1
github.com/fall_out_bug/sdp-trace/cmd/sdp-trace/packet_089_successfulhttpstatus.go:3.48,5.2 1 1
github.com/fall_out_bug/sdp-trace/cmd/sdp-trace/packet_090_decodegithubactionsartifacts.go:9.91,11.65 2 1
github.com/fall_out_bug/sdp-trace/cmd/sdp-trace/packet_090_decodegithubactionsartifacts.go:11.65,13.3 1 0
github.com/fall_out_bug/sdp-trace/cmd/sdp-trace/packet_090_decodegithubactionsartifacts.go:16.2,16.21 1 1
github.com/fall_out_bug/sdp-trace/cmd/sdp-trace/packet_091_retainedgithubartifacts.go:7.126,9.45 2 1
github.com/fall_out_bug/sdp-trace/cmd/sdp-trace/packet_091_retainedgithubartifacts.go:9.45,10.23 1 1
github.com/fall_out_bug/sdp-trace/cmd/sdp-trace/packet_091_retainedgithubartifacts.go:10.23,12.12 1 0
github.com/fall_out_bug/sdp-trace/cmd/sdp-trace/packet_091_retainedgithubartifacts.go:14.3,19.5 1 1
github.com/fall_out_bug/sdp-trace/cmd/sdp-trace/packet_091_retainedgithubartifacts.go:23.2,23.18 1 1
github.com/fall_out_bug/sdp-trace/cmd/sdp-trace/packet_092_githubartifactresolver.go:8.102,9.24 1 1
github.com/fall_out_bug/sdp-trace/cmd/sdp-trace/packet_092_githubartifactresolver.go:9.24,11.3 1 1
github.com/fall_out_bug/sdp-trace/cmd/sdp-trace/packet_092_githubartifactresolver.go:12.2,12.22 1 0
github.com/fall_out_bug/sdp-trace/cmd/sdp-trace/packet_092_githubartifactresolver.go:12.22,16.3 1 0
github.com/fall_out_bug/sdp-trace/cmd/sdp-trace/packet_092_githubartifactresolver.go:17.2,17.125 1 0
github.com/fall_out_bug/sdp-trace/cmd/sdp-trace/packet_094_loadprfixtureevent.go:8.62,10.55 2 1
github.com/fall_out_bug/sdp-trace/cmd/sdp-trace/packet_094_loadprfixtureevent.go:10.55,12.3 1 0
github.com/fall_out_bug/sdp-trace/cmd/sdp-trace/packet_094_loadprfixtureevent.go:13.2,13.89 1 1
github.com/fall_out_bug/sdp-trace/cmd/sdp-trace/packet_094_loadprfixtureevent.go:13.89,16.3 1 0
github.com/fall_out_bug/sdp-trace/cmd/sdp-trace/packet_094_loadprfixtureevent.go:19.2,19.19 1 1
github.com/fall_out_bug/sdp-trace/cmd/sdp-trace/packet_095_readoptionaljson.go:9.54,10.35 1 1
github.com/fall_out_bug/sdp-trace/cmd/sdp-trace/packet_095_readoptionaljson.go:10.35,13.3 1 1
github.com/fall_out_bug/sdp-trace/cmd/sdp-trace/packet_095_readoptionaljson.go:14.2,15.16 2 1
github.com/fall_out_bug/sdp-trace/cmd/sdp-trace/packet_095_readoptionaljson.go:15.16,17.3 1 0
github.com/fall_out_bug/sdp-trace/cmd/sdp-trace/packet_095_readoptionaljson.go:18.2,18.36 1 1
github.com/fall_out_bug/sdp-trace/cmd/sdp-trace/packet_096_exits.go:7.57,8.38 1 1
github.com/fall_out_bug/sdp-trace/cmd/sdp-trace/packet_096_exits.go:8.38,10.3 1 1
github.com/fall_out_bug/sdp-trace/cmd/sdp-trace/packet_096_exits.go:13.2,13.25 1 1
github.com/fall_out_bug/sdp-trace/cmd/sdp-trace/packet_096_exits.go:16.55,17.38 1 1
github.com/fall_out_bug/sdp-trace/cmd/sdp-trace/packet_096_exits.go:17.38,19.3 1 1
github.com/fall_out_bug/sdp-trace/cmd/sdp-trace/packet_096_exits.go:21.2,21.17 1 1
github.com/fall_out_bug/sdp-trace/cmd/sdp-trace/packet_build_github_cli.go:11.72,13.9 2 1
github.com/fall_out_bug/sdp-trace/cmd/sdp-trace/packet_build_github_cli.go:13.9,15.3 1 0
github.com/fall_out_bug/sdp-trace/cmd/sdp-trace/packet_build_github_cli.go:18.2,19.16 2 1
github.com/fall_out_bug/sdp-trace/cmd/sdp-trace/packet_build_github_cli.go:19.16,23.3 2 0
github.com/fall_out_bug/sdp-trace/cmd/sdp-trace/packet_build_github_cli.go:25.2,27.38 3 1
github.com/fall_out_bug/sdp-trace/cmd/sdp-trace/packet_build_github_cli.go:27.38,31.3 2 0
github.com/fall_out_bug/sdp-trace/cmd/sdp-trace/packet_build_github_cli.go:34.2,34.75 1 1
github.com/fall_out_bug/sdp-trace/cmd/sdp-trace/packet_build_github_cli.go:37.91,39.2 1 1
github.com/fall_out_bug/sdp-trace/cmd/sdp-trace/packet_build_github_cli.go:41.92,42.55 1 1
github.com/fall_out_bug/sdp-trace/cmd/sdp-trace/packet_build_github_cli.go:42.55,46.3 2 0
github.com/fall_out_bug/sdp-trace/cmd/sdp-trace/packet_build_github_cli.go:47.2,48.10 2 1
github.com/fall_out_bug/sdp-trace/cmd/sdp-trace/packet_cli.go:11.142,13.32 2 1
github.com/fall_out_bug/sdp-trace/cmd/sdp-trace/packet_cli.go:13.32,16.3 1 1
github.com/fall_out_bug/sdp-trace/cmd/sdp-trace/packet_cli.go:17.2,17.41 1 1
github.com/fall_out_bug/sdp-trace/cmd/sdp-trace/packet_cli.go:17.41,20.3 2 0
github.com/fall_out_bug/sdp-trace/cmd/sdp-trace/packet_cli.go:22.2,22.60 1 1
github.com/fall_out_bug/sdp-trace/cmd/sdp-trace/packet_cli.go:22.60,24.3 1 0
github.com/fall_out_bug/sdp-trace/cmd/sdp-trace/packet_cli.go:26.2,26.22 1 1
github.com/fall_out_bug/sdp-trace/cmd/sdp-trace/packet_cli.go:29.82,30.63 1 1
github.com/fall_out_bug/sdp-trace/cmd/sdp-trace/packet_cli.go:30.63,34.3 2 0
github.com/fall_out_bug/sdp-trace/cmd/sdp-trace/packet_cli.go:35.2,36.10 2 1
github.com/fall_out_bug/sdp-trace/cmd/sdp-trace/packet_render_cli.go:10.67,12.9 2 1
github.com/fall_out_bug/sdp-trace/cmd/sdp-trace/packet_render_cli.go:12.9,14.3 1 0
github.com/fall_out_bug/sdp-trace/cmd/sdp-trace/packet_render_cli.go:16.2,17.16 2 1
github.com/fall_out_bug/sdp-trace/cmd/sdp-trace/packet_render_cli.go:17.16,20.3 2 0
github.com/fall_out_bug/sdp-trace/cmd/sdp-trace/packet_render_cli.go:22.2,22.79 1 1
github.com/fall_out_bug/sdp-trace/cmd/sdp-trace/packet_render_cli.go:25.68,27.16 2 1
github.com/fall_out_bug/sdp-trace/cmd/sdp-trace/packet_render_cli.go:27.16,30.3 1 0
github.com/fall_out_bug/sdp-trace/cmd/sdp-trace/packet_render_cli.go:31.2,32.16 2 1
github.com/fall_out_bug/sdp-trace/cmd/sdp-trace/packet_render_cli.go:32.16,35.3 1 0
github.com/fall_out_bug/sdp-trace/cmd/sdp-trace/packet_render_cli.go:36.2,36.22 1 1
github.com/fall_out_bug/sdp-trace/cmd/sdp-trace/packet_render_cli.go:39.86,41.2 1 1
github.com/fall_out_bug/sdp-trace/cmd/sdp-trace/packet_validate_cli.go:11.69,15.41 3 1
github.com/fall_out_bug/sdp-trace/cmd/sdp-trace/packet_validate_cli.go:15.41,18.3 2 0
github.com/fall_out_bug/sdp-trace/cmd/sdp-trace/packet_validate_cli.go:20.2,20.104 1 1
github.com/fall_out_bug/sdp-trace/cmd/sdp-trace/packet_validate_cli.go:20.104,22.3 1 0
github.com/fall_out_bug/sdp-trace/cmd/sdp-trace/packet_validate_cli.go:25.2,26.16 2 1
github.com/fall_out_bug/sdp-trace/cmd/sdp-trace/packet_validate_cli.go:26.16,30.3 2 0
github.com/fall_out_bug/sdp-trace/cmd/sdp-trace/packet_validate_cli.go:32.2,37.37 3 1
github.com/fall_out_bug/sdp-trace/cmd/sdp-trace/packet_validate_cli.go:40.70,44.41 3 1
github.com/fall_out_bug/sdp-trace/cmd/sdp-trace/packet_validate_cli.go:44.41,47.3 2 0
github.com/fall_out_bug/sdp-trace/cmd/sdp-trace/packet_validate_cli.go:49.2,49.107 1 1
github.com/fall_out_bug/sdp-trace/cmd/sdp-trace/packet_validate_cli.go:49.107,51.3 1 0
github.com/fall_out_bug/sdp-trace/cmd/sdp-trace/packet_validate_cli.go:54.2,55.16 2 1
github.com/fall_out_bug/sdp-trace/cmd/sdp-trace/packet_validate_cli.go:55.16,59.3 2 0
github.com/fall_out_bug/sdp-trace/cmd/sdp-trace/packet_validate_cli.go:61.2,66.35 3 1
github.com/fall_out_bug/sdp-trace/cmd/sdp-trace/pr_review_039_run.go:8.82,10.2 1 1
github.com/fall_out_bug/sdp-trace/cmd/sdp-trace/pr_review_098_runpacket.go:8.69,10.9 2 1
github.com/fall_out_bug/sdp-trace/cmd/sdp-trace/pr_review_098_runpacket.go:10.9,12.3 1 1
github.com/fall_out_bug/sdp-trace/cmd/sdp-trace/pr_review_098_runpacket.go:15.2,16.16 2 1
github.com/fall_out_bug/sdp-trace/cmd/sdp-trace/pr_review_098_runpacket.go:16.16,19.3 2 0
github.com/fall_out_bug/sdp-trace/cmd/sdp-trace/pr_review_098_runpacket.go:20.2,21.10 2 1
github.com/fall_out_bug/sdp-trace/cmd/sdp-trace/pr_review_099_parsepacketargs.go:8.85,11.41 3 1
github.com/fall_out_bug/sdp-trace/cmd/sdp-trace/pr_review_099_parsepacketargs.go:11.41,16.3 2 0
github.com/fall_out_bug/sdp-trace/cmd/sdp-trace/pr_review_099_parsepacketargs.go:17.2,17.69 1 1
github.com/fall_out_bug/sdp-trace/cmd/sdp-trace/pr_review_099_parsepacketargs.go:17.69,20.3 1 1
github.com/fall_out_bug/sdp-trace/cmd/sdp-trace/pr_review_099_parsepacketargs.go:21.2,21.58 1 1
github.com/fall_out_bug/sdp-trace/cmd/sdp-trace/pr_review_099_parsepacketargs.go:21.58,26.3 2 1
github.com/fall_out_bug/sdp-trace/cmd/sdp-trace/pr_review_099_parsepacketargs.go:27.2,27.22 1 1
github.com/fall_out_bug/sdp-trace/cmd/sdp-trace/pr_review_100_registerpacketflags.go:3.49,6.49 1 1
github.com/fall_out_bug/sdp-trace/cmd/sdp-trace/pr_review_100_registerpacketflags.go:6.49,8.3 1 1
github.com/fall_out_bug/sdp-trace/cmd/sdp-trace/pr_review_101_buildpacket.go:7.81,13.2 1 1
github.com/fall_out_bug/sdp-trace/cmd/sdp-trace/pr_review_102_packetoptions.go:7.96,14.2 4 1
github.com/fall_out_bug/sdp-trace/cmd/sdp-trace/pr_review_103_fillpacketidentity.go:7.81,19.2 6 1
github.com/fall_out_bug/sdp-trace/cmd/sdp-trace/pr_review_104_fillpacketevidence.go:7.96,16.2 4 1
github.com/fall_out_bug/sdp-trace/cmd/sdp-trace/pr_review_105_runrun.go:8.66,10.9 2 1
github.com/fall_out_bug/sdp-trace/cmd/sdp-trace/pr_review_105_runrun.go:10.9,12.3 1 0
github.com/fall_out_bug/sdp-trace/cmd/sdp-trace/pr_review_105_runrun.go:15.2,16.16 2 1
github.com/fall_out_bug/sdp-trace/cmd/sdp-trace/pr_review_105_runrun.go:16.16,19.3 2 0
github.com/fall_out_bug/sdp-trace/cmd/sdp-trace/pr_review_105_runrun.go:20.2,21.10 2 1
github.com/fall_out_bug/sdp-trace/cmd/sdp-trace/pr_review_106_executerun.go:7.102,9.16 2 1
github.com/fall_out_bug/sdp-trace/cmd/sdp-trace/pr_review_106_executerun.go:9.16,11.3 1 0
github.com/fall_out_bug/sdp-trace/cmd/sdp-trace/pr_review_106_executerun.go:14.2,14.71 1 1
github.com/fall_out_bug/sdp-trace/cmd/sdp-trace/pr_review_106_executerun.go:14.71,16.3 1 0
github.com/fall_out_bug/sdp-trace/cmd/sdp-trace/pr_review_106_executerun.go:19.2,24.4 1 1
github.com/fall_out_bug/sdp-trace/cmd/sdp-trace/pr_review_107_writerunoutput.go:9.99,10.20 1 1
github.com/fall_out_bug/sdp-trace/cmd/sdp-trace/pr_review_107_writerunoutput.go:10.20,15.3 2 1
github.com/fall_out_bug/sdp-trace/cmd/sdp-trace/pr_review_107_writerunoutput.go:16.2,16.36 1 0
github.com/fall_out_bug/sdp-trace/cmd/sdp-trace/pr_review_108_parserunargs.go:8.82,21.41 8 1
github.com/fall_out_bug/sdp-trace/cmd/sdp-trace/pr_review_108_parserunargs.go:21.41,24.3 2 0
github.com/fall_out_bug/sdp-trace/cmd/sdp-trace/pr_review_108_parserunargs.go:25.2,25.66 1 1
github.com/fall_out_bug/sdp-trace/cmd/sdp-trace/pr_review_108_parserunargs.go:25.66,27.3 1 0
github.com/fall_out_bug/sdp-trace/cmd/sdp-trace/pr_review_108_parserunargs.go:30.2,30.22 1 1
github.com/fall_out_bug/sdp-trace/cmd/sdp-trace/pr_review_109_runsynthesize.go:10.73,14.9 2 1
github.com/fall_out_bug/sdp-trace/cmd/sdp-trace/pr_review_109_runsynthesize.go:14.9,16.3 1 0
github.com/fall_out_bug/sdp-trace/cmd/sdp-trace/pr_review_109_runsynthesize.go:19.2,20.16 2 1
github.com/fall_out_bug/sdp-trace/cmd/sdp-trace/pr_review_109_runsynthesize.go:20.16,23.3 2 0
github.com/fall_out_bug/sdp-trace/cmd/sdp-trace/pr_review_109_runsynthesize.go:26.2,27.76 2 1
github.com/fall_out_bug/sdp-trace/cmd/sdp-trace/pr_review_109_runsynthesize.go:27.76,31.3 2 0
github.com/fall_out_bug/sdp-trace/cmd/sdp-trace/pr_review_109_runsynthesize.go:33.2,34.10 2 1
github.com/fall_out_bug/sdp-trace/cmd/sdp-trace/pr_review_110_parsesynthesizeargs.go:8.89,18.41 6 1
github.com/fall_out_bug/sdp-trace/cmd/sdp-trace/pr_review_110_parsesynthesizeargs.go:18.41,22.3 2 0
github.com/fall_out_bug/sdp-trace/cmd/sdp-trace/pr_review_110_parsesynthesizeargs.go:23.2,23.73 1 1
github.com/fall_out_bug/sdp-trace/cmd/sdp-trace/pr_review_110_parsesynthesizeargs.go:23.73,26.3 1 0
github.com/fall_out_bug/sdp-trace/cmd/sdp-trace/pr_review_110_parsesynthesizeargs.go:29.2,29.91 1 1
github.com/fall_out_bug/sdp-trace/cmd/sdp-trace/pr_review_110_parsesynthesizeargs.go:29.91,34.3 2 0
github.com/fall_out_bug/sdp-trace/cmd/sdp-trace/pr_review_110_parsesynthesizeargs.go:35.2,35.22 1 1
github.com/fall_out_bug/sdp-trace/cmd/sdp-trace/pr_review_112_readsynthesisinputs.go:7.82,9.16 2 1
github.com/fall_out_bug/sdp-trace/cmd/sdp-trace/pr_review_112_readsynthesisinputs.go:9.16,11.3 1 0
github.com/fall_out_bug/sdp-trace/cmd/sdp-trace/pr_review_112_readsynthesisinputs.go:14.2,15.16 2 1
github.com/fall_out_bug/sdp-trace/cmd/sdp-trace/pr_review_112_readsynthesisinputs.go:15.16,17.3 1 0
github.com/fall_out_bug/sdp-trace/cmd/sdp-trace/pr_review_112_readsynthesisinputs.go:18.2,19.16 2 1
github.com/fall_out_bug/sdp-trace/cmd/sdp-trace/pr_review_112_readsynthesisinputs.go:19.16,21.3 1 0
github.com/fall_out_bug/sdp-trace/cmd/sdp-trace/pr_review_112_readsynthesisinputs.go:24.2,24.85 1 1
github.com/fall_out_bug/sdp-trace/cmd/sdp-trace/pr_review_113_readoptionalledger.go:7.72,8.16 1 1
github.com/fall_out_bug/sdp-trace/cmd/sdp-trace/pr_review_113_readoptionalledger.go:8.16,11.3 1 1
github.com/fall_out_bug/sdp-trace/cmd/sdp-trace/pr_review_113_readoptionalledger.go:12.2,12.41 1 0
github.com/fall_out_bug/sdp-trace/cmd/sdp-trace/pr_review_114_readexistingledger.go:7.72,9.16 2 1
github.com/fall_out_bug/sdp-trace/cmd/sdp-trace/pr_review_114_readexistingledger.go:9.16,11.3 1 1
github.com/fall_out_bug/sdp-trace/cmd/sdp-trace/pr_review_114_readexistingledger.go:13.2,13.21 1 0
github.com/fall_out_bug/sdp-trace/cmd/sdp-trace/pr_review_115_runvalidate.go:10.71,14.9 2 1
github.com/fall_out_bug/sdp-trace/cmd/sdp-trace/pr_review_115_runvalidate.go:14.9,16.3 1 0
github.com/fall_out_bug/sdp-trace/cmd/sdp-trace/pr_review_115_runvalidate.go:19.2,20.16 2 1
github.com/fall_out_bug/sdp-trace/cmd/sdp-trace/pr_review_115_runvalidate.go:20.16,23.3 2 0
github.com/fall_out_bug/sdp-trace/cmd/sdp-trace/pr_review_115_runvalidate.go:26.2,27.80 2 1
github.com/fall_out_bug/sdp-trace/cmd/sdp-trace/pr_review_115_runvalidate.go:27.80,31.3 2 0
github.com/fall_out_bug/sdp-trace/cmd/sdp-trace/pr_review_115_runvalidate.go:33.2,34.50 2 1
github.com/fall_out_bug/sdp-trace/cmd/sdp-trace/pr_review_116_parsevalidateargs.go:8.87,22.41 7 1
github.com/fall_out_bug/sdp-trace/cmd/sdp-trace/pr_review_116_parsevalidateargs.go:22.41,26.3 2 0
github.com/fall_out_bug/sdp-trace/cmd/sdp-trace/pr_review_116_parsevalidateargs.go:29.2,29.71 1 1
github.com/fall_out_bug/sdp-trace/cmd/sdp-trace/pr_review_116_parsevalidateargs.go:29.71,32.3 1 0
github.com/fall_out_bug/sdp-trace/cmd/sdp-trace/pr_review_116_parsevalidateargs.go:35.2,35.89 1 1
github.com/fall_out_bug/sdp-trace/cmd/sdp-trace/pr_review_116_parsevalidateargs.go:35.89,39.3 2 0
github.com/fall_out_bug/sdp-trace/cmd/sdp-trace/pr_review_116_parsevalidateargs.go:40.2,40.22 1 1
github.com/fall_out_bug/sdp-trace/cmd/sdp-trace/pr_review_117_validationcliexitcode.go:7.72,8.47 1 1
github.com/fall_out_bug/sdp-trace/cmd/sdp-trace/pr_review_117_validationcliexitcode.go:8.47,11.3 1 1
github.com/fall_out_bug/sdp-trace/cmd/sdp-trace/pr_review_117_validationcliexitcode.go:13.2,13.10 1 1
github.com/fall_out_bug/sdp-trace/cmd/sdp-trace/pr_review_119_readvalidationinputs.go:7.84,9.16 2 1
github.com/fall_out_bug/sdp-trace/cmd/sdp-trace/pr_review_119_readvalidationinputs.go:9.16,11.3 1 0
github.com/fall_out_bug/sdp-trace/cmd/sdp-trace/pr_review_119_readvalidationinputs.go:14.2,15.16 2 1
github.com/fall_out_bug/sdp-trace/cmd/sdp-trace/pr_review_119_readvalidationinputs.go:15.16,17.3 1 0
github.com/fall_out_bug/sdp-trace/cmd/sdp-trace/pr_review_119_readvalidationinputs.go:18.2,18.100 1 1
github.com/fall_out_bug/sdp-trace/cmd/sdp-trace/pr_review_120_readvalidationartifacts.go:7.119,9.16 2 1
github.com/fall_out_bug/sdp-trace/cmd/sdp-trace/pr_review_120_readvalidationartifacts.go:9.16,11.3 1 0
github.com/fall_out_bug/sdp-trace/cmd/sdp-trace/pr_review_120_readvalidationartifacts.go:14.2,15.16 2 1
github.com/fall_out_bug/sdp-trace/cmd/sdp-trace/pr_review_120_readvalidationartifacts.go:15.16,17.3 1 0
github.com/fall_out_bug/sdp-trace/cmd/sdp-trace/pr_review_120_readvalidationartifacts.go:19.2,20.35 2 1
github.com/fall_out_bug/sdp-trace/cmd/sdp-trace/pr_review_121_runsummarize.go:10.72,13.9 2 1
github.com/fall_out_bug/sdp-trace/cmd/sdp-trace/pr_review_121_runsummarize.go:13.9,15.3 1 0
github.com/fall_out_bug/sdp-trace/cmd/sdp-trace/pr_review_121_runsummarize.go:18.2,19.16 2 1
github.com/fall_out_bug/sdp-trace/cmd/sdp-trace/pr_review_121_runsummarize.go:19.16,22.3 2 0
github.com/fall_out_bug/sdp-trace/cmd/sdp-trace/pr_review_121_runsummarize.go:23.2,24.93 2 1
github.com/fall_out_bug/sdp-trace/cmd/sdp-trace/pr_review_121_runsummarize.go:24.93,26.3 1 0
github.com/fall_out_bug/sdp-trace/cmd/sdp-trace/pr_review_121_runsummarize.go:29.2,30.10 2 1
github.com/fall_out_bug/sdp-trace/cmd/sdp-trace/pr_review_122_readsummaryinputs.go:7.93,9.16 2 1
github.com/fall_out_bug/sdp-trace/cmd/sdp-trace/pr_review_122_readsummaryinputs.go:9.16,11.3 1 0
github.com/fall_out_bug/sdp-trace/cmd/sdp-trace/pr_review_122_readsummaryinputs.go:14.2,15.32 2 1
github.com/fall_out_bug/sdp-trace/cmd/sdp-trace/pr_review_123_writeoptionalsummary.go:7.87,8.16 1 1
github.com/fall_out_bug/sdp-trace/cmd/sdp-trace/pr_review_123_writeoptionalsummary.go:8.16,12.3 1 1
github.com/fall_out_bug/sdp-trace/cmd/sdp-trace/pr_review_123_writeoptionalsummary.go:13.2,13.56 1 0
github.com/fall_out_bug/sdp-trace/cmd/sdp-trace/pr_review_124_writesummaryfile.go:9.83,10.49 1 1
github.com/fall_out_bug/sdp-trace/cmd/sdp-trace/pr_review_124_writesummaryfile.go:10.49,13.3 2 1
github.com/fall_out_bug/sdp-trace/cmd/sdp-trace/pr_review_124_writesummaryfile.go:16.2,16.67 1 0
github.com/fall_out_bug/sdp-trace/cmd/sdp-trace/pr_review_124_writesummaryfile.go:16.67,19.3 2 0
github.com/fall_out_bug/sdp-trace/cmd/sdp-trace/pr_review_124_writesummaryfile.go:20.2,20.16 1 0
github.com/fall_out_bug/sdp-trace/cmd/sdp-trace/pr_review_125_parsesummarizeargs.go:8.88,15.41 5 1
github.com/fall_out_bug/sdp-trace/cmd/sdp-trace/pr_review_125_parsesummarizeargs.go:15.41,18.3 2 0
github.com/fall_out_bug/sdp-trace/cmd/sdp-trace/pr_review_125_parsesummarizeargs.go:19.2,19.72 1 1
github.com/fall_out_bug/sdp-trace/cmd/sdp-trace/pr_review_125_parsesummarizeargs.go:19.72,21.3 1 0
github.com/fall_out_bug/sdp-trace/cmd/sdp-trace/pr_review_125_parsesummarizeargs.go:24.2,24.22 1 1
github.com/fall_out_bug/sdp-trace/cmd/sdp-trace/pr_review_126_runcheck.go:7.68,9.9 2 1
github.com/fall_out_bug/sdp-trace/cmd/sdp-trace/pr_review_126_runcheck.go:9.9,11.3 1 1
github.com/fall_out_bug/sdp-trace/cmd/sdp-trace/pr_review_126_runcheck.go:14.2,15.9 2 1
github.com/fall_out_bug/sdp-trace/cmd/sdp-trace/pr_review_126_runcheck.go:15.9,17.3 1 1
github.com/fall_out_bug/sdp-trace/cmd/sdp-trace/pr_review_126_runcheck.go:18.2,19.9 2 1
github.com/fall_out_bug/sdp-trace/cmd/sdp-trace/pr_review_126_runcheck.go:19.9,21.3 1 0
github.com/fall_out_bug/sdp-trace/cmd/sdp-trace/pr_review_126_runcheck.go:24.2,24.101 1 1
github.com/fall_out_bug/sdp-trace/cmd/sdp-trace/pr_review_127_parsecheckargs.go:8.84,11.41 3 1
github.com/fall_out_bug/sdp-trace/cmd/sdp-trace/pr_review_127_parsecheckargs.go:11.41,15.3 2 0
github.com/fall_out_bug/sdp-trace/cmd/sdp-trace/pr_review_127_parsecheckargs.go:16.2,16.68 1 1
github.com/fall_out_bug/sdp-trace/cmd/sdp-trace/pr_review_127_parsecheckargs.go:16.68,19.3 1 0
github.com/fall_out_bug/sdp-trace/cmd/sdp-trace/pr_review_127_parsecheckargs.go:22.2,22.57 1 1
github.com/fall_out_bug/sdp-trace/cmd/sdp-trace/pr_review_127_parsecheckargs.go:22.57,26.3 2 1
github.com/fall_out_bug/sdp-trace/cmd/sdp-trace/pr_review_127_parsecheckargs.go:29.2,29.22 1 1
github.com/fall_out_bug/sdp-trace/cmd/sdp-trace/pr_review_128_registercheckflags.go:3.48,14.2 5 1
github.com/fall_out_bug/sdp-trace/cmd/sdp-trace/pr_review_129_requirecheckinputs.go:8.54,10.37 2 1
github.com/fall_out_bug/sdp-trace/cmd/sdp-trace/pr_review_129_requirecheckinputs.go:10.37,14.3 1 1
github.com/fall_out_bug/sdp-trace/cmd/sdp-trace/pr_review_129_requirecheckinputs.go:15.2,15.42 1 1
github.com/fall_out_bug/sdp-trace/cmd/sdp-trace/pr_review_130_preparecheck.go:11.128,16.16 3 1
github.com/fall_out_bug/sdp-trace/cmd/sdp-trace/pr_review_130_preparecheck.go:16.16,21.3 2 0
github.com/fall_out_bug/sdp-trace/cmd/sdp-trace/pr_review_130_preparecheck.go:24.2,25.16 2 1
github.com/fall_out_bug/sdp-trace/cmd/sdp-trace/pr_review_130_preparecheck.go:25.16,29.3 2 0
github.com/fall_out_bug/sdp-trace/cmd/sdp-trace/pr_review_130_preparecheck.go:30.2,30.71 1 1
github.com/fall_out_bug/sdp-trace/cmd/sdp-trace/pr_review_130_preparecheck.go:30.71,34.3 2 1
github.com/fall_out_bug/sdp-trace/cmd/sdp-trace/pr_review_130_preparecheck.go:38.2,38.33 1 1
github.com/fall_out_bug/sdp-trace/cmd/sdp-trace/pr_review_131_executecheck.go:11.182,21.16 3 1
github.com/fall_out_bug/sdp-trace/cmd/sdp-trace/pr_review_131_executecheck.go:21.16,26.3 2 0
github.com/fall_out_bug/sdp-trace/cmd/sdp-trace/pr_review_131_executecheck.go:27.2,27.31 1 1
github.com/fall_out_bug/sdp-trace/cmd/sdp-trace/pr_review_132_finishcheck.go:10.179,11.48 1 1
github.com/fall_out_bug/sdp-trace/cmd/sdp-trace/pr_review_132_finishcheck.go:11.48,13.3 1 1
github.com/fall_out_bug/sdp-trace/cmd/sdp-trace/pr_review_132_finishcheck.go:16.2,17.9 2 1
github.com/fall_out_bug/sdp-trace/cmd/sdp-trace/pr_review_132_finishcheck.go:17.9,19.3 1 0
github.com/fall_out_bug/sdp-trace/cmd/sdp-trace/pr_review_132_finishcheck.go:20.2,21.41 2 1
github.com/fall_out_bug/sdp-trace/cmd/sdp-trace/pr_review_133_writecheckpreview.go:9.85,10.20 1 1
github.com/fall_out_bug/sdp-trace/cmd/sdp-trace/pr_review_133_writecheckpreview.go:10.20,12.3 1 1
github.com/fall_out_bug/sdp-trace/cmd/sdp-trace/pr_review_133_writecheckpreview.go:15.2,16.13 2 1
github.com/fall_out_bug/sdp-trace/cmd/sdp-trace/pr_review_134_writecheckartifacts.go:10.195,11.85 1 1
github.com/fall_out_bug/sdp-trace/cmd/sdp-trace/pr_review_134_writecheckartifacts.go:11.85,14.3 1 0
github.com/fall_out_bug/sdp-trace/cmd/sdp-trace/pr_review_134_writecheckartifacts.go:17.2,19.78 3 1
github.com/fall_out_bug/sdp-trace/cmd/sdp-trace/pr_review_134_writecheckartifacts.go:19.78,21.3 1 0
github.com/fall_out_bug/sdp-trace/cmd/sdp-trace/pr_review_134_writecheckartifacts.go:24.2,24.86 1 1
github.com/fall_out_bug/sdp-trace/cmd/sdp-trace/pr_review_134_writecheckartifacts.go:24.86,26.3 1 0
github.com/fall_out_bug/sdp-trace/cmd/sdp-trace/pr_review_134_writecheckartifacts.go:27.2,27.36 1 1
github.com/fall_out_bug/sdp-trace/cmd/sdp-trace/pr_review_135_writejson.go:10.71,11.56 1 1
github.com/fall_out_bug/sdp-trace/cmd/sdp-trace/pr_review_135_writejson.go:11.56,15.3 2 0
github.com/fall_out_bug/sdp-trace/cmd/sdp-trace/pr_review_135_writejson.go:16.2,16.13 1 1
github.com/fall_out_bug/sdp-trace/cmd/sdp-trace/pr_review_136_validationexit.go:7.63,8.47 1 1
github.com/fall_out_bug/sdp-trace/cmd/sdp-trace/pr_review_136_validationexit.go:8.47,11.3 1 0
github.com/fall_out_bug/sdp-trace/cmd/sdp-trace/pr_review_136_validationexit.go:12.2,12.10 1 1
github.com/fall_out_bug/sdp-trace/cmd/sdp-trace/pr_review_137_writeindentedpayload.go:9.56,13.2 2 1
github.com/fall_out_bug/sdp-trace/cmd/sdp-trace/pr_review_138_requirepacketinputs.go:8.55,9.51 1 1
github.com/fall_out_bug/sdp-trace/cmd/sdp-trace/pr_review_138_requirepacketinputs.go:9.51,10.59 1 1
github.com/fall_out_bug/sdp-trace/cmd/sdp-trace/pr_review_138_requirepacketinputs.go:10.59,13.4 1 1
github.com/fall_out_bug/sdp-trace/cmd/sdp-trace/pr_review_138_requirepacketinputs.go:15.2,15.12 1 1
github.com/fall_out_bug/sdp-trace/cmd/sdp-trace/pr_review_139_filehelpers.go:10.52,11.35 1 1
github.com/fall_out_bug/sdp-trace/cmd/sdp-trace/pr_review_139_filehelpers.go:11.35,15.3 1 0
github.com/fall_out_bug/sdp-trace/cmd/sdp-trace/pr_review_139_filehelpers.go:16.2,16.33 1 1
github.com/fall_out_bug/sdp-trace/cmd/sdp-trace/pr_review_139_filehelpers.go:19.44,21.16 2 1
github.com/fall_out_bug/sdp-trace/cmd/sdp-trace/pr_review_139_filehelpers.go:21.16,22.19 1 1
github.com/fall_out_bug/sdp-trace/cmd/sdp-trace/pr_review_139_filehelpers.go:22.19,25.4 1 1
github.com/fall_out_bug/sdp-trace/cmd/sdp-trace/pr_review_139_filehelpers.go:26.3,26.52 1 0
github.com/fall_out_bug/sdp-trace/cmd/sdp-trace/pr_review_139_filehelpers.go:28.2,28.36 1 1
github.com/fall_out_bug/sdp-trace/cmd/sdp-trace/pr_review_139_filehelpers.go:28.36,31.3 1 1
github.com/fall_out_bug/sdp-trace/cmd/sdp-trace/pr_review_139_filehelpers.go:32.2,32.12 1 0
github.com/fall_out_bug/sdp-trace/cmd/sdp-trace/pr_review_139_filehelpers.go:35.42,37.16 2 1
github.com/fall_out_bug/sdp-trace/cmd/sdp-trace/pr_review_139_filehelpers.go:37.16,39.3 1 1
github.com/fall_out_bug/sdp-trace/cmd/sdp-trace/pr_review_139_filehelpers.go:40.2,40.19 1 1
github.com/fall_out_bug/sdp-trace/cmd/sdp-trace/pr_review_139_filehelpers.go:40.19,43.3 1 1
github.com/fall_out_bug/sdp-trace/cmd/sdp-trace/pr_review_139_filehelpers.go:44.2,44.12 1 1
github.com/fall_out_bug/sdp-trace/cmd/sdp-trace/pr_review_142_exitcodes.go:7.67,9.2 1 1
github.com/fall_out_bug/sdp-trace/cmd/sdp-trace/pr_review_144_readpacketandprofile.go:10.116,12.16 2 1
github.com/fall_out_bug/sdp-trace/cmd/sdp-trace/pr_review_144_readpacketandprofile.go:12.16,16.3 2 1
github.com/fall_out_bug/sdp-trace/cmd/sdp-trace/pr_review_144_readpacketandprofile.go:17.2,17.30 1 0
github.com/fall_out_bug/sdp-trace/cmd/sdp-trace/pr_review_145_readpacketandprofilevalues.go:7.105,9.16 2 1
github.com/fall_out_bug/sdp-trace/cmd/sdp-trace/pr_review_145_readpacketandprofilevalues.go:9.16,11.3 1 1
github.com/fall_out_bug/sdp-trace/cmd/sdp-trace/pr_review_145_readpacketandprofilevalues.go:13.2,14.16 2 1
github.com/fall_out_bug/sdp-trace/cmd/sdp-trace/pr_review_145_readpacketandprofilevalues.go:14.16,17.3 1 0
github.com/fall_out_bug/sdp-trace/cmd/sdp-trace/pr_review_145_readpacketandprofilevalues.go:18.2,18.29 1 1
github.com/fall_out_bug/sdp-trace/cmd/sdp-trace/pr_review_146_repeatedflagvalues.go:7.77,10.33 3 1
github.com/fall_out_bug/sdp-trace/cmd/sdp-trace/pr_review_146_repeatedflagvalues.go:10.33,13.3 1 1
github.com/fall_out_bug/sdp-trace/cmd/sdp-trace/pr_review_146_repeatedflagvalues.go:14.2,14.65 1 1
github.com/fall_out_bug/sdp-trace/cmd/sdp-trace/pr_review_146_repeatedflagvalues.go:14.65,17.3 1 0
github.com/fall_out_bug/sdp-trace/cmd/sdp-trace/pr_review_146_repeatedflagvalues.go:18.2,18.15 1 1
github.com/fall_out_bug/sdp-trace/cmd/sdp-trace/pr_review_147_appendrepeatedflagvalue.go:7.105,9.36 2 1
github.com/fall_out_bug/sdp-trace/cmd/sdp-trace/pr_review_147_appendrepeatedflagvalue.go:9.36,12.3 1 0
github.com/fall_out_bug/sdp-trace/cmd/sdp-trace/pr_review_147_appendrepeatedflagvalue.go:13.2,13.40 1 1
github.com/fall_out_bug/sdp-trace/cmd/sdp-trace/pr_review_147_appendrepeatedflagvalue.go:13.40,16.3 1 1
github.com/fall_out_bug/sdp-trace/cmd/sdp-trace/pr_review_147_appendrepeatedflagvalue.go:17.2,17.18 1 1
github.com/fall_out_bug/sdp-trace/cmd/sdp-trace/pr_review_148_runnerset.go:7.56,9.31 2 1
github.com/fall_out_bug/sdp-trace/cmd/sdp-trace/pr_review_148_runnerset.go:9.31,11.3 1 1
github.com/fall_out_bug/sdp-trace/cmd/sdp-trace/pr_review_148_runnerset.go:13.2,13.16 1 1
github.com/fall_out_bug/sdp-trace/cmd/sdp-trace/pr_review_148_runnerset.go:16.67,17.49 1 1
github.com/fall_out_bug/sdp-trace/cmd/sdp-trace/pr_review_148_runnerset.go:17.49,21.3 1 1
github.com/fall_out_bug/sdp-trace/cmd/sdp-trace/pr_review_148_runnerset.go:24.65,26.16 2 1
github.com/fall_out_bug/sdp-trace/cmd/sdp-trace/pr_review_148_runnerset.go:26.16,30.3 1 1
github.com/fall_out_bug/sdp-trace/cmd/sdp-trace/query_430_runverify.go:12.80,14.9 2 1
github.com/fall_out_bug/sdp-trace/cmd/sdp-trace/query_430_runverify.go:14.9,16.3 1 0
github.com/fall_out_bug/sdp-trace/cmd/sdp-trace/query_430_runverify.go:20.2,21.96 2 1
github.com/fall_out_bug/sdp-trace/cmd/sdp-trace/query_430_runverify.go:21.96,24.3 2 0
github.com/fall_out_bug/sdp-trace/cmd/sdp-trace/query_430_runverify.go:27.2,29.16 3 1
github.com/fall_out_bug/sdp-trace/cmd/sdp-trace/query_430_runverify.go:29.16,33.3 1 0
github.com/fall_out_bug/sdp-trace/cmd/sdp-trace/query_430_runverify.go:34.2,34.46 1 1
github.com/fall_out_bug/sdp-trace/cmd/sdp-trace/query_431_parseverifyargs.go:8.75,9.20 1 1
github.com/fall_out_bug/sdp-trace/cmd/sdp-trace/query_431_parseverifyargs.go:9.20,13.3 2 0
github.com/fall_out_bug/sdp-trace/cmd/sdp-trace/query_431_parseverifyargs.go:14.2,15.32 2 1
github.com/fall_out_bug/sdp-trace/cmd/sdp-trace/query_431_parseverifyargs.go:15.32,20.3 2 0
github.com/fall_out_bug/sdp-trace/cmd/sdp-trace/query_431_parseverifyargs.go:21.2,21.24 1 1
github.com/fall_out_bug/sdp-trace/cmd/sdp-trace/query_432_existingdirectory.go:7.42,10.2 2 1
github.com/fall_out_bug/sdp-trace/cmd/sdp-trace/query_434_verifierresultexitcode.go:7.63,9.9 2 1
github.com/fall_out_bug/sdp-trace/cmd/sdp-trace/query_434_verifierresultexitcode.go:9.9,13.3 1 1
github.com/fall_out_bug/sdp-trace/cmd/sdp-trace/query_434_verifierresultexitcode.go:14.2,14.13 1 1
github.com/fall_out_bug/sdp-trace/cmd/sdp-trace/query_435_runexplain.go:11.81,12.20 1 1
github.com/fall_out_bug/sdp-trace/cmd/sdp-trace/query_435_runexplain.go:12.20,17.3 2 0
github.com/fall_out_bug/sdp-trace/cmd/sdp-trace/query_435_runexplain.go:18.2,22.16 3 1
github.com/fall_out_bug/sdp-trace/cmd/sdp-trace/query_435_runexplain.go:22.16,25.3 2 0
github.com/fall_out_bug/sdp-trace/cmd/sdp-trace/query_435_runexplain.go:26.2,27.10 2 1
github.com/fall_out_bug/sdp-trace/cmd/sdp-trace/query_436_runquery.go:9.79,14.41 3 1
github.com/fall_out_bug/sdp-trace/cmd/sdp-trace/query_436_runquery.go:14.41,17.3 1 0
github.com/fall_out_bug/sdp-trace/cmd/sdp-trace/query_436_runquery.go:18.2,20.23 3 1
github.com/fall_out_bug/sdp-trace/cmd/sdp-trace/query_436_runquery.go:20.23,24.3 2 0
github.com/fall_out_bug/sdp-trace/cmd/sdp-trace/query_436_runquery.go:27.2,28.9 2 1
github.com/fall_out_bug/sdp-trace/cmd/sdp-trace/query_436_runquery.go:28.9,30.3 1 0
github.com/fall_out_bug/sdp-trace/cmd/sdp-trace/query_436_runquery.go:33.2,34.10 2 1
github.com/fall_out_bug/sdp-trace/cmd/sdp-trace/query_437_runnamedquery.go:10.84,11.42 1 1
github.com/fall_out_bug/sdp-trace/cmd/sdp-trace/query_437_runnamedquery.go:11.42,14.3 1 1
github.com/fall_out_bug/sdp-trace/cmd/sdp-trace/query_437_runnamedquery.go:15.2,15.45 1 1
github.com/fall_out_bug/sdp-trace/cmd/sdp-trace/query_437_runnamedquery.go:15.45,19.3 2 1
github.com/fall_out_bug/sdp-trace/cmd/sdp-trace/query_437_runnamedquery.go:20.2,20.45 1 1
github.com/fall_out_bug/sdp-trace/cmd/sdp-trace/query_438_capturedepthquery.go:10.77,12.16 2 1
github.com/fall_out_bug/sdp-trace/cmd/sdp-trace/query_438_capturedepthquery.go:12.16,17.3 2 1
github.com/fall_out_bug/sdp-trace/cmd/sdp-trace/query_438_capturedepthquery.go:18.2,18.25 1 1
github.com/fall_out_bug/sdp-trace/cmd/sdp-trace/query_439_missingevidencequery.go:10.80,12.16 2 1
github.com/fall_out_bug/sdp-trace/cmd/sdp-trace/query_439_missingevidencequery.go:12.16,17.3 2 0
github.com/fall_out_bug/sdp-trace/cmd/sdp-trace/query_439_missingevidencequery.go:18.2,18.25 1 1
github.com/fall_out_bug/sdp-trace/cmd/sdp-trace/query_440_runquerypack.go:8.83,9.43 1 1
github.com/fall_out_bug/sdp-trace/cmd/sdp-trace/query_440_runquerypack.go:9.43,12.3 1 1
github.com/fall_out_bug/sdp-trace/cmd/sdp-trace/query_440_runquerypack.go:13.2,13.40 1 1
github.com/fall_out_bug/sdp-trace/cmd/sdp-trace/query_441_runquerypackbuild.go:8.61,10.16 2 1
github.com/fall_out_bug/sdp-trace/cmd/sdp-trace/query_441_runquerypackbuild.go:10.16,13.3 2 1
github.com/fall_out_bug/sdp-trace/cmd/sdp-trace/query_441_runquerypackbuild.go:14.2,14.55 1 1
github.com/fall_out_bug/sdp-trace/cmd/sdp-trace/query_441_runquerypackbuild.go:14.55,19.3 2 1
github.com/fall_out_bug/sdp-trace/cmd/sdp-trace/query_441_runquerypackbuild.go:22.2,23.16 2 1
github.com/fall_out_bug/sdp-trace/cmd/sdp-trace/query_441_runquerypackbuild.go:23.16,26.3 2 1
github.com/fall_out_bug/sdp-trace/cmd/sdp-trace/query_441_runquerypackbuild.go:27.2,27.10 1 1
github.com/fall_out_bug/sdp-trace/cmd/sdp-trace/query_442_writequerypackartifact.go:7.66,9.16 2 1
github.com/fall_out_bug/sdp-trace/cmd/sdp-trace/query_442_writequerypackartifact.go:9.16,12.3 1 0
github.com/fall_out_bug/sdp-trace/cmd/sdp-trace/query_442_writequerypackartifact.go:13.2,13.60 1 1
github.com/fall_out_bug/sdp-trace/cmd/sdp-trace/query_442_writequerypackartifact.go:13.60,16.3 1 1
github.com/fall_out_bug/sdp-trace/cmd/sdp-trace/query_442_writequerypackartifact.go:17.2,17.15 1 1
github.com/fall_out_bug/sdp-trace/cmd/sdp-trace/query_443_runquerypackexplain.go:10.71,12.16 2 1
github.com/fall_out_bug/sdp-trace/cmd/sdp-trace/query_443_runquerypackexplain.go:12.16,15.3 2 1
github.com/fall_out_bug/sdp-trace/cmd/sdp-trace/query_443_runquerypackexplain.go:18.2,19.16 2 1
github.com/fall_out_bug/sdp-trace/cmd/sdp-trace/query_443_runquerypackexplain.go:19.16,24.3 2 0
github.com/fall_out_bug/sdp-trace/cmd/sdp-trace/query_443_runquerypackexplain.go:25.2,25.63 1 1
github.com/fall_out_bug/sdp-trace/cmd/sdp-trace/query_443_runquerypackexplain.go:25.63,30.3 2 1
github.com/fall_out_bug/sdp-trace/cmd/sdp-trace/query_443_runquerypackexplain.go:31.2,32.10 2 1
github.com/fall_out_bug/sdp-trace/cmd/sdp-trace/query_446_parsequerypackargs.go:8.67,15.41 5 1
github.com/fall_out_bug/sdp-trace/cmd/sdp-trace/query_446_parsequerypackargs.go:15.41,17.3 1 0
github.com/fall_out_bug/sdp-trace/cmd/sdp-trace/query_446_parsequerypackargs.go:18.2,18.27 1 1
github.com/fall_out_bug/sdp-trace/cmd/sdp-trace/query_446_parsequerypackargs.go:18.27,22.3 1 1
github.com/fall_out_bug/sdp-trace/cmd/sdp-trace/query_446_parsequerypackargs.go:23.2,29.8 1 1
github.com/fall_out_bug/sdp-trace/cmd/sdp-trace/query_447_parsequerypackexplainargs.go:8.81,13.41 3 1
github.com/fall_out_bug/sdp-trace/cmd/sdp-trace/query_447_parsequerypackexplainargs.go:13.41,15.3 1 0
github.com/fall_out_bug/sdp-trace/cmd/sdp-trace/query_447_parsequerypackexplainargs.go:16.2,16.27 1 1
github.com/fall_out_bug/sdp-trace/cmd/sdp-trace/query_447_parsequerypackexplainargs.go:16.27,18.3 1 1
github.com/fall_out_bug/sdp-trace/cmd/sdp-trace/query_447_parsequerypackexplainargs.go:19.2,20.22 2 1
github.com/fall_out_bug/sdp-trace/cmd/sdp-trace/query_447_parsequerypackexplainargs.go:20.22,24.3 1 1
github.com/fall_out_bug/sdp-trace/cmd/sdp-trace/query_447_parsequerypackexplainargs.go:25.2,25.62 1 1
github.com/fall_out_bug/sdp-trace/cmd/sdp-trace/query_448_validatequerypackoptions.go:9.61,10.21 1 1
github.com/fall_out_bug/sdp-trace/cmd/sdp-trace/query_448_validatequerypackoptions.go:10.21,12.3 1 1
github.com/fall_out_bug/sdp-trace/cmd/sdp-trace/query_448_validatequerypackoptions.go:13.2,13.48 1 1
github.com/fall_out_bug/sdp-trace/cmd/sdp-trace/query_448_validatequerypackoptions.go:13.48,17.3 1 1
github.com/fall_out_bug/sdp-trace/cmd/sdp-trace/query_448_validatequerypackoptions.go:18.2,18.67 1 1
github.com/fall_out_bug/sdp-trace/cmd/sdp-trace/query_449_requirequerypackrequiredinputs.go:7.68,8.19 1 1
github.com/fall_out_bug/sdp-trace/cmd/sdp-trace/query_449_requirequerypackrequiredinputs.go:8.19,11.3 1 0
github.com/fall_out_bug/sdp-trace/cmd/sdp-trace/query_449_requirequerypackrequiredinputs.go:12.2,12.19 1 1
github.com/fall_out_bug/sdp-trace/cmd/sdp-trace/query_449_requirequerypackrequiredinputs.go:12.19,15.3 1 1
github.com/fall_out_bug/sdp-trace/cmd/sdp-trace/query_449_requirequerypackrequiredinputs.go:16.2,16.12 1 1
github.com/fall_out_bug/sdp-trace/cmd/sdp-trace/query_450_readquerypackresult.go:7.70,9.52 2 1
github.com/fall_out_bug/sdp-trace/cmd/sdp-trace/query_450_readquerypackresult.go:9.52,12.3 1 0
github.com/fall_out_bug/sdp-trace/cmd/sdp-trace/query_450_readquerypackresult.go:13.2,13.20 1 1
github.com/fall_out_bug/sdp-trace/cmd/sdp-trace/query_451_validatequerypackexplainresult.go:9.73,10.113 1 1
github.com/fall_out_bug/sdp-trace/cmd/sdp-trace/query_451_validatequerypackexplainresult.go:10.113,13.3 1 1
github.com/fall_out_bug/sdp-trace/cmd/sdp-trace/query_451_validatequerypackexplainresult.go:16.2,16.12 1 1
github.com/fall_out_bug/sdp-trace/cmd/sdp-trace/release_151_run.go:10.86,12.9 2 1
github.com/fall_out_bug/sdp-trace/cmd/sdp-trace/release_151_run.go:12.9,14.3 1 0
github.com/fall_out_bug/sdp-trace/cmd/sdp-trace/release_151_run.go:17.2,18.9 2 1
github.com/fall_out_bug/sdp-trace/cmd/sdp-trace/release_151_run.go:18.9,20.3 1 0
github.com/fall_out_bug/sdp-trace/cmd/sdp-trace/release_151_run.go:21.2,23.62 3 1
github.com/fall_out_bug/sdp-trace/cmd/sdp-trace/release_154_parseargs.go:8.83,14.41 4 1
github.com/fall_out_bug/sdp-trace/cmd/sdp-trace/release_154_parseargs.go:14.41,17.3 2 0
github.com/fall_out_bug/sdp-trace/cmd/sdp-trace/release_154_parseargs.go:18.2,18.100 1 1
github.com/fall_out_bug/sdp-trace/cmd/sdp-trace/release_154_parseargs.go:18.100,20.3 1 0
github.com/fall_out_bug/sdp-trace/cmd/sdp-trace/release_154_parseargs.go:21.2,21.22 1 1
github.com/fall_out_bug/sdp-trace/cmd/sdp-trace/release_155_flagsandexits.go:15.45,17.2 1 1
github.com/fall_out_bug/sdp-trace/cmd/sdp-trace/witness_374_run.go:9.81,11.9 2 1
github.com/fall_out_bug/sdp-trace/cmd/sdp-trace/witness_374_run.go:11.9,13.3 1 1
github.com/fall_out_bug/sdp-trace/cmd/sdp-trace/witness_374_run.go:16.2,17.16 2 1
github.com/fall_out_bug/sdp-trace/cmd/sdp-trace/witness_374_run.go:17.16,20.3 2 0
github.com/fall_out_bug/sdp-trace/cmd/sdp-trace/witness_374_run.go:21.2,21.49 1 1
github.com/fall_out_bug/sdp-trace/cmd/sdp-trace/witness_376_parseoptions.go:8.82,10.9 2 1
github.com/fall_out_bug/sdp-trace/cmd/sdp-trace/witness_376_parseoptions.go:10.9,12.3 1 0
github.com/fall_out_bug/sdp-trace/cmd/sdp-trace/witness_376_parseoptions.go:15.2,16.9 2 1
github.com/fall_out_bug/sdp-trace/cmd/sdp-trace/witness_376_parseoptions.go:16.9,19.3 2 1
github.com/fall_out_bug/sdp-trace/cmd/sdp-trace/witness_376_parseoptions.go:20.2,20.22 1 1
github.com/fall_out_bug/sdp-trace/cmd/sdp-trace/witness_377_parseflagset.go:8.76,21.41 11 1
github.com/fall_out_bug/sdp-trace/cmd/sdp-trace/witness_377_parseflagset.go:21.41,26.3 2 0
github.com/fall_out_bug/sdp-trace/cmd/sdp-trace/witness_377_parseflagset.go:29.2,29.19 1 1
github.com/fall_out_bug/sdp-trace/cmd/sdp-trace/witness_378_optionsfromflags.go:3.76,7.9 2 1
github.com/fall_out_bug/sdp-trace/cmd/sdp-trace/witness_378_optionsfromflags.go:7.9,9.3 1 1
github.com/fall_out_bug/sdp-trace/cmd/sdp-trace/witness_378_optionsfromflags.go:10.2,10.65 1 1
github.com/fall_out_bug/sdp-trace/cmd/sdp-trace/witness_380_requiredfieldsfromflags.go:3.90,7.9 2 1
github.com/fall_out_bug/sdp-trace/cmd/sdp-trace/witness_380_requiredfieldsfromflags.go:7.9,9.3 1 1
github.com/fall_out_bug/sdp-trace/cmd/sdp-trace/witness_380_requiredfieldsfromflags.go:10.2,10.46 1 1
github.com/fall_out_bug/sdp-trace/cmd/sdp-trace/witness_381_kindoutfromflags.go:3.98,5.9 2 1
github.com/fall_out_bug/sdp-trace/cmd/sdp-trace/witness_381_kindoutfromflags.go:5.9,7.3 1 1
github.com/fall_out_bug/sdp-trace/cmd/sdp-trace/witness_381_kindoutfromflags.go:10.2,11.9 2 1
github.com/fall_out_bug/sdp-trace/cmd/sdp-trace/witness_381_kindoutfromflags.go:11.9,13.3 1 1
github.com/fall_out_bug/sdp-trace/cmd/sdp-trace/witness_381_kindoutfromflags.go:16.2,16.62 1 1
github.com/fall_out_bug/sdp-trace/cmd/sdp-trace/witness_381_kindoutfromflags.go:16.62,18.3 1 1
github.com/fall_out_bug/sdp-trace/cmd/sdp-trace/witness_381_kindoutfromflags.go:19.2,19.78 1 1
github.com/fall_out_bug/sdp-trace/cmd/sdp-trace/witness_382_optionsfromrequiredfields.go:3.99,20.2 1 1
github.com/fall_out_bug/sdp-trace/cmd/sdp-trace/witness_384_kindfromflags.go:3.65,5.31 2 1
github.com/fall_out_bug/sdp-trace/cmd/sdp-trace/witness_384_kindfromflags.go:5.31,9.3 1 1
github.com/fall_out_bug/sdp-trace/cmd/sdp-trace/witness_384_kindfromflags.go:10.2,10.23 1 1
github.com/fall_out_bug/sdp-trace/cmd/sdp-trace/witness_385_outfromflags.go:3.64,5.15 2 1
github.com/fall_out_bug/sdp-trace/cmd/sdp-trace/witness_385_outfromflags.go:5.15,9.3 1 1
github.com/fall_out_bug/sdp-trace/cmd/sdp-trace/witness_385_outfromflags.go:10.2,10.22 1 1
github.com/fall_out_bug/sdp-trace/cmd/sdp-trace/witness_386_validatekindflags.go:8.74,12.22 2 1
github.com/fall_out_bug/sdp-trace/cmd/sdp-trace/witness_386_validatekindflags.go:12.22,14.3 1 1
github.com/fall_out_bug/sdp-trace/cmd/sdp-trace/witness_386_validatekindflags.go:15.2,15.17 1 1
github.com/fall_out_bug/sdp-trace/cmd/sdp-trace/witness_387_missingkindflags.go:7.67,8.37 1 1
github.com/fall_out_bug/sdp-trace/cmd/sdp-trace/witness_387_missingkindflags.go:8.37,11.3 1 1
github.com/fall_out_bug/sdp-trace/cmd/sdp-trace/witness_387_missingkindflags.go:12.2,12.38 1 1
github.com/fall_out_bug/sdp-trace/cmd/sdp-trace/witness_388_buildrecord.go:9.70,11.9 2 1
github.com/fall_out_bug/sdp-trace/cmd/sdp-trace/witness_388_buildrecord.go:11.9,15.3 1 1
github.com/fall_out_bug/sdp-trace/cmd/sdp-trace/witness_388_buildrecord.go:16.2,16.22 1 1
github.com/fall_out_bug/sdp-trace/cmd/sdp-trace/witness_389_builders.go:9.62,18.2 1 1
github.com/fall_out_bug/sdp-trace/cmd/sdp-trace/witness_391_buildgithubactions.go:7.77,9.2 1 1
github.com/fall_out_bug/sdp-trace/cmd/sdp-trace/witness_392_buildenvelope.go:7.72,13.2 1 1
github.com/fall_out_bug/sdp-trace/cmd/sdp-trace/witness_393_buildcustomerpki.go:7.75,17.2 1 0
github.com/fall_out_bug/sdp-trace/cmd/sdp-trace/witness_394_writerecordoutput.go:11.76,16.23 3 1
github.com/fall_out_bug/sdp-trace/cmd/sdp-trace/witness_394_writerecordoutput.go:17.61,20.26 1 1
github.com/fall_out_bug/sdp-trace/cmd/sdp-trace/witness_394_writerecordoutput.go:21.26,22.11 1 1
github.com/fall_out_bug/sdp-trace/cmd/sdp-trace/witness_394_writerecordoutput.go:23.10,24.11 1 1
github.com/fall_out_bug/sdp-trace/cmd/sdp-trace/witness_395_missingcustomerpkiflags.go:7.54,16.46 3 1
github.com/fall_out_bug/sdp-trace/cmd/sdp-trace/witness_395_missingcustomerpkiflags.go:16.46,20.3 1 1
github.com/fall_out_bug/sdp-trace/cmd/sdp-trace/witness_395_missingcustomerpkiflags.go:22.2,23.16 2 1
github.com/fall_out_bug/sdp-trace/cmd/sdp-trace/witness_396_appendmissingstringflags.go:7.101,8.35 1 1
github.com/fall_out_bug/sdp-trace/cmd/sdp-trace/witness_396_appendmissingstringflags.go:8.35,9.54 1 1
github.com/fall_out_bug/sdp-trace/cmd/sdp-trace/witness_396_appendmissingstringflags.go:9.54,12.4 1 1
github.com/fall_out_bug/sdp-trace/cmd/sdp-trace/witness_396_appendmissingstringflags.go:14.2,14.16 1 1
github.com/fall_out_bug/sdp-trace/cmd/sdp-trace/witness_397_missingcustomerpkipubliccredential.go:7.61,9.2 1 1
github.com/fall_out_bug/sdp-trace/cmd/sdp-trace/witness_398_allowedwitnesskind.go:7.43,8.14 1 1
github.com/fall_out_bug/sdp-trace/cmd/sdp-trace/witness_398_allowedwitnesskind.go:9.103,11.14 1 1
github.com/fall_out_bug/sdp-trace/cmd/sdp-trace/witness_398_allowedwitnesskind.go:12.10,13.15 1 1
github.com/fall_out_bug/sdp-trace/cmd/sdp-trace/wrap_399_run.go:8.80,9.18 1 1
github.com/fall_out_bug/sdp-trace/cmd/sdp-trace/wrap_399_run.go:9.18,12.3 2 0
github.com/fall_out_bug/sdp-trace/cmd/sdp-trace/wrap_399_run.go:15.2,16.9 2 1
github.com/fall_out_bug/sdp-trace/cmd/sdp-trace/wrap_399_run.go:16.9,18.3 1 0
github.com/fall_out_bug/sdp-trace/cmd/sdp-trace/wrap_399_run.go:19.2,19.66 1 1
github.com/fall_out_bug/sdp-trace/cmd/sdp-trace/wrap_400_runlegacyrecorder.go:10.112,21.2 2 1
github.com/fall_out_bug/sdp-trace/cmd/sdp-trace/wrap_401_parseargs.go:7.85,14.41 5 1
github.com/fall_out_bug/sdp-trace/cmd/sdp-trace/wrap_401_parseargs.go:14.41,16.3 1 0
github.com/fall_out_bug/sdp-trace/cmd/sdp-trace/wrap_401_parseargs.go:19.2,20.9 2 1
github.com/fall_out_bug/sdp-trace/cmd/sdp-trace/wrap_401_parseargs.go:20.9,22.3 1 0
github.com/fall_out_bug/sdp-trace/cmd/sdp-trace/wrap_401_parseargs.go:23.2,23.31 1 1
github.com/fall_out_bug/sdp-trace/cmd/sdp-trace/wrap_402_command.go:8.68,10.23 2 1
github.com/fall_out_bug/sdp-trace/cmd/sdp-trace/wrap_402_command.go:10.23,14.3 2 0
github.com/fall_out_bug/sdp-trace/cmd/sdp-trace/wrap_402_command.go:15.2,15.22 1 1
github.com/fall_out_bug/sdp-trace/cmd/sdp-trace/wrap_403_writerunresult.go:10.91,11.16 1 1
github.com/fall_out_bug/sdp-trace/cmd/sdp-trace/wrap_403_writerunresult.go:11.16,14.3 2 0
github.com/fall_out_bug/sdp-trace/cmd/sdp-trace/wrap_403_writerunresult.go:17.2,18.21 2 1
github.com/fall_out_bug/sdp-trace/cmd/sdp-trace/wrap_404_runwrappedcommand.go:8.90,9.18 1 1
github.com/fall_out_bug/sdp-trace/cmd/sdp-trace/wrap_404_runwrappedcommand.go:9.18,12.3 2 0
github.com/fall_out_bug/sdp-trace/cmd/sdp-trace/wrap_404_runwrappedcommand.go:13.2,14.9 2 1
github.com/fall_out_bug/sdp-trace/cmd/sdp-trace/wrap_404_runwrappedcommand.go:14.9,16.3 1 0
github.com/fall_out_bug/sdp-trace/cmd/sdp-trace/wrap_404_runwrappedcommand.go:19.2,19.60 1 1
github.com/fall_out_bug/sdp-trace/cmd/sdp-trace/wrap_405_runtaskrecorder.go:10.106,24.2 3 1
github.com/fall_out_bug/sdp-trace/cmd/sdp-trace/wrap_406_parsewrappedcommandargs.go:7.95,16.41 7 1
github.com/fall_out_bug/sdp-trace/cmd/sdp-trace/wrap_406_parsewrappedcommandargs.go:16.41,20.3 1 1
github.com/fall_out_bug/sdp-trace/cmd/sdp-trace/wrap_406_parsewrappedcommandargs.go:21.2,24.55 2 1
github.com/fall_out_bug/sdp-trace/cmd/sdp-trace/wrap_406_parsewrappedcommandargs.go:24.55,26.3 1 1
github.com/fall_out_bug/sdp-trace/cmd/sdp-trace/wrap_406_parsewrappedcommandargs.go:27.2,27.31 1 1
github.com/fall_out_bug/sdp-trace/cmd/sdp-trace/wrap_407_requirewrappedcommandargs.go:8.88,9.23 1 1
github.com/fall_out_bug/sdp-trace/cmd/sdp-trace/wrap_407_requirewrappedcommandargs.go:9.23,14.3 2 1
github.com/fall_out_bug/sdp-trace/cmd/sdp-trace/wrap_407_requirewrappedcommandargs.go:15.2,15.36 1 1
github.com/fall_out_bug/sdp-trace/cmd/sdp-trace/wrap_407_requirewrappedcommandargs.go:15.36,19.3 2 1
github.com/fall_out_bug/sdp-trace/cmd/sdp-trace/wrap_407_requirewrappedcommandargs.go:20.2,20.35 1 1
github.com/fall_out_bug/sdp-trace/cmd/sdp-trace/wrap_407_requirewrappedcommandargs.go:20.35,25.3 2 1
github.com/fall_out_bug/sdp-trace/cmd/sdp-trace/wrap_407_requirewrappedcommandargs.go:26.2,26.13 1 1
github.com/fall_out_bug/sdp-trace/cmd/sdp-trace/wrap_408_missingrequiredcontract.go:3.50,5.2 1 1
github.com/fall_out_bug/sdp-trace/cmd/sdp-trace/wrap_409_rundryrun.go:8.80,10.2 1 1
github.com/fall_out_bug/sdp-trace/cmd/sdp-trace/wrap_410_runpreview.go:8.81,10.2 1 1
github.com/fall_out_bug/sdp-trace/cmd/sdp-trace/wrap_411_runpreviewcommand.go:7.95,8.18 1 1
github.com/fall_out_bug/sdp-trace/cmd/sdp-trace/wrap_411_runpreviewcommand.go:8.18,11.3 2 0
github.com/fall_out_bug/sdp-trace/cmd/sdp-trace/wrap_411_runpreviewcommand.go:14.2,15.9 2 1
github.com/fall_out_bug/sdp-trace/cmd/sdp-trace/wrap_411_runpreviewcommand.go:15.9,17.3 1 0
github.com/fall_out_bug/sdp-trace/cmd/sdp-trace/wrap_411_runpreviewcommand.go:21.2,22.9 2 1
github.com/fall_out_bug/sdp-trace/cmd/sdp-trace/wrap_411_runpreviewcommand.go:22.9,24.3 1 0
github.com/fall_out_bug/sdp-trace/cmd/sdp-trace/wrap_411_runpreviewcommand.go:25.2,27.10 3 1
github.com/fall_out_bug/sdp-trace/cmd/sdp-trace/wrap_412_writepreviewcommandpayload.go:9.75,13.2 2 1
github.com/fall_out_bug/sdp-trace/cmd/sdp-trace/wrap_413_previewcommandpayload.go:7.99,20.2 1 1
github.com/fall_out_bug/sdp-trace/cmd/sdp-trace/wrap_414_parsepreviewcommandargs.go:8.115,15.41 5 1
github.com/fall_out_bug/sdp-trace/cmd/sdp-trace/wrap_414_parsepreviewcommandargs.go:15.41,17.3 1 1
github.com/fall_out_bug/sdp-trace/cmd/sdp-trace/wrap_414_parsepreviewcommandargs.go:20.2,21.23 2 1
github.com/fall_out_bug/sdp-trace/cmd/sdp-trace/wrap_414_parsepreviewcommandargs.go:21.23,25.3 2 1
github.com/fall_out_bug/sdp-trace/cmd/sdp-trace/wrap_414_parsepreviewcommandargs.go:26.2,26.35 1 1
github.com/fall_out_bug/sdp-trace/cmd/sdp-trace/wrap_414_parsepreviewcommandargs.go:26.35,31.3 2 1
github.com/fall_out_bug/sdp-trace/cmd/sdp-trace/wrap_414_parsepreviewcommandargs.go:36.2,36.31 1 1
github.com/fall_out_bug/sdp-trace/cmd/sdp-trace/wrap_415_loadpreviewcontract.go:10.107,13.24 3 1
github.com/fall_out_bug/sdp-trace/cmd/sdp-trace/wrap_415_loadpreviewcontract.go:13.24,17.17 2 1
github.com/fall_out_bug/sdp-trace/cmd/sdp-trace/wrap_415_loadpreviewcontract.go:17.17,20.4 2 0
github.com/fall_out_bug/sdp-trace/cmd/sdp-trace/wrap_415_loadpreviewcontract.go:21.3,21.20 1 1
github.com/fall_out_bug/sdp-trace/cmd/sdp-trace/wrap_415_loadpreviewcontract.go:23.2,23.26 1 1
github.com/fall_out_bug/sdp-trace/tools/doccheck/compare.go:8.52,15.42 5 1
github.com/fall_out_bug/sdp-trace/tools/doccheck/compare.go:15.42,17.3 1 1
github.com/fall_out_bug/sdp-trace/tools/doccheck/compare.go:18.2,18.102 1 1
github.com/fall_out_bug/sdp-trace/tools/doccheck/compare.go:21.58,25.22 2 1
github.com/fall_out_bug/sdp-trace/tools/doccheck/compare.go:25.22,27.3 1 1
github.com/fall_out_bug/sdp-trace/tools/doccheck/compare.go:28.2,28.20 1 1
github.com/fall_out_bug/sdp-trace/tools/doccheck/compare.go:28.20,30.3 1 1
github.com/fall_out_bug/sdp-trace/tools/doccheck/compare.go:31.2,31.35 1 1
github.com/fall_out_bug/sdp-trace/tools/doccheck/document.go:5.46,10.52 3 1
github.com/fall_out_bug/sdp-trace/tools/doccheck/document.go:10.52,12.81 2 1
github.com/fall_out_bug/sdp-trace/tools/doccheck/document.go:12.81,13.12 1 1
github.com/fall_out_bug/sdp-trace/tools/doccheck/document.go:15.3,15.88 1 1
github.com/fall_out_bug/sdp-trace/tools/doccheck/document.go:17.2,17.31 1 1
github.com/fall_out_bug/sdp-trace/tools/doccheck/document.go:20.47,24.9 2 1
github.com/fall_out_bug/sdp-trace/tools/doccheck/document.go:24.9,26.3 1 0
github.com/fall_out_bug/sdp-trace/tools/doccheck/document.go:27.2,28.9 2 1
github.com/fall_out_bug/sdp-trace/tools/doccheck/document.go:28.9,30.3 1 0
github.com/fall_out_bug/sdp-trace/tools/doccheck/document.go:31.2,31.15 1 1
github.com/fall_out_bug/sdp-trace/tools/doccheck/help.go:12.36,22.16 6 1
github.com/fall_out_bug/sdp-trace/tools/doccheck/help.go:22.16,24.3 1 0
github.com/fall_out_bug/sdp-trace/tools/doccheck/help.go:25.2,25.28 1 1
github.com/fall_out_bug/sdp-trace/tools/doccheck/help.go:28.24,33.9 2 1
github.com/fall_out_bug/sdp-trace/tools/doccheck/help.go:33.9,35.3 1 0
github.com/fall_out_bug/sdp-trace/tools/doccheck/help.go:36.2,36.70 1 1
github.com/fall_out_bug/sdp-trace/tools/doccheck/help.go:39.41,43.49 2 1
github.com/fall_out_bug/sdp-trace/tools/doccheck/help.go:43.49,44.46 1 1
github.com/fall_out_bug/sdp-trace/tools/doccheck/help.go:44.46,46.4 1 1
github.com/fall_out_bug/sdp-trace/tools/doccheck/help.go:48.2,48.31 1 1
github.com/fall_out_bug/sdp-trace/tools/doccheck/main.go:12.13,14.2 1 0
github.com/fall_out_bug/sdp-trace/tools/doccheck/main.go:16.48,19.16 1 1
github.com/fall_out_bug/sdp-trace/tools/doccheck/main.go:19.16,21.3 1 1
github.com/fall_out_bug/sdp-trace/tools/doccheck/main.go:22.2,23.10 2 1
github.com/fall_out_bug/sdp-trace/tools/doccheck/main.go:26.18,30.16 2 1
github.com/fall_out_bug/sdp-trace/tools/doccheck/main.go:30.16,32.3 1 0
github.com/fall_out_bug/sdp-trace/tools/doccheck/main.go:33.2,35.16 3 1
github.com/fall_out_bug/sdp-trace/tools/doccheck/main.go:35.16,37.3 1 0
github.com/fall_out_bug/sdp-trace/tools/doccheck/main.go:38.2,39.60 2 1
github.com/fall_out_bug/sdp-trace/tools/doccheck/main.go:39.60,41.3 1 0
github.com/fall_out_bug/sdp-trace/tools/doccheck/main.go:42.2,42.40 1 1
github.com/fall_out_bug/sdp-trace/tools/doccheck/registry.go:12.41,14.16 2 1
github.com/fall_out_bug/sdp-trace/tools/doccheck/registry.go:14.16,16.3 1 0
github.com/fall_out_bug/sdp-trace/tools/doccheck/registry.go:17.2,17.30 1 1
github.com/fall_out_bug/sdp-trace/tools/doccheck/registry.go:20.42,26.16 6 1
github.com/fall_out_bug/sdp-trace/tools/doccheck/registry.go:26.16,28.3 1 0
github.com/fall_out_bug/sdp-trace/tools/doccheck/registry.go:29.2,29.20 1 1
github.com/fall_out_bug/sdp-trace/tools/doccheck/registry.go:32.53,39.57 2 1
github.com/fall_out_bug/sdp-trace/tools/doccheck/registry.go:39.57,41.3 1 0
github.com/fall_out_bug/sdp-trace/tools/doccheck/registry.go:42.2,43.39 2 1
github.com/fall_out_bug/sdp-trace/tools/doccheck/registry.go:43.39,46.3 2 1
github.com/fall_out_bug/sdp-trace/tools/doccheck/registry.go:47.2,47.38 1 1
github.com/fall_out_bug/sdp-trace/tools/doccheck/registry.go:50.53,51.17 1 1
github.com/fall_out_bug/sdp-trace/tools/doccheck/registry.go:51.17,53.3 1 1
github.com/fall_out_bug/sdp-trace/tools/doccheck/registry.go:56.57,57.27 1 1
github.com/fall_out_bug/sdp-trace/tools/doccheck/registry.go:57.27,59.3 1 1
github.com/fall_out_bug/sdp-trace/tools/doccheck/registry.go:62.51,64.19 2 1
github.com/fall_out_bug/sdp-trace/tools/doccheck/registry.go:64.19,66.3 1 1
github.com/fall_out_bug/sdp-trace/tools/doccheck/registry.go:67.2,68.13 2 1
github.com/fall_out_bug/sdp-trace/tools/doccheck/registry.go:71.48,73.16 2 1
github.com/fall_out_bug/sdp-trace/tools/doccheck/registry.go:73.16,75.3 1 0
github.com/fall_out_bug/sdp-trace/tools/doccheck/registry.go:76.2,80.42 5 1
github.com/fall_out_bug/sdp-trace/tools/doccheck/registry.go:80.42,82.3 1 1
github.com/fall_out_bug/sdp-trace/tools/doccheck/registry.go:83.2,83.83 1 1
github.com/fall_out_bug/sdp-trace/tools/doccheck/registry.go:86.51,88.22 2 1
github.com/fall_out_bug/sdp-trace/tools/doccheck/registry.go:88.22,90.3 1 1
github.com/fall_out_bug/sdp-trace/tools/doccheck/registry.go:91.2,91.12 1 1
github.com/fall_out_bug/sdp-trace/tools/doccheck/registry.go:94.91,96.26 2 1
github.com/fall_out_bug/sdp-trace/tools/doccheck/registry.go:96.26,97.16 1 1
github.com/fall_out_bug/sdp-trace/tools/doccheck/registry.go:97.16,98.12 1 1
github.com/fall_out_bug/sdp-trace/tools/doccheck/registry.go:100.3,100.14 1 1
github.com/fall_out_bug/sdp-trace/tools/doccheck/registry.go:100.14,102.4 1 1
github.com/fall_out_bug/sdp-trace/tools/doccheck/registry.go:104.2,104.13 1 1
github.com/fall_out_bug/sdp-trace/tools/doccheck/registry.go:107.56,110.29 3 1
github.com/fall_out_bug/sdp-trace/tools/doccheck/registry.go:110.29,111.17 1 1
github.com/fall_out_bug/sdp-trace/tools/doccheck/registry.go:111.17,113.4 1 1
github.com/fall_out_bug/sdp-trace/tools/doccheck/registry.go:115.2,115.16 1 1
github.com/fall_out_bug/sdp-trace/tools/doccheck/set.go:5.58,9.33 2 1
github.com/fall_out_bug/sdp-trace/tools/doccheck/set.go:9.33,11.3 1 1
github.com/fall_out_bug/sdp-trace/tools/doccheck/set.go:12.2,13.35 2 1
github.com/fall_out_bug/sdp-trace/tools/doccheck/set.go:13.35,14.26 1 1
github.com/fall_out_bug/sdp-trace/tools/doccheck/set.go:14.26,16.4 1 1
github.com/fall_out_bug/sdp-trace/tools/doccheck/set.go:18.2,18.16 1 1
github.com/fall_out_bug/sdp-trace/tools/doccheck/set.go:21.45,26.31 3 1
github.com/fall_out_bug/sdp-trace/tools/doccheck/set.go:26.31,27.33 1 1
github.com/fall_out_bug/sdp-trace/tools/doccheck/set.go:27.33,28.12 1 0
github.com/fall_out_bug/sdp-trace/tools/doccheck/set.go:30.3,31.33 2 1
github.com/fall_out_bug/sdp-trace/tools/doccheck/set.go:33.2,34.15 2 1
